/**
 * @file generated/shader_twin_blobs.hpp
 * @brief GENERATED by scripts/build_shader_twins.py from the game's Engine/ShadersBin.pak; do not edit.
 *
 * TPVCamera's shader twins, as tokenized shader binaries for the user shader cache: the close-up fade twins
 * of the stock Eye, Hair and Illum shaders, copies whose forward pixel shaders apply the dissolve, with the
 * stock includes. Each name ends with the file's own header CRC.
 */
#ifndef TPVCAMERA_GENERATED_SHADER_TWIN_BLOBS_HPP
#define TPVCAMERA_GENERATED_SHADER_TWIN_BLOBS_HPP

#include <cstddef>
#include <cstdint>

namespace TPVCamera::shader_twin_blobs
{
    struct Blob
    {
        const char *file_name; // lower-case file name for the user shader cache dir
        const unsigned char *data;
        std::size_t size;
    };

    /** @brief A stock shader the mod copies, and its twin. A source name has one twin at most. */
    struct Twin
    {
        const char *label;        // the kind's name, for logs
        const char *source_name;  // the stock shader's name, whose .ext the twin's gen flags come from
        const char *twin_name;    // the twin's shader name for CShaderMan::mfForName
        const char *source_file;  // the stock binary in ShadersBin.pak the twin was spliced from
        std::uint32_t source_crc; // its header CRC, which covers all of its includes
        bool transparent_only;    // only an item whose opacity is below 1 swaps to it
    };

    // Every file the DLL writes starts with this; files with this prefix and another name are stale and deleted.
    inline constexpr char k_file_prefix[] = "tpvcamera_";
    // The DLL compares each source CRC with the live ShadersBin.pak copy: a changed source turns its twin off.
    inline constexpr Twin k_twins[] = {
        {"Eye", "Eye", "TPVCamera_Eye_ab29c8ee", "eye.cfxb", 0x1690FCCD, false},
        {"Hair", "Hair", "TPVCamera_Hair_72074c2c", "hair.cfxb", 0xA9F62934, false},
        {"IllumFade", "Illum", "TPVCamera_IllumFade_6e839baa", "illum.cfxb", 0x8DF2D3B2, true},
    };

    // clang-format off
    // tpvcamera_eye_ab29c8ee.cfxb: 16574 bytes, 3086 tokens, crc 0xAB29C8EE
    inline constexpr unsigned char k_blob0[] = {
        0x46, 0x58, 0x42, 0x30, 0xEE, 0xC8, 0x29, 0xAB, 0x03, 0x00, 0x04, 0x00, 0x54, 0x30, 0x00, 0x00,
        0xBE, 0x40, 0x00, 0x00, 0x0E, 0x0C, 0x00, 0x00, 0x00, 0x00, 0x00, 0x00, 0x01, 0x00, 0x00, 0x00,
        0x67, 0x75, 0x40, 0xE2, 0x02, 0x00, 0x00, 0x00, 0x48, 0x1A, 0xCC, 0x10, 0x00, 0x00, 0x00, 0x00,
        0x53, 0x00, 0x00, 0x00, 0x0A, 0x01, 0x00, 0x00, 0x24, 0x00, 0x00, 0x00, 0xE8, 0x00, 0x00, 0x00,
        0x20, 0x00, 0x00, 0x00, 0xEA, 0x00, 0x00, 0x00, 0x0A, 0x01, 0x00, 0x00, 0x2A, 0x00, 0x00, 0x00,
        0x27, 0x00, 0x00, 0x00, 0x7B, 0x01, 0x00, 0x00, 0x25, 0x00, 0x00, 0x00, 0x27, 0x00, 0x00, 0x00,
        0x27, 0x00, 0x00, 0x00, 0x7F, 0x01, 0x00, 0x00, 0x25, 0x00, 0x00, 0x00, 0x27, 0x00, 0x00, 0x00,
        0x06, 0x00, 0x00, 0x00, 0x9B, 0xBE, 0x5E, 0xFF, 0x27, 0x00, 0x00, 0x00, 0x35, 0x02, 0x00, 0x00,
        0x25, 0x00, 0x00, 0x00, 0x27, 0x00, 0x00, 0x00, 0x0E, 0x00, 0x00, 0x00, 0x06, 0x00, 0x00, 0x00,
        0x0D, 0x92, 0x91, 0x83, 0x27, 0x00, 0x00, 0x00, 0xA7, 0x01, 0x00, 0x00, 0x25, 0x00, 0x00, 0x00,
        0x27, 0x00, 0x00, 0x00, 0x0C, 0x00, 0x00, 0x00, 0xEC, 0x20, 0xA5, 0x7F, 0x27, 0x00, 0x00, 0x00,
        0x8C, 0x01, 0x00, 0x00, 0x25, 0x00, 0x00, 0x00, 0x27, 0x00, 0x00, 0x00, 0x0F, 0x00, 0x00, 0x00,
        0x27, 0x00, 0x00, 0x00, 0x89, 0x01, 0x00, 0x00, 0x25, 0x00, 0x00, 0x00, 0x27, 0x00, 0x00, 0x00,
        0x27, 0x00, 0x00, 0x00, 0x81, 0x01, 0x00, 0x00, 0x25, 0x00, 0x00, 0x00, 0x27, 0x00, 0x00, 0x00,
        0x0E, 0x00, 0x00, 0x00, 0x27, 0x00, 0x00, 0x00, 0x79, 0x01, 0x00, 0x00, 0x2A, 0x00, 0x00, 0x00,
        0x9A, 0x01, 0x00, 0x00, 0x25, 0x00, 0x00, 0x00, 0x27, 0x00, 0x00, 0x00, 0x27, 0x00, 0x00, 0x00,
        0x78, 0x01, 0x00, 0x00, 0x2A, 0x00, 0x00, 0x00, 0x9D, 0x01, 0x00, 0x00, 0x25, 0x00, 0x00, 0x00,
        0x27, 0x00, 0x00, 0x00, 0x06, 0x00, 0x00, 0x00, 0x48, 0x1A, 0xCC, 0x10, 0x27, 0x00, 0x00, 0x00,
        0x96, 0x01, 0x00, 0x00, 0x27, 0x00, 0x00, 0x00, 0x0E, 0x00, 0x00, 0x00, 0x21, 0x00, 0x00, 0x00,
        0x25, 0x00, 0x00, 0x00, 0x8E, 0x00, 0x00, 0x00, 0x48, 0x84, 0xF8, 0x06, 0x1E, 0x00, 0x00, 0x00,
        0x5A, 0x00, 0x00, 0x00, 0xCB, 0x99, 0x26, 0x41, 0x25, 0x00, 0x00, 0x00, 0x54, 0x00, 0x00, 0x00,
        0xCC, 0xDF, 0x38, 0x56, 0x25, 0x00, 0x00, 0x00, 0x56, 0x00, 0x00, 0x00, 0x54, 0x05, 0xA0, 0x01,
        0x25, 0x00, 0x00, 0x00, 0x55, 0x00, 0x00, 0x00, 0x05, 0x30, 0x09, 0xA3, 0x25, 0x00, 0x00, 0x00,
        0x55, 0x00, 0x00, 0x00, 0x29, 0xF6, 0xA0, 0x19, 0x25, 0x00, 0x00, 0x00, 0x55, 0x00, 0x00, 0x00,
        0x9F, 0xE3, 0xB5, 0x1E, 0x25, 0x00, 0x00, 0x00, 0x53, 0x00, 0x00, 0x00, 0x64, 0xD2, 0xE1, 0xBE,
        0x25, 0x00, 0x00, 0x00, 0x1F, 0x00, 0x00, 0x00, 0x25, 0x00, 0x00, 0x00, 0x01, 0x00, 0x00, 0x00,
        0x8B, 0x5A, 0xA5, 0x87, 0x01, 0x00, 0x00, 0x00, 0xB3, 0x87, 0x33, 0xCB, 0x01, 0x00, 0x00, 0x00,
        0x1D, 0xFD, 0xBA, 0x8C, 0x48, 0x00, 0x00, 0x00, 0x20, 0x00, 0x00, 0x00, 0x54, 0x00, 0x00, 0x00,
        0x21, 0x00, 0x00, 0x00, 0x84, 0x83, 0x5B, 0x7F, 0x24, 0x00, 0x00, 0x00, 0xD7, 0x00, 0x00, 0x00,
        0x1A, 0x00, 0x00, 0x00, 0x53, 0xEA, 0x4D, 0x46, 0x1B, 0x00, 0x00, 0x00, 0x25, 0x00, 0x00, 0x00,
        0x7A, 0x78, 0xE4, 0x78, 0x48, 0x00, 0x00, 0x00, 0x96, 0xB3, 0x59, 0x2A, 0x24, 0x00, 0x00, 0x00,
        0xD7, 0x00, 0x00, 0x00, 0x1A, 0x00, 0x00, 0x00, 0x4F, 0x02, 0x00, 0x00, 0x1B, 0x00, 0x00, 0x00,
        0x20, 0x00, 0x00, 0x00, 0xEB, 0x00, 0x00, 0x00, 0x2A, 0x00, 0x00, 0x00, 0x27, 0x00, 0x00, 0x00,
        0xEC, 0x79, 0x2C, 0x82, 0xC7, 0x81, 0x35, 0xC2, 0x5B, 0xEC, 0xE0, 0xAB, 0x27, 0x00, 0x00, 0x00,
        0x25, 0x00, 0x00, 0x00, 0xEC, 0x00, 0x00, 0x00, 0x2A, 0x00, 0x00, 0x00, 0x27, 0x00, 0x00, 0x00,
        0xC7, 0x81, 0x35, 0xC2, 0xBB, 0xAA, 0xAD, 0x93, 0xF8, 0x09, 0x75, 0xEF, 0xE6, 0x6D, 0x45, 0x3C,
        0xDA, 0x7C, 0x80, 0x85, 0x27, 0x00, 0x00, 0x00, 0x25, 0x00, 0x00, 0x00, 0x21, 0x00, 0x00, 0x00,
        0x2A, 0x00, 0x00, 0x00, 0xB8, 0xF8, 0x58, 0xED, 0x25, 0x00, 0x00, 0x00, 0x4B, 0x00, 0x00, 0x00,
        0x20, 0x00, 0x00, 0x00, 0x56, 0x00, 0x00, 0x00, 0x21, 0x00, 0x00, 0x00, 0x74, 0xF9, 0x68, 0x2C,
        0x24, 0x00, 0x00, 0x00, 0xD7, 0x00, 0x00, 0x00, 0x1A, 0x00, 0x00, 0x00, 0x30, 0xC4, 0xD0, 0x70,
        0x1B, 0x00, 0x00, 0x00, 0x2A, 0x00, 0x00, 0x00, 0x1D, 0x5E, 0x8D, 0xFC, 0x25, 0x00, 0x00, 0x00,
        0x06, 0x00, 0x00, 0x00, 0x26, 0x00, 0x00, 0x00, 0x0D, 0x92, 0x91, 0x83, 0x11, 0x00, 0x00, 0x00,
        0x11, 0x00, 0x00, 0x00, 0x26, 0x00, 0x00, 0x00, 0xEC, 0x20, 0xA5, 0x7F, 0x53, 0x00, 0x00, 0x00,
        0x36, 0x85, 0x95, 0x14, 0x20, 0x00, 0x00, 0x00, 0xD7, 0x00, 0x00, 0x00, 0x2A, 0x00, 0x00, 0x00,
        0x89, 0x5C, 0x1C, 0xE7, 0x23, 0x00, 0x00, 0x00, 0x0F, 0x02, 0x00, 0x00, 0x25, 0x00, 0x00, 0x00,
        0xEA, 0x00, 0x00, 0x00, 0x51, 0x2E, 0x93, 0x31, 0x2A, 0x00, 0x00, 0x00, 0x27, 0x00, 0x00, 0x00,
        0x3C, 0x63, 0x59, 0xDE, 0xC3, 0x2B, 0x2C, 0x4D, 0x69, 0x1C, 0xA3, 0xFA, 0x27, 0x00, 0x00, 0x00,
        0x25, 0x00, 0x00, 0x00, 0xEA, 0x00, 0x00, 0x00, 0xEB, 0x00, 0x00, 0x00, 0x2A, 0x00, 0x00, 0x00,
        0x27, 0x00, 0x00, 0x00, 0xFD, 0x84, 0x1E, 0xED, 0x32, 0x01, 0x00, 0x00, 0x27, 0x00, 0x00, 0x00,
        0x25, 0x00, 0x00, 0x00, 0xEA, 0x00, 0x00, 0x00, 0xED, 0x00, 0x00, 0x00, 0x2A, 0x00, 0x00, 0x00,
        0x27, 0x00, 0x00, 0x00, 0x07, 0x10, 0xC7, 0xCF, 0x27, 0x00, 0x00, 0x00, 0x25, 0x00, 0x00, 0x00,
        0x53, 0x00, 0x00, 0x00, 0x33, 0x22, 0xBA, 0xB6, 0x2A, 0x00, 0x00, 0x00, 0x19, 0x02, 0x00, 0x00,
        0x23, 0x00, 0x00, 0x00, 0x19, 0x02, 0x00, 0x00, 0x25, 0x00, 0x00, 0x00, 0x53, 0x00, 0x00, 0x00,
        0x6A, 0x1D, 0xB7, 0x8A, 0x2A, 0x00, 0x00, 0x00, 0x19, 0x02, 0x00, 0x00, 0x23, 0x00, 0x00, 0x00,
        0x1A, 0x02, 0x00, 0x00, 0x25, 0x00, 0x00, 0x00, 0x53, 0x00, 0x00, 0x00, 0xC1, 0x8C, 0xAD, 0x7A,
        0x2A, 0x00, 0x00, 0x00, 0x19, 0x02, 0x00, 0x00, 0x23, 0x00, 0x00, 0x00, 0x4B, 0x0A, 0xB2, 0x55,
        0x25, 0x00, 0x00, 0x00, 0x21, 0x00, 0x00, 0x00, 0x2A, 0x00, 0x00, 0x00, 0x19, 0x02, 0x00, 0x00,
        0x23, 0x00, 0x00, 0x00, 0x52, 0xCE, 0xDF, 0x52, 0x25, 0x00, 0x00, 0x00, 0x53, 0x00, 0x00, 0x00,
        0xC4, 0xCB, 0x1B, 0xEA, 0x20, 0x00, 0x00, 0x00, 0xD7, 0x00, 0x00, 0x00, 0x2A, 0x00, 0x00, 0x00,
        0x89, 0x5C, 0x1C, 0xE7, 0x23, 0x00, 0x00, 0x00, 0x10, 0x02, 0x00, 0x00, 0x25, 0x00, 0x00, 0x00,
        0xEA, 0x00, 0x00, 0x00, 0x51, 0x2E, 0x93, 0x31, 0x2A, 0x00, 0x00, 0x00, 0x27, 0x00, 0x00, 0x00,
        0x16, 0xFB, 0xFB, 0x47, 0xE6, 0x6D, 0x45, 0x3C, 0xA1, 0x36, 0x23, 0xF7, 0x11, 0x22, 0x85, 0xF0,
        0x42, 0x70, 0xA1, 0x8E, 0xF8, 0x09, 0x75, 0xEF, 0xE6, 0x6D, 0x45, 0x3C, 0x9B, 0xD8, 0xB6, 0xFA,
        0x27, 0x00, 0x00, 0x00, 0x25, 0x00, 0x00, 0x00, 0xEA, 0x00, 0x00, 0x00, 0xEB, 0x00, 0x00, 0x00,
        0x2A, 0x00, 0x00, 0x00, 0x27, 0x00, 0x00, 0x00, 0xAD, 0xDD, 0x1A, 0xFD, 0x22, 0x47, 0x4F, 0xF2,
        0x27, 0x00, 0x00, 0x00, 0x25, 0x00, 0x00, 0x00, 0xEA, 0x00, 0x00, 0x00, 0xED, 0x00, 0x00, 0x00,
        0x2A, 0x00, 0x00, 0x00, 0x27, 0x00, 0x00, 0x00, 0x07, 0x10, 0xC7, 0xCF, 0x27, 0x00, 0x00, 0x00,
        0x25, 0x00, 0x00, 0x00, 0x53, 0x00, 0x00, 0x00, 0x33, 0x22, 0xBA, 0xB6, 0x2A, 0x00, 0x00, 0x00,
        0x19, 0x02, 0x00, 0x00, 0x23, 0x00, 0x00, 0x00, 0x19, 0x02, 0x00, 0x00, 0x25, 0x00, 0x00, 0x00,
        0x53, 0x00, 0x00, 0x00, 0x6A, 0x1D, 0xB7, 0x8A, 0x2A, 0x00, 0x00, 0x00, 0x1A, 0x02, 0x00, 0x00,
        0x23, 0x00, 0x00, 0x00, 0x19, 0x02, 0x00, 0x00, 0x25, 0x00, 0x00, 0x00, 0x53, 0x00, 0x00, 0x00,
        0xC1, 0x8C, 0xAD, 0x7A, 0x2A, 0x00, 0x00, 0x00, 0x19, 0x02, 0x00, 0x00, 0x23, 0x00, 0x00, 0x00,
        0x52, 0xCE, 0xDF, 0x52, 0x25, 0x00, 0x00, 0x00, 0x21, 0x00, 0x00, 0x00, 0x2A, 0x00, 0x00, 0x00,
        0x19, 0x02, 0x00, 0x00, 0x23, 0x00, 0x00, 0x00, 0x1D, 0x02, 0x00, 0x00, 0x25, 0x00, 0x00, 0x00,
        0x53, 0x00, 0x00, 0x00, 0x60, 0xC7, 0xB3, 0xEA, 0x20, 0x00, 0x00, 0x00, 0xD7, 0x00, 0x00, 0x00,
        0x2A, 0x00, 0x00, 0x00, 0x89, 0x5C, 0x1C, 0xE7, 0x23, 0x00, 0x00, 0x00, 0x11, 0x02, 0x00, 0x00,
        0x25, 0x00, 0x00, 0x00, 0xEA, 0x00, 0x00, 0x00, 0x51, 0x2E, 0x93, 0x31, 0x2A, 0x00, 0x00, 0x00,
        0x27, 0x00, 0x00, 0x00, 0x16, 0xFB, 0xFB, 0x47, 0xE6, 0x6D, 0x45, 0x3C, 0xA1, 0x36, 0x23, 0xF7,
        0x11, 0x22, 0x85, 0xF0, 0x42, 0x70, 0xA1, 0x8E, 0xF8, 0x09, 0x75, 0xEF, 0xE6, 0x6D, 0x45, 0x3C,
        0xC3, 0x2B, 0x2C, 0x4D, 0x27, 0x00, 0x00, 0x00, 0x25, 0x00, 0x00, 0x00, 0xEA, 0x00, 0x00, 0x00,
        0xEB, 0x00, 0x00, 0x00, 0x2A, 0x00, 0x00, 0x00, 0x27, 0x00, 0x00, 0x00, 0xFD, 0x84, 0x1E, 0xED,
        0x22, 0x47, 0x4F, 0xF2, 0x27, 0x00, 0x00, 0x00, 0x25, 0x00, 0x00, 0x00, 0xEA, 0x00, 0x00, 0x00,
        0xED, 0x00, 0x00, 0x00, 0x2A, 0x00, 0x00, 0x00, 0x27, 0x00, 0x00, 0x00, 0x07, 0x10, 0xC7, 0xCF,
        0x27, 0x00, 0x00, 0x00, 0x25, 0x00, 0x00, 0x00, 0x53, 0x00, 0x00, 0x00, 0x33, 0x22, 0xBA, 0xB6,
        0x2A, 0x00, 0x00, 0x00, 0x19, 0x02, 0x00, 0x00, 0x23, 0x00, 0x00, 0x00, 0x19, 0x02, 0x00, 0x00,
        0x25, 0x00, 0x00, 0x00, 0x53, 0x00, 0x00, 0x00, 0x6A, 0x1D, 0xB7, 0x8A, 0x2A, 0x00, 0x00, 0x00,
        0x1B, 0x02, 0x00, 0x00, 0x23, 0x00, 0x00, 0x00, 0x19, 0x02, 0x00, 0x00, 0x25, 0x00, 0x00, 0x00,
        0x53, 0x00, 0x00, 0x00, 0xC1, 0x8C, 0xAD, 0x7A, 0x2A, 0x00, 0x00, 0x00, 0x19, 0x02, 0x00, 0x00,
        0x23, 0x00, 0x00, 0x00, 0x52, 0xCE, 0xDF, 0x52, 0x25, 0x00, 0x00, 0x00, 0x21, 0x00, 0x00, 0x00,
        0x2A, 0x00, 0x00, 0x00, 0x19, 0x02, 0x00, 0x00, 0x23, 0x00, 0x00, 0x00, 0x1F, 0x02, 0x00, 0x00,
        0x25, 0x00, 0x00, 0x00, 0x53, 0x00, 0x00, 0x00, 0xE8, 0xA2, 0xAB, 0xBF, 0x20, 0x00, 0x00, 0x00,
        0xD7, 0x00, 0x00, 0x00, 0x2A, 0x00, 0x00, 0x00, 0x89, 0x5C, 0x1C, 0xE7, 0x23, 0x00, 0x00, 0x00,
        0x12, 0x02, 0x00, 0x00, 0x25, 0x00, 0x00, 0x00, 0xEA, 0x00, 0x00, 0x00, 0x51, 0x2E, 0x93, 0x31,
        0x2A, 0x00, 0x00, 0x00, 0x27, 0x00, 0x00, 0x00, 0x8E, 0x83, 0xCF, 0x2F, 0xFA, 0xA1, 0x6D, 0x07,
        0x69, 0x60, 0xA9, 0x10, 0xC8, 0x29, 0xB6, 0x09, 0x13, 0xEA, 0x45, 0x75, 0x8A, 0x0B, 0x26, 0x72,
        0x4E, 0x8E, 0xEC, 0x5F, 0xE6, 0x6D, 0x45, 0x3C, 0xC3, 0x2B, 0x2C, 0x4D, 0x27, 0x00, 0x00, 0x00,
        0x25, 0x00, 0x00, 0x00, 0xEA, 0x00, 0x00, 0x00, 0xEB, 0x00, 0x00, 0x00, 0x2A, 0x00, 0x00, 0x00,
        0x27, 0x00, 0x00, 0x00, 0xFD, 0x84, 0x1E, 0xED, 0xCA, 0xE2, 0x58, 0x92, 0x27, 0x00, 0x00, 0x00,
        0x25, 0x00, 0x00, 0x00, 0xEA, 0x00, 0x00, 0x00, 0xED, 0x00, 0x00, 0x00, 0x2A, 0x00, 0x00, 0x00,
        0x27, 0x00, 0x00, 0x00, 0x07, 0x10, 0xC7, 0xCF, 0x27, 0x00, 0x00, 0x00, 0x25, 0x00, 0x00, 0x00,
        0x53, 0x00, 0x00, 0x00, 0x33, 0x22, 0xBA, 0xB6, 0x2A, 0x00, 0x00, 0x00, 0x19, 0x02, 0x00, 0x00,
        0x23, 0x00, 0x00, 0x00, 0x19, 0x02, 0x00, 0x00, 0x25, 0x00, 0x00, 0x00, 0x53, 0x00, 0x00, 0x00,
        0x6A, 0x1D, 0xB7, 0x8A, 0x2A, 0x00, 0x00, 0x00, 0x28, 0x02, 0x00, 0x00, 0x23, 0x00, 0x00, 0x00,
        0x19, 0x02, 0x00, 0x00, 0x25, 0x00, 0x00, 0x00, 0x53, 0x00, 0x00, 0x00, 0xC1, 0x8C, 0xAD, 0x7A,
        0x2A, 0x00, 0x00, 0x00, 0x19, 0x02, 0x00, 0x00, 0x23, 0x00, 0x00, 0x00, 0x1A, 0x02, 0x00, 0x00,
        0x25, 0x00, 0x00, 0x00, 0x21, 0x00, 0x00, 0x00, 0x2A, 0x00, 0x00, 0x00, 0x1E, 0x02, 0x00, 0x00,
        0x23, 0x00, 0x00, 0x00, 0x19, 0x02, 0x00, 0x00, 0x25, 0x00, 0x00, 0x00, 0x56, 0x00, 0x00, 0x00,
        0xB6, 0xD1, 0x60, 0x88, 0x20, 0x00, 0x00, 0x00, 0xD7, 0x00, 0x00, 0x00, 0x2A, 0x00, 0x00, 0x00,
        0x1F, 0x6C, 0x1B, 0x90, 0x25, 0x00, 0x00, 0x00, 0xEA, 0x00, 0x00, 0x00, 0x51, 0x2E, 0x93, 0x31,
        0x2A, 0x00, 0x00, 0x00, 0x27, 0x00, 0x00, 0x00, 0x21, 0x81, 0x38, 0x27, 0xC3, 0x2B, 0x2C, 0x4D,
        0xE5, 0x00, 0x00, 0x00, 0x27, 0x00, 0x00, 0x00, 0x25, 0x00, 0x00, 0x00, 0xEA, 0x00, 0x00, 0x00,
        0xEB, 0x00, 0x00, 0x00, 0x2A, 0x00, 0x00, 0x00, 0x27, 0x00, 0x00, 0x00, 0xFD, 0x84, 0x1E, 0xED,
        0x31, 0x01, 0x00, 0x00, 0x27, 0x00, 0x00, 0x00, 0x25, 0x00, 0x00, 0x00, 0xEA, 0x00, 0x00, 0x00,
        0xED, 0x00, 0x00, 0x00, 0x2A, 0x00, 0x00, 0x00, 0x27, 0x00, 0x00, 0x00, 0xE5, 0x00, 0x00, 0x00,
        0x27, 0x00, 0x00, 0x00, 0x25, 0x00, 0x00, 0x00, 0x21, 0x00, 0x00, 0x00, 0x2A, 0x00, 0x00, 0x00,
        0x1E, 0x00, 0x00, 0x00, 0x19, 0x02, 0x00, 0x00, 0x23, 0x00, 0x00, 0x00, 0x1E, 0x02, 0x00, 0x00,
        0x22, 0x00, 0x00, 0x00, 0x19, 0x02, 0x00, 0x00, 0x23, 0x00, 0x00, 0x00, 0x1E, 0x02, 0x00, 0x00,
        0x22, 0x00, 0x00, 0x00, 0x19, 0x02, 0x00, 0x00, 0x23, 0x00, 0x00, 0x00, 0x1E, 0x02, 0x00, 0x00,
        0x22, 0x00, 0x00, 0x00, 0x1A, 0x02, 0x00, 0x00, 0x23, 0x00, 0x00, 0x00, 0x19, 0x02, 0x00, 0x00,
        0x1F, 0x00, 0x00, 0x00, 0x25, 0x00, 0x00, 0x00, 0x53, 0x00, 0x00, 0x00, 0x54, 0xAB, 0x6C, 0x13,
        0x20, 0x00, 0x00, 0x00, 0xD7, 0x00, 0x00, 0x00, 0x2A, 0x00, 0x00, 0x00, 0xA5, 0x3D, 0x12, 0x09,
        0x23, 0x00, 0x00, 0x00, 0x0F, 0x02, 0x00, 0x00, 0x25, 0x00, 0x00, 0x00, 0xEA, 0x00, 0x00, 0x00,
        0x51, 0x2E, 0x93, 0x31, 0x2A, 0x00, 0x00, 0x00, 0x27, 0x00, 0x00, 0x00, 0x16, 0xFB, 0xFB, 0x47,
        0xE6, 0x6D, 0x45, 0x3C, 0xD8, 0xE1, 0xB9, 0xD6, 0xFA, 0xA1, 0x6D, 0x07, 0x37, 0xBC, 0xBF, 0x9C,
        0xAE, 0x3E, 0xF3, 0xC3, 0x42, 0xD2, 0xCB, 0x3F, 0xE6, 0x6D, 0x45, 0x3C, 0xDA, 0x7C, 0x80, 0x85,
        0x27, 0x00, 0x00, 0x00, 0x25, 0x00, 0x00, 0x00, 0xEA, 0x00, 0x00, 0x00, 0xEB, 0x00, 0x00, 0x00,
        0x2A, 0x00, 0x00, 0x00, 0x27, 0x00, 0x00, 0x00, 0xEC, 0x79, 0x2C, 0x82, 0xE7, 0xBF, 0xE2, 0xD3,
        0x27, 0x00, 0x00, 0x00, 0x25, 0x00, 0x00, 0x00, 0xEA, 0x00, 0x00, 0x00, 0xED, 0x00, 0x00, 0x00,
        0x2A, 0x00, 0x00, 0x00, 0x27, 0x00, 0x00, 0x00, 0x07, 0x10, 0xC7, 0xCF, 0x27, 0x00, 0x00, 0x00,
        0x25, 0x00, 0x00, 0x00, 0x53, 0x00, 0x00, 0x00, 0x33, 0x22, 0xBA, 0xB6, 0x2A, 0x00, 0x00, 0x00,
        0x19, 0x02, 0x00, 0x00, 0x23, 0x00, 0x00, 0x00, 0x19, 0x02, 0x00, 0x00, 0x25, 0x00, 0x00, 0x00,
        0x53, 0x00, 0x00, 0x00, 0x6A, 0x1D, 0xB7, 0x8A, 0x2A, 0x00, 0x00, 0x00, 0x1A, 0x02, 0x00, 0x00,
        0x23, 0x00, 0x00, 0x00, 0x19, 0x02, 0x00, 0x00, 0x25, 0x00, 0x00, 0x00, 0x53, 0x00, 0x00, 0x00,
        0xC1, 0x8C, 0xAD, 0x7A, 0x2A, 0x00, 0x00, 0x00, 0x19, 0x02, 0x00, 0x00, 0x23, 0x00, 0x00, 0x00,
        0x52, 0xCE, 0xDF, 0x52, 0x25, 0x00, 0x00, 0x00, 0x21, 0x00, 0x00, 0x00, 0x2A, 0x00, 0x00, 0x00,
        0x19, 0x02, 0x00, 0x00, 0x23, 0x00, 0x00, 0x00, 0x36, 0x24, 0x41, 0xCF, 0x25, 0x00, 0x00, 0x00,
        0x53, 0x00, 0x00, 0x00, 0x75, 0x59, 0x34, 0xC9, 0x20, 0x00, 0x00, 0x00, 0xD7, 0x00, 0x00, 0x00,
        0x2A, 0x00, 0x00, 0x00, 0xA5, 0x3D, 0x12, 0x09, 0x23, 0x00, 0x00, 0x00, 0x10, 0x02, 0x00, 0x00,
        0x25, 0x00, 0x00, 0x00, 0xEA, 0x00, 0x00, 0x00, 0x51, 0x2E, 0x93, 0x31, 0x2A, 0x00, 0x00, 0x00,
        0x27, 0x00, 0x00, 0x00, 0x16, 0xFB, 0xFB, 0x47, 0xE6, 0x6D, 0x45, 0x3C, 0x16, 0x4E, 0xE7, 0x46,
        0x2D, 0x00, 0x00, 0x00, 0x55, 0x92, 0x55, 0x12, 0xFA, 0xA1, 0x6D, 0x07, 0xE6, 0x6D, 0x45, 0x3C,
        0x9B, 0xD8, 0xB6, 0xFA, 0x27, 0x00, 0x00, 0x00, 0x25, 0x00, 0x00, 0x00, 0xEA, 0x00, 0x00, 0x00,
        0xEB, 0x00, 0x00, 0x00, 0x2A, 0x00, 0x00, 0x00, 0x27, 0x00, 0x00, 0x00, 0xEC, 0x79, 0x2C, 0x82,
        0xC6, 0x4D, 0xBA, 0x09, 0x27, 0x00, 0x00, 0x00, 0x25, 0x00, 0x00, 0x00, 0xEA, 0x00, 0x00, 0x00,
        0xED, 0x00, 0x00, 0x00, 0x2A, 0x00, 0x00, 0x00, 0x27, 0x00, 0x00, 0x00, 0x07, 0x10, 0xC7, 0xCF,
        0x27, 0x00, 0x00, 0x00, 0x25, 0x00, 0x00, 0x00, 0x53, 0x00, 0x00, 0x00, 0x33, 0x22, 0xBA, 0xB6,
        0x2A, 0x00, 0x00, 0x00, 0x19, 0x02, 0x00, 0x00, 0x23, 0x00, 0x00, 0x00, 0x19, 0x02, 0x00, 0x00,
        0x25, 0x00, 0x00, 0x00, 0x53, 0x00, 0x00, 0x00, 0x6A, 0x1D, 0xB7, 0x8A, 0x2A, 0x00, 0x00, 0x00,
        0x1A, 0x02, 0x00, 0x00, 0x23, 0x00, 0x00, 0x00, 0x19, 0x02, 0x00, 0x00, 0x25, 0x00, 0x00, 0x00,
        0x53, 0x00, 0x00, 0x00, 0xC1, 0x8C, 0xAD, 0x7A, 0x2A, 0x00, 0x00, 0x00, 0x19, 0x02, 0x00, 0x00,
        0x23, 0x00, 0x00, 0x00, 0x52, 0xCE, 0xDF, 0x52, 0x25, 0x00, 0x00, 0x00, 0x21, 0x00, 0x00, 0x00,
        0x2A, 0x00, 0x00, 0x00, 0x1A, 0x02, 0x00, 0x00, 0x25, 0x00, 0x00, 0x00, 0x0C, 0x00, 0x00, 0x00,
        0x0D, 0x92, 0x91, 0x83, 0x53, 0x00, 0x00, 0x00, 0x27, 0x12, 0xC5, 0x8C, 0x20, 0x00, 0x00, 0x00,
        0xD7, 0x00, 0x00, 0x00, 0x2A, 0x00, 0x00, 0x00, 0xA5, 0x3D, 0x12, 0x09, 0x23, 0x00, 0x00, 0x00,
        0x11, 0x02, 0x00, 0x00, 0x25, 0x00, 0x00, 0x00, 0xEA, 0x00, 0x00, 0x00, 0x51, 0x2E, 0x93, 0x31,
        0x2A, 0x00, 0x00, 0x00, 0x27, 0x00, 0x00, 0x00, 0x3C, 0x63, 0x59, 0xDE, 0xD8, 0xE1, 0xB9, 0xD6,
        0xFA, 0xA1, 0x6D, 0x07, 0x71, 0xD6, 0xA1, 0xAE, 0x8F, 0xCF, 0x0E, 0xB9, 0x27, 0x00, 0x00, 0x00,
        0x25, 0x00, 0x00, 0x00, 0xEA, 0x00, 0x00, 0x00, 0xEB, 0x00, 0x00, 0x00, 0x2A, 0x00, 0x00, 0x00,
        0x27, 0x00, 0x00, 0x00, 0xED, 0xEF, 0x1C, 0x61, 0x8F, 0xCF, 0x0E, 0xB9, 0xD8, 0xE1, 0xB9, 0xD6,
        0x27, 0x00, 0x00, 0x00, 0x25, 0x00, 0x00, 0x00, 0xEA, 0x00, 0x00, 0x00, 0xED, 0x00, 0x00, 0x00,
        0x2A, 0x00, 0x00, 0x00, 0x27, 0x00, 0x00, 0x00, 0x07, 0x10, 0xC7, 0xCF, 0x27, 0x00, 0x00, 0x00,
        0x25, 0x00, 0x00, 0x00, 0x53, 0x00, 0x00, 0x00, 0x33, 0x22, 0xBA, 0xB6, 0x2A, 0x00, 0x00, 0x00,
        0x19, 0x02, 0x00, 0x00, 0x23, 0x00, 0x00, 0x00, 0x19, 0x02, 0x00, 0x00, 0x25, 0x00, 0x00, 0x00,
        0x53, 0x00, 0x00, 0x00, 0x6A, 0x1D, 0xB7, 0x8A, 0x2A, 0x00, 0x00, 0x00, 0x1A, 0x02, 0x00, 0x00,
        0x23, 0x00, 0x00, 0x00, 0x19, 0x02, 0x00, 0x00, 0x25, 0x00, 0x00, 0x00, 0x53, 0x00, 0x00, 0x00,
        0xC1, 0x8C, 0xAD, 0x7A, 0x2A, 0x00, 0x00, 0x00, 0x19, 0x02, 0x00, 0x00, 0x23, 0x00, 0x00, 0x00,
        0x4B, 0x0A, 0xB2, 0x55, 0x25, 0x00, 0x00, 0x00, 0x21, 0x00, 0x00, 0x00, 0x2A, 0x00, 0x00, 0x00,
        0x1A, 0x02, 0x00, 0x00, 0x23, 0x00, 0x00, 0x00, 0x19, 0x02, 0x00, 0x00, 0x25, 0x00, 0x00, 0x00,
        0x53, 0x00, 0x00, 0x00, 0x80, 0x5A, 0x2B, 0xBE, 0x20, 0x00, 0x00, 0x00, 0xD7, 0x00, 0x00, 0x00,
        0x2A, 0x00, 0x00, 0x00, 0xA5, 0x3D, 0x12, 0x09, 0x23, 0x00, 0x00, 0x00, 0x12, 0x02, 0x00, 0x00,
        0x25, 0x00, 0x00, 0x00, 0xEA, 0x00, 0x00, 0x00, 0x51, 0x2E, 0x93, 0x31, 0x2A, 0x00, 0x00, 0x00,
        0x27, 0x00, 0x00, 0x00, 0x3C, 0x63, 0x59, 0xDE, 0xD8, 0xE1, 0xB9, 0xD6, 0xFA, 0xA1, 0x6D, 0x07,
        0x59, 0x22, 0xFF, 0xF2, 0x8F, 0xCF, 0x0E, 0xB9, 0x27, 0x00, 0x00, 0x00, 0x25, 0x00, 0x00, 0x00,
        0xEA, 0x00, 0x00, 0x00, 0xEB, 0x00, 0x00, 0x00, 0x2A, 0x00, 0x00, 0x00, 0x27, 0x00, 0x00, 0x00,
        0x0F, 0x40, 0x89, 0x0B, 0x8F, 0xCF, 0x0E, 0xB9, 0xD8, 0xE1, 0xB9, 0xD6, 0x27, 0x00, 0x00, 0x00,
        0x25, 0x00, 0x00, 0x00, 0xEA, 0x00, 0x00, 0x00, 0xED, 0x00, 0x00, 0x00, 0x2A, 0x00, 0x00, 0x00,
        0x27, 0x00, 0x00, 0x00, 0x07, 0x10, 0xC7, 0xCF, 0x27, 0x00, 0x00, 0x00, 0x25, 0x00, 0x00, 0x00,
        0x53, 0x00, 0x00, 0x00, 0x33, 0x22, 0xBA, 0xB6, 0x2A, 0x00, 0x00, 0x00, 0x19, 0x02, 0x00, 0x00,
        0x23, 0x00, 0x00, 0x00, 0x19, 0x02, 0x00, 0x00, 0x25, 0x00, 0x00, 0x00, 0x53, 0x00, 0x00, 0x00,
        0x6A, 0x1D, 0xB7, 0x8A, 0x2A, 0x00, 0x00, 0x00, 0x1A, 0x02, 0x00, 0x00, 0x23, 0x00, 0x00, 0x00,
        0x19, 0x02, 0x00, 0x00, 0x25, 0x00, 0x00, 0x00, 0x53, 0x00, 0x00, 0x00, 0xC1, 0x8C, 0xAD, 0x7A,
        0x2A, 0x00, 0x00, 0x00, 0x19, 0x02, 0x00, 0x00, 0x23, 0x00, 0x00, 0x00, 0x4B, 0x0A, 0xB2, 0x55,
        0x25, 0x00, 0x00, 0x00, 0x21, 0x00, 0x00, 0x00, 0x2A, 0x00, 0x00, 0x00, 0x1A, 0x02, 0x00, 0x00,
        0x23, 0x00, 0x00, 0x00, 0x19, 0x02, 0x00, 0x00, 0x25, 0x00, 0x00, 0x00, 0x0E, 0x00, 0x00, 0x00,
        0x06, 0x00, 0x00, 0x00, 0xEC, 0x20, 0xA5, 0x7F, 0x53, 0x00, 0x00, 0x00, 0xD3, 0xD9, 0xE1, 0x46,
        0x20, 0x00, 0x00, 0x00, 0xD7, 0x00, 0x00, 0x00, 0x2A, 0x00, 0x00, 0x00, 0x33, 0x0D, 0x15, 0x7E,
        0x23, 0x00, 0x00, 0x00, 0x0F, 0x02, 0x00, 0x00, 0x25, 0x00, 0x00, 0x00, 0xEA, 0x00, 0x00, 0x00,
        0x51, 0x2E, 0x93, 0x31, 0x2A, 0x00, 0x00, 0x00, 0x27, 0x00, 0x00, 0x00, 0xD4, 0x01, 0x00, 0x00,
        0xFA, 0xA1, 0x6D, 0x07, 0x69, 0x1C, 0xA3, 0xFA, 0x5B, 0x6A, 0x87, 0x42, 0xC4, 0xD2, 0x87, 0xD7,
        0x12, 0xAF, 0x4F, 0x91, 0x1C, 0x02, 0xE8, 0xA5, 0x23, 0x00, 0x00, 0x00, 0x27, 0x00, 0x00, 0x00,
        0x25, 0x00, 0x00, 0x00, 0xEA, 0x00, 0x00, 0x00, 0xEB, 0x00, 0x00, 0x00, 0x2A, 0x00, 0x00, 0x00,
        0x27, 0x00, 0x00, 0x00, 0x32, 0x01, 0x00, 0x00, 0x5B, 0x6A, 0x87, 0x42, 0x84, 0x25, 0x46, 0xEC,
        0x27, 0x00, 0x00, 0x00, 0x25, 0x00, 0x00, 0x00, 0xEA, 0x00, 0x00, 0x00, 0xED, 0x00, 0x00, 0x00,
        0x2A, 0x00, 0x00, 0x00, 0x27, 0x00, 0x00, 0x00, 0x07, 0x10, 0xC7, 0xCF, 0x27, 0x00, 0x00, 0x00,
        0x25, 0x00, 0x00, 0x00, 0x53, 0x00, 0x00, 0x00, 0x33, 0x22, 0xBA, 0xB6, 0x2A, 0x00, 0x00, 0x00,
        0x19, 0x02, 0x00, 0x00, 0x23, 0x00, 0x00, 0x00, 0x19, 0x02, 0x00, 0x00, 0x25, 0x00, 0x00, 0x00,
        0x53, 0x00, 0x00, 0x00, 0x6A, 0x1D, 0xB7, 0x8A, 0x2A, 0x00, 0x00, 0x00, 0x1A, 0x02, 0x00, 0x00,
        0x23, 0x00, 0x00, 0x00, 0x19, 0x02, 0x00, 0x00, 0x25, 0x00, 0x00, 0x00, 0x53, 0x00, 0x00, 0x00,
        0xC1, 0x8C, 0xAD, 0x7A, 0x2A, 0x00, 0x00, 0x00, 0x19, 0x02, 0x00, 0x00, 0x23, 0x00, 0x00, 0x00,
        0x4B, 0x0A, 0xB2, 0x55, 0x25, 0x00, 0x00, 0x00, 0x21, 0x00, 0x00, 0x00, 0x2A, 0x00, 0x00, 0x00,
        0x19, 0x02, 0x00, 0x00, 0x23, 0x00, 0x00, 0x00, 0x1A, 0x02, 0x00, 0x00, 0x25, 0x00, 0x00, 0x00,
        0x0E, 0x00, 0x00, 0x00, 0x45, 0xC9, 0x24, 0x59, 0x65, 0x3C, 0x99, 0x10, 0x1A, 0x00, 0x00, 0x00,
        0xA3, 0x09, 0x71, 0xCF, 0x24, 0x8A, 0x06, 0xF1, 0x1B, 0x00, 0x00, 0x00, 0x1E, 0x00, 0x00, 0x00,
        0x45, 0xC9, 0x24, 0x59, 0x13, 0x2F, 0x4D, 0x2F, 0x2A, 0x00, 0x00, 0x00, 0x1A, 0x00, 0x00, 0x00,
        0x45, 0xC9, 0x24, 0x59, 0x1B, 0x00, 0x00, 0x00, 0x19, 0x02, 0x00, 0x00, 0x25, 0x00, 0x00, 0x00,
        0x42, 0x23, 0x38, 0x0E, 0x2A, 0x4B, 0xC1, 0xDC, 0x2A, 0x00, 0x00, 0x00, 0x1A, 0x00, 0x00, 0x00,
        0x42, 0x23, 0x38, 0x0E, 0x1B, 0x00, 0x00, 0x00, 0x19, 0x02, 0x00, 0x00, 0x25, 0x00, 0x00, 0x00,
        0x3E, 0x0E, 0xA0, 0xA6, 0x1A, 0x00, 0x00, 0x00, 0x24, 0x8A, 0x06, 0xF1, 0x22, 0x00, 0x00, 0x00,
        0x13, 0x2F, 0x4D, 0x2F, 0x22, 0x00, 0x00, 0x00, 0x2A, 0x4B, 0xC1, 0xDC, 0x22, 0x00, 0x00, 0x00,
        0x18, 0x02, 0x00, 0x00, 0x1B, 0x00, 0x00, 0x00, 0x25, 0x00, 0x00, 0x00, 0x06, 0x00, 0x00, 0x00,
        0xEC, 0x20, 0xA5, 0x7F, 0x13, 0x2F, 0x4D, 0x2F, 0x23, 0x00, 0x00, 0x00, 0x7B, 0xEC, 0x3B, 0x59,
        0x2A, 0x00, 0x00, 0x00, 0x13, 0x2F, 0x4D, 0x2F, 0x23, 0x00, 0x00, 0x00, 0x7B, 0xEC, 0x3B, 0x59,
        0x2E, 0x00, 0x00, 0x00, 0xBA, 0xA9, 0x61, 0xFE, 0x23, 0x00, 0x00, 0x00, 0x0F, 0x02, 0x00, 0x00,
        0x2C, 0x00, 0x00, 0x00, 0xBA, 0xA9, 0x61, 0xFE, 0x23, 0x00, 0x00, 0x00, 0xCC, 0x1F, 0x8E, 0xB6,
        0x2E, 0x00, 0x00, 0x00, 0x1A, 0x00, 0x00, 0x00, 0x1A, 0x02, 0x00, 0x00, 0x23, 0x00, 0x00, 0x00,
        0xE7, 0x06, 0x6B, 0x91, 0x2C, 0x00, 0x00, 0x00, 0xD3, 0xD9, 0xE1, 0x46, 0x1B, 0x00, 0x00, 0x00,
        0x2D, 0x00, 0x00, 0x00, 0x13, 0x2F, 0x4D, 0x2F, 0x23, 0x00, 0x00, 0x00, 0x7B, 0xEC, 0x3B, 0x59,
        0x23, 0x00, 0x00, 0x00, 0x12, 0x02, 0x00, 0x00, 0x25, 0x00, 0x00, 0x00, 0x0E, 0x00, 0x00, 0x00,
        0x06, 0x00, 0x00, 0x00, 0x48, 0x1A, 0xCC, 0x10, 0x86, 0x1D, 0x1B, 0x14, 0x1A, 0x00, 0x00, 0x00,
        0x13, 0x2F, 0x4D, 0x2F, 0x23, 0x00, 0x00, 0x00, 0x7B, 0xEC, 0x3B, 0x59, 0x22, 0x00, 0x00, 0x00,
        0x2A, 0x4B, 0xC1, 0xDC, 0x23, 0x00, 0x00, 0x00, 0x31, 0x01, 0x00, 0x00, 0x1B, 0x00, 0x00, 0x00,
        0x25, 0x00, 0x00, 0x00, 0x0E, 0x00, 0x00, 0x00, 0xD8, 0x00, 0x00, 0x00, 0x13, 0x2F, 0x4D, 0x2F,
        0x25, 0x00, 0x00, 0x00, 0x1F, 0x00, 0x00, 0x00, 0x53, 0x00, 0x00, 0x00, 0xEF, 0x76, 0x24, 0x2D,
        0x1A, 0x00, 0x00, 0x00, 0x56, 0x00, 0x00, 0x00, 0x54, 0x05, 0xA0, 0x01, 0x1B, 0x00, 0x00, 0x00,
        0x1E, 0x00, 0x00, 0x00, 0x53, 0x00, 0x00, 0x00, 0x7A, 0x67, 0x43, 0xF2, 0x2A, 0x00, 0x00, 0x00,
        0x19, 0x02, 0x00, 0x00, 0x25, 0x00, 0x00, 0x00, 0x09, 0x00, 0x00, 0x00, 0x26, 0x00, 0x00, 0x00,
        0xF2, 0xF6, 0x1E, 0x2B, 0x54, 0x00, 0x00, 0x00, 0xDE, 0xD3, 0x44, 0x9E, 0x2A, 0x00, 0x00, 0x00,
        0x54, 0x05, 0xA0, 0x01, 0x23, 0x00, 0x00, 0x00, 0x99, 0x28, 0xE6, 0x8F, 0x2D, 0x00, 0x00, 0x00,
        0x54, 0x05, 0xA0, 0x01, 0x23, 0x00, 0x00, 0x00, 0x12, 0x02, 0x00, 0x00, 0x25, 0x00, 0x00, 0x00,
        0x67, 0x00, 0x00, 0x00, 0x49, 0x2C, 0x82, 0xA1, 0x2A, 0x00, 0x00, 0x00, 0x67, 0x00, 0x00, 0x00,
        0x1A, 0x00, 0x00, 0x00, 0xDE, 0xD3, 0x44, 0x9E, 0x2E, 0x00, 0x00, 0x00, 0xE1, 0x1B, 0x88, 0x3F,
        0x23, 0x00, 0x00, 0x00, 0x99, 0x28, 0xE6, 0x8F, 0x22, 0x00, 0x00, 0x00, 0x19, 0x02, 0x00, 0x00,
        0x22, 0x00, 0x00, 0x00, 0x19, 0x02, 0x00, 0x00, 0x1B, 0x00, 0x00, 0x00, 0x25, 0x00, 0x00, 0x00,
        0x7A, 0x67, 0x43, 0xF2, 0x2A, 0x00, 0x00, 0x00, 0x74, 0xF9, 0x68, 0x2C, 0x23, 0x00, 0x00, 0x00,
        0x57, 0x02, 0x00, 0x00, 0x1A, 0x00, 0x00, 0x00, 0x49, 0x2C, 0x82, 0xA1, 0x1B, 0x00, 0x00, 0x00,
        0x23, 0x00, 0x00, 0x00, 0x13, 0x02, 0x00, 0x00, 0x25, 0x00, 0x00, 0x00, 0x0E, 0x00, 0x00, 0x00,
        0xD8, 0x00, 0x00, 0x00, 0x7A, 0x67, 0x43, 0xF2, 0x25, 0x00, 0x00, 0x00, 0x1F, 0x00, 0x00, 0x00,
        0x54, 0x00, 0x00, 0x00, 0x67, 0x83, 0xBD, 0x23, 0x1A, 0x00, 0x00, 0x00, 0x4E, 0x8E, 0xEC, 0x5F,
        0x53, 0x00, 0x00, 0x00, 0xFC, 0xC3, 0x24, 0xCA, 0x22, 0x00, 0x00, 0x00, 0x4E, 0x8E, 0xEC, 0x5F,
        0x54, 0x00, 0x00, 0x00, 0xCC, 0xDF, 0x38, 0x56, 0x22, 0x00, 0x00, 0x00, 0x4E, 0x8E, 0xEC, 0x5F,
        0x53, 0x00, 0x00, 0x00, 0x7F, 0x39, 0x36, 0x16, 0x22, 0x00, 0x00, 0x00, 0x4E, 0x8E, 0xEC, 0x5F,
        0x55, 0x00, 0x00, 0x00, 0x26, 0x79, 0x0A, 0xCC, 0x22, 0x00, 0x00, 0x00, 0x4E, 0x8E, 0xEC, 0x5F,
        0x53, 0x00, 0x00, 0x00, 0x9E, 0x66, 0xB4, 0xC8, 0x1B, 0x00, 0x00, 0x00, 0x1E, 0x00, 0x00, 0x00,
        0xD3, 0x00, 0x00, 0x00, 0x8C, 0x00, 0x00, 0x00, 0x64, 0x00, 0x00, 0x00, 0x83, 0x5C, 0xB8, 0x99,
        0x2A, 0x00, 0x00, 0x00, 0x21, 0x02, 0x00, 0x00, 0x25, 0x00, 0x00, 0x00, 0x8C, 0x00, 0x00, 0x00,
        0x53, 0x00, 0x00, 0x00, 0x3C, 0xFE, 0xB9, 0x43, 0x2A, 0x00, 0x00, 0x00, 0x1A, 0x02, 0x00, 0x00,
        0x23, 0x00, 0x00, 0x00, 0x66, 0xCD, 0xF6, 0xDD, 0x2D, 0x00, 0x00, 0x00, 0x83, 0x5C, 0xB8, 0x99,
        0x25, 0x00, 0x00, 0x00, 0x54, 0x00, 0x00, 0x00, 0xD9, 0xFE, 0x43, 0x96, 0x2A, 0x00, 0x00, 0x00,
        0x54, 0x00, 0x00, 0x00, 0x1A, 0x00, 0x00, 0x00, 0x26, 0x79, 0x0A, 0xCC, 0x23, 0x00, 0x00, 0x00,
        0x0F, 0x02, 0x00, 0x00, 0x22, 0x00, 0x00, 0x00, 0x26, 0x79, 0x0A, 0xCC, 0x23, 0x00, 0x00, 0x00,
        0x10, 0x02, 0x00, 0x00, 0x1B, 0x00, 0x00, 0x00, 0x2E, 0x00, 0x00, 0x00, 0x9E, 0x66, 0xB4, 0xC8,
        0x2D, 0x00, 0x00, 0x00, 0x1A, 0x00, 0x00, 0x00, 0x2C, 0x00, 0x00, 0x00, 0x26, 0x79, 0x0A, 0xCC,
        0x23, 0x00, 0x00, 0x00, 0x11, 0x02, 0x00, 0x00, 0x2E, 0x00, 0x00, 0x00, 0x83, 0x5C, 0xB8, 0x99,
        0x1B, 0x00, 0x00, 0x00, 0x25, 0x00, 0x00, 0x00, 0x53, 0x00, 0x00, 0x00, 0x0F, 0xE5, 0x4D, 0xF5,
        0x2A, 0x00, 0x00, 0x00, 0x1A, 0x02, 0x00, 0x00, 0x23, 0x00, 0x00, 0x00, 0x66, 0xCD, 0xF6, 0xDD,
        0x2C, 0x00, 0x00, 0x00, 0x3C, 0xFE, 0xB9, 0x43, 0x25, 0x00, 0x00, 0x00, 0x56, 0x00, 0x00, 0x00,
        0xD0, 0xCA, 0x0A, 0x59, 0x2A, 0x00, 0x00, 0x00, 0x56, 0x00, 0x00, 0x00, 0x1A, 0x00, 0x00, 0x00,
        0xCC, 0xDF, 0x38, 0x56, 0x2B, 0x00, 0x00, 0x00, 0xD9, 0xFE, 0x43, 0x96, 0x22, 0x00, 0x00, 0x00,
        0x19, 0x02, 0x00, 0x00, 0x22, 0x00, 0x00, 0x00, 0x7F, 0x39, 0x36, 0x16, 0x1B, 0x00, 0x00, 0x00,
        0x25, 0x00, 0x00, 0x00, 0x53, 0x00, 0x00, 0x00, 0x6A, 0xF3, 0x23, 0xBD, 0x2A, 0x00, 0x00, 0x00,
        0x61, 0x6B, 0x53, 0x54, 0x1A, 0x00, 0x00, 0x00, 0xDE, 0x44, 0x98, 0xF2, 0x22, 0x00, 0x00, 0x00,
        0xD0, 0xCA, 0x0A, 0x59, 0x1B, 0x00, 0x00, 0x00, 0x25, 0x00, 0x00, 0x00, 0xF8, 0x09, 0x75, 0xEF,
        0x1A, 0x00, 0x00, 0x00, 0x64, 0x00, 0x00, 0x00, 0x71, 0x36, 0x6C, 0xE6, 0x2A, 0x00, 0x00, 0x00,
        0x19, 0x02, 0x00, 0x00, 0x25, 0x00, 0x00, 0x00, 0x71, 0x36, 0x6C, 0xE6, 0x20, 0x00, 0x00, 0x00,
        0x83, 0x5C, 0xB8, 0x99, 0x25, 0x00, 0x00, 0x00, 0x71, 0x36, 0x6C, 0xE6, 0x2B, 0x00, 0x00, 0x00,
        0x2B, 0x00, 0x00, 0x00, 0x1B, 0x00, 0x00, 0x00, 0x1E, 0x00, 0x00, 0x00, 0x1C, 0x00, 0x00, 0x00,
        0x87, 0x13, 0x4B, 0xAB, 0x1D, 0x00, 0x00, 0x00, 0x7C, 0x06, 0x37, 0x51, 0x1A, 0x00, 0x00, 0x00,
        0x6A, 0xF3, 0x23, 0xBD, 0x21, 0x00, 0x00, 0x00, 0x2A, 0x00, 0x00, 0x00, 0x0F, 0xE5, 0x4D, 0xF5,
        0x1B, 0x00, 0x00, 0x00, 0xDA, 0x50, 0x7C, 0x0C, 0x25, 0x00, 0x00, 0x00, 0xFC, 0xC3, 0x24, 0xCA,
        0x2A, 0x00, 0x00, 0x00, 0x6A, 0xF3, 0x23, 0xBD, 0x25, 0x00, 0x00, 0x00, 0x0F, 0xE5, 0x4D, 0xF5,
        0x2C, 0x00, 0x00, 0x00, 0x2A, 0x00, 0x00, 0x00, 0x3C, 0xFE, 0xB9, 0x43, 0x25, 0x00, 0x00, 0x00,
        0xD0, 0xCA, 0x0A, 0x59, 0x23, 0x00, 0x00, 0x00, 0x99, 0x28, 0xE6, 0x8F, 0x2B, 0x00, 0x00, 0x00,
        0x2A, 0x00, 0x00, 0x00, 0xD9, 0xFE, 0x43, 0x96, 0x25, 0x00, 0x00, 0x00, 0x6A, 0xF3, 0x23, 0xBD,
        0x2A, 0x00, 0x00, 0x00, 0x61, 0x6B, 0x53, 0x54, 0x1A, 0x00, 0x00, 0x00, 0xDE, 0x44, 0x98, 0xF2,
        0x22, 0x00, 0x00, 0x00, 0xD0, 0xCA, 0x0A, 0x59, 0x1B, 0x00, 0x00, 0x00, 0x25, 0x00, 0x00, 0x00,
        0x1F, 0x00, 0x00, 0x00, 0x56, 0x00, 0x00, 0x00, 0xA4, 0x72, 0x0B, 0x5F, 0x2A, 0x00, 0x00, 0x00,
        0xD0, 0xCA, 0x0A, 0x59, 0x25, 0x00, 0x00, 0x00, 0x53, 0x00, 0x00, 0x00, 0x71, 0xBC, 0xDD, 0x5D,
        0x2A, 0x00, 0x00, 0x00, 0x1A, 0x02, 0x00, 0x00, 0x23, 0x00, 0x00, 0x00, 0x19, 0x02, 0x00, 0x00,
        0x25, 0x00, 0x00, 0x00, 0x53, 0x00, 0x00, 0x00, 0x47, 0x02, 0x00, 0x00, 0x2A, 0x00, 0x00, 0x00,
        0x0F, 0xE5, 0x4D, 0xF5, 0x25, 0x00, 0x00, 0x00, 0x53, 0x00, 0x00, 0x00, 0x46, 0x02, 0x00, 0x00,
        0x2A, 0x00, 0x00, 0x00, 0x47, 0x02, 0x00, 0x00, 0x2B, 0x00, 0x00, 0x00, 0x3C, 0xFE, 0xB9, 0x43,
        0x25, 0x00, 0x00, 0x00, 0x53, 0x00, 0x00, 0x00, 0x39, 0xC6, 0x45, 0x7C, 0x2A, 0x00, 0x00, 0x00,
        0x47, 0x02, 0x00, 0x00, 0x2C, 0x00, 0x00, 0x00, 0x6A, 0xF3, 0x23, 0xBD, 0x25, 0x00, 0x00, 0x00,
        0x53, 0x00, 0x00, 0x00, 0xAF, 0xF6, 0x42, 0x0B, 0x2A, 0x00, 0x00, 0x00, 0x46, 0x02, 0x00, 0x00,
        0x2C, 0x00, 0x00, 0x00, 0xFC, 0xC3, 0x24, 0xCA, 0x25, 0x00, 0x00, 0x00, 0x56, 0x00, 0x00, 0x00,
        0x5E, 0xC3, 0x8A, 0x3E, 0x2A, 0x00, 0x00, 0x00, 0x56, 0x00, 0x00, 0x00, 0x1A, 0x00, 0x00, 0x00,
        0xD9, 0xFE, 0x43, 0x96, 0x2E, 0x00, 0x00, 0x00, 0x83, 0x5C, 0xB8, 0x99, 0x22, 0x00, 0x00, 0x00,
        0xD9, 0xFE, 0x43, 0x96, 0x2E, 0x00, 0x00, 0x00, 0x83, 0x5C, 0xB8, 0x99, 0x2B, 0x00, 0x00, 0x00,
        0xCC, 0xDF, 0x38, 0x56, 0x1B, 0x00, 0x00, 0x00, 0x25, 0x00, 0x00, 0x00, 0xF8, 0x09, 0x75, 0xEF,
        0x1A, 0x00, 0x00, 0x00, 0x64, 0x00, 0x00, 0x00, 0x98, 0xDC, 0xFA, 0x73, 0x2A, 0x00, 0x00, 0x00,
        0x19, 0x02, 0x00, 0x00, 0x25, 0x00, 0x00, 0x00, 0x98, 0xDC, 0xFA, 0x73, 0x20, 0x00, 0x00, 0x00,
        0x23, 0x02, 0x00, 0x00, 0x25, 0x00, 0x00, 0x00, 0x98, 0xDC, 0xFA, 0x73, 0x2B, 0x00, 0x00, 0x00,
        0x2B, 0x00, 0x00, 0x00, 0x1B, 0x00, 0x00, 0x00, 0x1E, 0x00, 0x00, 0x00, 0x1C, 0x00, 0x00, 0x00,
        0x87, 0x13, 0x4B, 0xAB, 0x1D, 0x00, 0x00, 0x00, 0x7C, 0x06, 0x37, 0x51, 0x1A, 0x00, 0x00, 0x00,
        0x3C, 0x00, 0x00, 0x00, 0x1A, 0x00, 0x00, 0x00, 0x71, 0xBC, 0xDD, 0x5D, 0x1B, 0x00, 0x00, 0x00,
        0x20, 0x00, 0x00, 0x00, 0x2A, 0x00, 0x00, 0x00, 0x19, 0x02, 0x00, 0x00, 0x23, 0x00, 0x00, 0x00,
        0x36, 0x24, 0x41, 0xCF, 0x1B, 0x00, 0x00, 0x00, 0xDA, 0x50, 0x7C, 0x0C, 0x25, 0x00, 0x00, 0x00,
        0x53, 0x00, 0x00, 0x00, 0x06, 0xAD, 0x47, 0x35, 0x2A, 0x00, 0x00, 0x00, 0x39, 0xC6, 0x45, 0x7C,
        0x2C, 0x00, 0x00, 0x00, 0xAF, 0xF6, 0x42, 0x0B, 0x25, 0x00, 0x00, 0x00, 0x53, 0x00, 0x00, 0x00,
        0xA8, 0x5A, 0x6A, 0x85, 0x2A, 0x00, 0x00, 0x00, 0x1A, 0x00, 0x00, 0x00, 0x46, 0x02, 0x00, 0x00,
        0x2E, 0x00, 0x00, 0x00, 0x39, 0xC6, 0x45, 0x7C, 0x2C, 0x00, 0x00, 0x00, 0x47, 0x02, 0x00, 0x00,
        0x2E, 0x00, 0x00, 0x00, 0xAF, 0xF6, 0x42, 0x0B, 0x1B, 0x00, 0x00, 0x00, 0x2D, 0x00, 0x00, 0x00,
        0x06, 0xAD, 0x47, 0x35, 0x25, 0x00, 0x00, 0x00, 0xA4, 0x72, 0x0B, 0x5F, 0x23, 0x00, 0x00, 0x00,
        0x99, 0x28, 0xE6, 0x8F, 0x2A, 0x00, 0x00, 0x00, 0x2C, 0x00, 0x00, 0x00, 0xA8, 0x5A, 0x6A, 0x85,
        0x2E, 0x00, 0x00, 0x00, 0x5E, 0xC3, 0x8A, 0x3E, 0x23, 0x00, 0x00, 0x00, 0x99, 0x28, 0xE6, 0x8F,
        0x2B, 0x00, 0x00, 0x00, 0x5E, 0xC3, 0x8A, 0x3E, 0x23, 0x00, 0x00, 0x00, 0x1C, 0x67, 0x68, 0x5A,
        0x25, 0x00, 0x00, 0x00, 0x53, 0x00, 0x00, 0x00, 0xD0, 0xA2, 0x2A, 0x24, 0x2A, 0x00, 0x00, 0x00,
        0x61, 0x6B, 0x53, 0x54, 0x1A, 0x00, 0x00, 0x00, 0xDE, 0x44, 0x98, 0xF2, 0x22, 0x00, 0x00, 0x00,
        0xA4, 0x72, 0x0B, 0x5F, 0x1B, 0x00, 0x00, 0x00, 0x25, 0x00, 0x00, 0x00, 0x71, 0xBC, 0xDD, 0x5D,
        0x2A, 0x00, 0x00, 0x00, 0xA8, 0x5A, 0x6A, 0x85, 0x2C, 0x00, 0x00, 0x00, 0xD0, 0xA2, 0x2A, 0x24,
        0x25, 0x00, 0x00, 0x00, 0x7C, 0x06, 0x37, 0x51, 0x1A, 0x00, 0x00, 0x00, 0x71, 0xBC, 0xDD, 0x5D,
        0x20, 0x00, 0x00, 0x00, 0x19, 0x02, 0x00, 0x00, 0x1B, 0x00, 0x00, 0x00, 0x1E, 0x00, 0x00, 0x00,
        0x39, 0xC6, 0x45, 0x7C, 0x2A, 0x00, 0x00, 0x00, 0x71, 0xBC, 0xDD, 0x5D, 0x25, 0x00, 0x00, 0x00,
        0x47, 0x02, 0x00, 0x00, 0x2A, 0x00, 0x00, 0x00, 0xA8, 0x5A, 0x6A, 0x85, 0x25, 0x00, 0x00, 0x00,
        0x1F, 0x00, 0x00, 0x00, 0x8B, 0x55, 0xBB, 0x55, 0x1E, 0x00, 0x00, 0x00, 0xAF, 0xF6, 0x42, 0x0B,
        0x2A, 0x00, 0x00, 0x00, 0x71, 0xBC, 0xDD, 0x5D, 0x25, 0x00, 0x00, 0x00, 0x46, 0x02, 0x00, 0x00,
        0x2A, 0x00, 0x00, 0x00, 0xA8, 0x5A, 0x6A, 0x85, 0x25, 0x00, 0x00, 0x00, 0x1F, 0x00, 0x00, 0x00,
        0x1F, 0x00, 0x00, 0x00, 0xD8, 0x00, 0x00, 0x00, 0xA4, 0x72, 0x0B, 0x5F, 0x23, 0x00, 0x00, 0x00,
        0x99, 0x28, 0xE6, 0x8F, 0x2C, 0x00, 0x00, 0x00, 0xCC, 0xDF, 0x38, 0x56, 0x23, 0x00, 0x00, 0x00,
        0x99, 0x28, 0xE6, 0x8F, 0x25, 0x00, 0x00, 0x00, 0x1F, 0x00, 0x00, 0x00, 0xEE, 0xD9, 0x7B, 0xD2,
        0x9D, 0xE3, 0x9A, 0x05, 0x1A, 0x00, 0x00, 0x00, 0x4E, 0x8E, 0xEC, 0x5F, 0x54, 0x26, 0xCF, 0x09,
        0xEC, 0x20, 0xBB, 0x34, 0x22, 0x00, 0x00, 0x00, 0x4E, 0x8E, 0xEC, 0x5F, 0xF7, 0x79, 0x13, 0xA8,
        0xF7, 0x5C, 0x1A, 0x6B, 0x22, 0x00, 0x00, 0x00, 0x99, 0x6D, 0xEA, 0xB9, 0x55, 0x00, 0x00, 0x00,
        0x4D, 0xC5, 0xF2, 0x37, 0x22, 0x00, 0x00, 0x00, 0x99, 0x6D, 0xEA, 0xB9, 0x55, 0x00, 0x00, 0x00,
        0x03, 0x8A, 0xAF, 0xFD, 0x1B, 0x00, 0x00, 0x00, 0x1E, 0x00, 0x00, 0x00, 0x6E, 0x00, 0x00, 0x00,
        0xA2, 0x48, 0x36, 0xC7, 0x2A, 0x00, 0x00, 0x00, 0x19, 0x02, 0x00, 0x00, 0x25, 0x00, 0x00, 0x00,
        0x06, 0x00, 0x00, 0x00, 0xEC, 0x20, 0xA5, 0x7F, 0x6E, 0x00, 0x00, 0x00, 0xA9, 0x36, 0x4C, 0xED,
        0x2A, 0x00, 0x00, 0x00, 0x27, 0x20, 0x74, 0xCE, 0x1A, 0x00, 0x00, 0x00, 0xEC, 0x20, 0xBB, 0x34,
        0x23, 0x00, 0x00, 0x00, 0xE4, 0x68, 0x85, 0x21, 0x22, 0x00, 0x00, 0x00, 0x2C, 0x00, 0x00, 0x00,
        0x4B, 0xC3, 0x52, 0xCE, 0x1A, 0x00, 0x00, 0x00, 0xEC, 0x20, 0xBB, 0x34, 0x23, 0x00, 0x00, 0x00,
        0x60, 0x54, 0xF0, 0x57, 0x1B, 0x00, 0x00, 0x00, 0x22, 0x00, 0x00, 0x00, 0xF7, 0x5C, 0x1A, 0x6B,
        0x23, 0x00, 0x00, 0x00, 0x0C, 0xAA, 0xA6, 0x00, 0x22, 0x00, 0x00, 0x00, 0xEC, 0x20, 0xBB, 0x34,
        0x23, 0x00, 0x00, 0x00, 0x16, 0x4E, 0xE7, 0x46, 0x1B, 0x00, 0x00, 0x00, 0x2E, 0x00, 0x00, 0x00,
        0xEC, 0x20, 0xBB, 0x34, 0x23, 0x00, 0x00, 0x00, 0x76, 0x5B, 0x5D, 0xBB, 0x23, 0x00, 0x00, 0x00,
        0x67, 0xBA, 0x8E, 0xEB, 0x25, 0x00, 0x00, 0x00, 0xA9, 0x36, 0x4C, 0xED, 0x2E, 0x00, 0x00, 0x00,
        0x2A, 0x00, 0x00, 0x00, 0x06, 0xCE, 0x15, 0x35, 0x1A, 0x00, 0x00, 0x00, 0x2F, 0x00, 0x00, 0x00,
        0x1A, 0x00, 0x00, 0x00, 0xEC, 0x20, 0xBB, 0x34, 0x23, 0x00, 0x00, 0x00, 0xE4, 0x68, 0x85, 0x21,
        0x22, 0x00, 0x00, 0x00, 0xF7, 0x5C, 0x1A, 0x6B, 0x23, 0x00, 0x00, 0x00, 0x0C, 0xAA, 0xA6, 0x00,
        0x1B, 0x00, 0x00, 0x00, 0x1B, 0x00, 0x00, 0x00, 0x25, 0x00, 0x00, 0x00, 0x0F, 0x00, 0x00, 0x00,
        0x6C, 0x00, 0x00, 0x00, 0xD6, 0x8A, 0x7C, 0x97, 0x2A, 0x00, 0x00, 0x00, 0x2F, 0x00, 0x00, 0x00,
        0x1A, 0x00, 0x00, 0x00, 0xF7, 0x5C, 0x1A, 0x6B, 0x23, 0x00, 0x00, 0x00, 0x0C, 0xAA, 0xA6, 0x00,
        0x22, 0x00, 0x00, 0x00, 0xEC, 0x20, 0xBB, 0x34, 0x23, 0x00, 0x00, 0x00, 0x9B, 0x16, 0x84, 0xF5,
        0x23, 0x00, 0x00, 0x00, 0x9F, 0xE3, 0xB5, 0x1E, 0x1B, 0x00, 0x00, 0x00, 0x25, 0x00, 0x00, 0x00,
        0x6C, 0x00, 0x00, 0x00, 0x39, 0x8F, 0x0D, 0xFB, 0x2A, 0x00, 0x00, 0x00, 0x2F, 0x00, 0x00, 0x00,
        0x1A, 0x00, 0x00, 0x00, 0xF7, 0x5C, 0x1A, 0x6B, 0x23, 0x00, 0x00, 0x00, 0x0C, 0xAA, 0xA6, 0x00,
        0x22, 0x00, 0x00, 0x00, 0xEC, 0x20, 0xBB, 0x34, 0x23, 0x00, 0x00, 0x00, 0x9B, 0x16, 0x84, 0xF5,
        0x23, 0x00, 0x00, 0x00, 0x05, 0x30, 0x09, 0xA3, 0x1B, 0x00, 0x00, 0x00, 0x25, 0x00, 0x00, 0x00,
        0x6C, 0x00, 0x00, 0x00, 0x1D, 0xA9, 0x9D, 0x20, 0x2A, 0x00, 0x00, 0x00, 0xB5, 0x22, 0xB4, 0x87,
        0x1A, 0x00, 0x00, 0x00, 0x06, 0xCE, 0x15, 0x35, 0x1A, 0x00, 0x00, 0x00, 0x1A, 0x00, 0x00, 0x00,
        0x2F, 0x00, 0x00, 0x00, 0x1A, 0x00, 0x00, 0x00, 0xEC, 0x20, 0xBB, 0x34, 0x23, 0x00, 0x00, 0x00,
        0xE4, 0x68, 0x85, 0x21, 0x22, 0x00, 0x00, 0x00, 0xF7, 0x5C, 0x1A, 0x6B, 0x23, 0x00, 0x00, 0x00,
        0x0C, 0xAA, 0xA6, 0x00, 0x1B, 0x00, 0x00, 0x00, 0x2B, 0x00, 0x00, 0x00, 0x60, 0xC7, 0xB3, 0xEA,
        0x1B, 0x00, 0x00, 0x00, 0x2D, 0x00, 0x00, 0x00, 0x1A, 0x00, 0x00, 0x00, 0x1A, 0x02, 0x00, 0x00,
        0x2B, 0x00, 0x00, 0x00, 0x60, 0xC7, 0xB3, 0xEA, 0x1B, 0x00, 0x00, 0x00, 0x1B, 0x00, 0x00, 0x00,
        0x22, 0x00, 0x00, 0x00, 0x1B, 0x02, 0x00, 0x00, 0x1B, 0x00, 0x00, 0x00, 0x2E, 0x00, 0x00, 0x00,
        0x1A, 0x00, 0x00, 0x00, 0x1B, 0x02, 0x00, 0x00, 0x2B, 0x00, 0x00, 0x00, 0x1A, 0x02, 0x00, 0x00,
        0x1B, 0x00, 0x00, 0x00, 0x2D, 0x00, 0x00, 0x00, 0x1A, 0x00, 0x00, 0x00, 0x1B, 0x02, 0x00, 0x00,
        0x2E, 0x00, 0x00, 0x00, 0x1A, 0x00, 0x00, 0x00, 0x1A, 0x02, 0x00, 0x00, 0x2B, 0x00, 0x00, 0x00,
        0x60, 0xC7, 0xB3, 0xEA, 0x1B, 0x00, 0x00, 0x00, 0x1B, 0x00, 0x00, 0x00, 0x25, 0x00, 0x00, 0x00,
        0x8C, 0x00, 0x00, 0x00, 0x55, 0x00, 0x00, 0x00, 0xC2, 0x2A, 0x80, 0x09, 0x2A, 0x00, 0x00, 0x00,
        0x30, 0x00, 0x00, 0x00, 0x1A, 0x00, 0x00, 0x00, 0xEC, 0x20, 0xBB, 0x34, 0x23, 0x00, 0x00, 0x00,
        0x9B, 0x16, 0x84, 0xF5, 0x23, 0x00, 0x00, 0x00, 0xCB, 0x99, 0x26, 0x41, 0x22, 0x00, 0x00, 0x00,
        0xF7, 0x5C, 0x1A, 0x6B, 0x23, 0x00, 0x00, 0x00, 0x0C, 0xAA, 0xA6, 0x00, 0x1B, 0x00, 0x00, 0x00,
        0x25, 0x00, 0x00, 0x00, 0x6C, 0x00, 0x00, 0x00, 0x11, 0x22, 0x85, 0xF0, 0x2A, 0x00, 0x00, 0x00,
        0x19, 0x02, 0x00, 0x00, 0x23, 0x00, 0x00, 0x00, 0x1E, 0x02, 0x00, 0x00, 0x2B, 0x00, 0x00, 0x00,
        0x06, 0xCE, 0x15, 0x35, 0x1A, 0x00, 0x00, 0x00, 0xB5, 0x22, 0xB4, 0x87, 0x1A, 0x00, 0x00, 0x00,
        0x2F, 0x00, 0x00, 0x00, 0x1A, 0x00, 0x00, 0x00, 0xC2, 0x2A, 0x80, 0x09, 0x22, 0x00, 0x00, 0x00,
        0xEC, 0x20, 0xBB, 0x34, 0x23, 0x00, 0x00, 0x00, 0x9B, 0x16, 0x84, 0xF5, 0x23, 0x00, 0x00, 0x00,
        0x29, 0xF6, 0xA0, 0x19, 0x1B, 0x00, 0x00, 0x00, 0x22, 0x00, 0x00, 0x00, 0x21, 0x02, 0x00, 0x00,
        0x1B, 0x00, 0x00, 0x00, 0x1B, 0x00, 0x00, 0x00, 0x2E, 0x00, 0x00, 0x00, 0x1B, 0x02, 0x00, 0x00,
        0x25, 0x00, 0x00, 0x00, 0x1D, 0xA9, 0x9D, 0x20, 0x2E, 0x00, 0x00, 0x00, 0x2A, 0x00, 0x00, 0x00,
        0x3B, 0x00, 0x00, 0x00, 0x1A, 0x00, 0x00, 0x00, 0x1A, 0x02, 0x00, 0x00, 0x22, 0x00, 0x00, 0x00,
        0x11, 0x22, 0x85, 0xF0, 0x22, 0x00, 0x00, 0x00, 0xB5, 0x22, 0xB4, 0x87, 0x1A, 0x00, 0x00, 0x00,
        0x06, 0xCE, 0x15, 0x35, 0x1A, 0x00, 0x00, 0x00, 0xD6, 0x8A, 0x7C, 0x97, 0x2B, 0x00, 0x00, 0x00,
        0x19, 0x02, 0x00, 0x00, 0x23, 0x00, 0x00, 0x00, 0x1B, 0x02, 0x00, 0x00, 0x1B, 0x00, 0x00, 0x00,
        0x22, 0x00, 0x00, 0x00, 0x19, 0x02, 0x00, 0x00, 0x23, 0x00, 0x00, 0x00, 0x1B, 0x02, 0x00, 0x00,
        0x1B, 0x00, 0x00, 0x00, 0x1B, 0x00, 0x00, 0x00, 0x25, 0x00, 0x00, 0x00, 0x6C, 0x00, 0x00, 0x00,
        0xDC, 0x60, 0x9C, 0x60, 0x2A, 0x00, 0x00, 0x00, 0x1A, 0x02, 0x00, 0x00, 0x2B, 0x00, 0x00, 0x00,
        0xC4, 0xCB, 0x1B, 0xEA, 0x25, 0x00, 0x00, 0x00, 0x6C, 0x00, 0x00, 0x00, 0x06, 0xB4, 0xBD, 0xEC,
        0x2A, 0x00, 0x00, 0x00, 0x06, 0xCE, 0x15, 0x35, 0x1A, 0x00, 0x00, 0x00, 0x1A, 0x00, 0x00, 0x00,
        0xD6, 0x8A, 0x7C, 0x97, 0x2B, 0x00, 0x00, 0x00, 0xC4, 0xCB, 0x1B, 0xEA, 0x1B, 0x00, 0x00, 0x00,
        0x2D, 0x00, 0x00, 0x00, 0x1A, 0x00, 0x00, 0x00, 0xDC, 0x60, 0x9C, 0x60, 0x2E, 0x00, 0x00, 0x00,
        0xDC, 0x60, 0x9C, 0x60, 0x1B, 0x00, 0x00, 0x00, 0x1B, 0x00, 0x00, 0x00, 0x25, 0x00, 0x00, 0x00,
        0xA2, 0x48, 0x36, 0xC7, 0x23, 0x00, 0x00, 0x00, 0x38, 0x98, 0x34, 0x21, 0x2A, 0x00, 0x00, 0x00,
        0x3B, 0x00, 0x00, 0x00, 0x1A, 0x00, 0x00, 0x00, 0x06, 0xB4, 0xBD, 0xEC, 0x22, 0x00, 0x00, 0x00,
        0x1D, 0xA9, 0x9D, 0x20, 0x22, 0x00, 0x00, 0x00, 0xEC, 0x20, 0xBB, 0x34, 0x23, 0x00, 0x00, 0x00,
        0x9B, 0x16, 0x84, 0xF5, 0x23, 0x00, 0x00, 0x00, 0x64, 0xD2, 0xE1, 0xBE, 0x1B, 0x00, 0x00, 0x00,
        0x25, 0x00, 0x00, 0x00, 0x6E, 0x00, 0x00, 0x00, 0xA9, 0x36, 0x4C, 0xED, 0x2A, 0x00, 0x00, 0x00,
        0x27, 0x20, 0x74, 0xCE, 0x1A, 0x00, 0x00, 0x00, 0xEC, 0x20, 0xBB, 0x34, 0x23, 0x00, 0x00, 0x00,
        0x9B, 0x16, 0x84, 0xF5, 0x23, 0x00, 0x00, 0x00, 0x05, 0x30, 0x09, 0xA3, 0x22, 0x00, 0x00, 0x00,
        0x2C, 0x00, 0x00, 0x00, 0x4B, 0xC3, 0x52, 0xCE, 0x1A, 0x00, 0x00, 0x00, 0xEC, 0x20, 0xBB, 0x34,
        0x23, 0x00, 0x00, 0x00, 0x60, 0x54, 0xF0, 0x57, 0x1B, 0x00, 0x00, 0x00, 0x22, 0x00, 0x00, 0x00,
        0xF7, 0x5C, 0x1A, 0x6B, 0x23, 0x00, 0x00, 0x00, 0x0C, 0xAA, 0xA6, 0x00, 0x22, 0x00, 0x00, 0x00,
        0xEC, 0x20, 0xBB, 0x34, 0x23, 0x00, 0x00, 0x00, 0x16, 0x4E, 0xE7, 0x46, 0x1B, 0x00, 0x00, 0x00,
        0x2E, 0x00, 0x00, 0x00, 0xEC, 0x20, 0xBB, 0x34, 0x23, 0x00, 0x00, 0x00, 0x76, 0x5B, 0x5D, 0xBB,
        0x25, 0x00, 0x00, 0x00, 0xA9, 0x36, 0x4C, 0xED, 0x2E, 0x00, 0x00, 0x00, 0x2A, 0x00, 0x00, 0x00,
        0x06, 0xCE, 0x15, 0x35, 0x1A, 0x00, 0x00, 0x00, 0x39, 0x8F, 0x0D, 0xFB, 0x1B, 0x00, 0x00, 0x00,
        0x25, 0x00, 0x00, 0x00, 0x7C, 0x06, 0x37, 0x51, 0x1A, 0x00, 0x00, 0x00, 0xF7, 0x5C, 0x1A, 0x6B,
        0x23, 0x00, 0x00, 0x00, 0x29, 0x57, 0xDE, 0x8C, 0x2A, 0x00, 0x00, 0x00, 0x2A, 0x00, 0x00, 0x00,
        0x15, 0x4E, 0x0B, 0xE5, 0x1B, 0x00, 0x00, 0x00, 0x1E, 0x00, 0x00, 0x00, 0x8C, 0x00, 0x00, 0x00,
        0x54, 0x00, 0x00, 0x00, 0x40, 0x79, 0xF5, 0xBB, 0x2A, 0x00, 0x00, 0x00, 0x54, 0x00, 0x00, 0x00,
        0x1A, 0x00, 0x00, 0x00, 0xC2, 0x2A, 0x80, 0x09, 0x23, 0x00, 0x00, 0x00, 0x0F, 0x02, 0x00, 0x00,
        0x22, 0x00, 0x00, 0x00, 0xC2, 0x2A, 0x80, 0x09, 0x23, 0x00, 0x00, 0x00, 0x10, 0x02, 0x00, 0x00,
        0x1B, 0x00, 0x00, 0x00, 0x2E, 0x00, 0x00, 0x00, 0x36, 0x85, 0x95, 0x14, 0x25, 0x00, 0x00, 0x00,
        0x8C, 0x00, 0x00, 0x00, 0x54, 0x00, 0x00, 0x00, 0x45, 0x4B, 0xF7, 0xAA, 0x2A, 0x00, 0x00, 0x00,
        0xEC, 0x20, 0xBB, 0x34, 0x23, 0x00, 0x00, 0x00, 0x9B, 0x16, 0x84, 0xF5, 0x23, 0x00, 0x00, 0x00,
        0xCC, 0xDF, 0x38, 0x56, 0x23, 0x00, 0x00, 0x00, 0x99, 0x28, 0xE6, 0x8F, 0x25, 0x00, 0x00, 0x00,
        0x8C, 0x00, 0x00, 0x00, 0x53, 0x00, 0x00, 0x00, 0xFC, 0xC3, 0x24, 0xCA, 0x2A, 0x00, 0x00, 0x00,
        0x5B, 0x55, 0x6F, 0x77, 0x1A, 0x00, 0x00, 0x00, 0xDE, 0x44, 0x98, 0xF2, 0x22, 0x00, 0x00, 0x00,
        0x45, 0x4B, 0xF7, 0xAA, 0x1B, 0x00, 0x00, 0x00, 0x25, 0x00, 0x00, 0x00, 0x53, 0x00, 0x00, 0x00,
        0xE7, 0x06, 0x6B, 0x91, 0x2A, 0x00, 0x00, 0x00, 0x3F, 0x00, 0x00, 0x00, 0x1A, 0x00, 0x00, 0x00,
        0xFC, 0xC3, 0x24, 0xCA, 0x22, 0x00, 0x00, 0x00, 0x5B, 0x55, 0x6F, 0x77, 0x1A, 0x00, 0x00, 0x00,
        0xDE, 0x44, 0x98, 0xF2, 0x22, 0x00, 0x00, 0x00, 0x45, 0x4B, 0xF7, 0xAA, 0x2B, 0x00, 0x00, 0x00,
        0x1A, 0x02, 0x00, 0x00, 0x23, 0x00, 0x00, 0x00, 0xDD, 0x3A, 0xB5, 0x22, 0x2E, 0x00, 0x00, 0x00,
        0x40, 0x79, 0xF5, 0xBB, 0x1B, 0x00, 0x00, 0x00, 0x1B, 0x00, 0x00, 0x00, 0x25, 0x00, 0x00, 0x00,
        0xE7, 0x06, 0x6B, 0x91, 0x2A, 0x00, 0x00, 0x00, 0x3F, 0x00, 0x00, 0x00, 0x1A, 0x00, 0x00, 0x00,
        0xE7, 0x06, 0x6B, 0x91, 0x22, 0x00, 0x00, 0x00, 0x5B, 0x55, 0x6F, 0x77, 0x1A, 0x00, 0x00, 0x00,
        0xDE, 0x44, 0x98, 0xF2, 0x22, 0x00, 0x00, 0x00, 0x45, 0x4B, 0xF7, 0xAA, 0x2B, 0x00, 0x00, 0x00,
        0x19, 0x02, 0x00, 0x00, 0x23, 0x00, 0x00, 0x00, 0xDC, 0x44, 0x01, 0x99, 0x2E, 0x00, 0x00, 0x00,
        0x40, 0x79, 0xF5, 0xBB, 0x1B, 0x00, 0x00, 0x00, 0x1B, 0x00, 0x00, 0x00, 0x25, 0x00, 0x00, 0x00,
        0xE7, 0x06, 0x6B, 0x91, 0x2A, 0x00, 0x00, 0x00, 0x3F, 0x00, 0x00, 0x00, 0x1A, 0x00, 0x00, 0x00,
        0xE7, 0x06, 0x6B, 0x91, 0x22, 0x00, 0x00, 0x00, 0x5B, 0x55, 0x6F, 0x77, 0x1A, 0x00, 0x00, 0x00,
        0xDE, 0x44, 0x98, 0xF2, 0x22, 0x00, 0x00, 0x00, 0x45, 0x4B, 0xF7, 0xAA, 0x2B, 0x00, 0x00, 0x00,
        0x19, 0x02, 0x00, 0x00, 0x23, 0x00, 0x00, 0x00, 0xFD, 0x86, 0xD7, 0x92, 0x2E, 0x00, 0x00, 0x00,
        0x40, 0x79, 0xF5, 0xBB, 0x1B, 0x00, 0x00, 0x00, 0x1B, 0x00, 0x00, 0x00, 0x25, 0x00, 0x00, 0x00,
        0xA2, 0x48, 0x36, 0xC7, 0x23, 0x00, 0x00, 0x00, 0x38, 0x98, 0x34, 0x21, 0x2E, 0x00, 0x00, 0x00,
        0x2A, 0x00, 0x00, 0x00, 0x1A, 0x02, 0x00, 0x00, 0x23, 0x00, 0x00, 0x00, 0x66, 0xCD, 0xF6, 0xDD,
        0x2C, 0x00, 0x00, 0x00, 0x06, 0xCE, 0x15, 0x35, 0x1A, 0x00, 0x00, 0x00, 0x1A, 0x00, 0x00, 0x00,
        0xE7, 0x06, 0x6B, 0x91, 0x2C, 0x00, 0x00, 0x00, 0xFC, 0xC3, 0x24, 0xCA, 0x1B, 0x00, 0x00, 0x00,
        0x2E, 0x00, 0x00, 0x00, 0xE8, 0xA2, 0xAB, 0xBF, 0x1B, 0x00, 0x00, 0x00, 0x2E, 0x00, 0x00, 0x00,
        0xEC, 0x20, 0xBB, 0x34, 0x23, 0x00, 0x00, 0x00, 0x9B, 0x16, 0x84, 0xF5, 0x23, 0x00, 0x00, 0x00,
        0x64, 0xD2, 0xE1, 0xBE, 0x25, 0x00, 0x00, 0x00, 0x1F, 0x00, 0x00, 0x00, 0x0E, 0x00, 0x00, 0x00,
        0xA2, 0x48, 0x36, 0xC7, 0x2E, 0x00, 0x00, 0x00, 0x2A, 0x00, 0x00, 0x00, 0xF7, 0x5C, 0x1A, 0x6B,
        0x23, 0x00, 0x00, 0x00, 0x81, 0x51, 0x3D, 0x57, 0x23, 0x00, 0x00, 0x00, 0x52, 0xD5, 0x34, 0x5C,
        0x25, 0x00, 0x00, 0x00, 0xA9, 0x36, 0x4C, 0xED, 0x2E, 0x00, 0x00, 0x00, 0x2A, 0x00, 0x00, 0x00,
        0xF7, 0x5C, 0x1A, 0x6B, 0x23, 0x00, 0x00, 0x00, 0x81, 0x51, 0x3D, 0x57, 0x23, 0x00, 0x00, 0x00,
        0x52, 0xD5, 0x34, 0x5C, 0x25, 0x00, 0x00, 0x00, 0x09, 0x00, 0x00, 0x00, 0x60, 0x52, 0x8A, 0xA9,
        0x7C, 0x06, 0x37, 0x51, 0x1A, 0x00, 0x00, 0x00, 0xF7, 0x5C, 0x1A, 0x6B, 0x23, 0x00, 0x00, 0x00,
        0x29, 0x57, 0xDE, 0x8C, 0x2A, 0x00, 0x00, 0x00, 0x2A, 0x00, 0x00, 0x00, 0x9A, 0xED, 0x4A, 0x2E,
        0x10, 0x00, 0x00, 0x00, 0x10, 0x00, 0x00, 0x00, 0xF7, 0x5C, 0x1A, 0x6B, 0x23, 0x00, 0x00, 0x00,
        0x29, 0x57, 0xDE, 0x8C, 0x2A, 0x00, 0x00, 0x00, 0x2A, 0x00, 0x00, 0x00, 0xA0, 0x7E, 0x06, 0x96,
        0x1B, 0x00, 0x00, 0x00, 0x1E, 0x00, 0x00, 0x00, 0x55, 0x00, 0x00, 0x00, 0xA8, 0xD9, 0x47, 0x4B,
        0x2A, 0x00, 0x00, 0x00, 0x19, 0x02, 0x00, 0x00, 0x25, 0x00, 0x00, 0x00, 0x55, 0x00, 0x00, 0x00,
        0x3D, 0x89, 0x39, 0xCE, 0x2A, 0x00, 0x00, 0x00, 0x19, 0x02, 0x00, 0x00, 0x25, 0x00, 0x00, 0x00,
        0x4F, 0xA7, 0xD2, 0xCC, 0x1A, 0x00, 0x00, 0x00, 0xEC, 0x20, 0xBB, 0x34, 0x23, 0x00, 0x00, 0x00,
        0x9B, 0x16, 0x84, 0xF5, 0x23, 0x00, 0x00, 0x00, 0x9F, 0xE3, 0xB5, 0x1E, 0x22, 0x00, 0x00, 0x00,
        0x2C, 0x00, 0x00, 0x00, 0x4B, 0xC3, 0x52, 0xCE, 0x1A, 0x00, 0x00, 0x00, 0xEC, 0x20, 0xBB, 0x34,
        0x23, 0x00, 0x00, 0x00, 0x71, 0x0F, 0xBE, 0x64, 0x23, 0x00, 0x00, 0x00, 0xF5, 0xE4, 0x2C, 0x46,
        0x1B, 0x00, 0x00, 0x00, 0x22, 0x00, 0x00, 0x00, 0xEC, 0x20, 0xBB, 0x34, 0x23, 0x00, 0x00, 0x00,
        0x16, 0x4E, 0xE7, 0x46, 0x22, 0x00, 0x00, 0x00, 0xEC, 0x20, 0xBB, 0x34, 0x23, 0x00, 0x00, 0x00,
        0x76, 0x5B, 0x5D, 0xBB, 0x22, 0x00, 0x00, 0x00, 0xEC, 0x20, 0xBB, 0x34, 0x23, 0x00, 0x00, 0x00,
        0x71, 0x0F, 0xBE, 0x64, 0x22, 0x00, 0x00, 0x00, 0xDC, 0xD3, 0x9A, 0xC6, 0x22, 0x00, 0x00, 0x00,
        0xA8, 0xD9, 0x47, 0x4B, 0x22, 0x00, 0x00, 0x00, 0x3D, 0x89, 0x39, 0xCE, 0x1B, 0x00, 0x00, 0x00,
        0x25, 0x00, 0x00, 0x00, 0x55, 0x00, 0x00, 0x00, 0xA9, 0x28, 0xAC, 0xC0, 0x2A, 0x00, 0x00, 0x00,
        0x19, 0x02, 0x00, 0x00, 0x25, 0x00, 0x00, 0x00, 0x55, 0x00, 0x00, 0x00, 0x3C, 0x78, 0xD2, 0x45,
        0x2A, 0x00, 0x00, 0x00, 0x19, 0x02, 0x00, 0x00, 0x25, 0x00, 0x00, 0x00, 0x4F, 0xA7, 0xD2, 0xCC,
        0x1A, 0x00, 0x00, 0x00, 0xEC, 0x20, 0xBB, 0x34, 0x23, 0x00, 0x00, 0x00, 0x9B, 0x16, 0x84, 0xF5,
        0x23, 0x00, 0x00, 0x00, 0x05, 0x30, 0x09, 0xA3, 0x22, 0x00, 0x00, 0x00, 0x2C, 0x00, 0x00, 0x00,
        0x4B, 0xC3, 0x52, 0xCE, 0x1A, 0x00, 0x00, 0x00, 0xEC, 0x20, 0xBB, 0x34, 0x23, 0x00, 0x00, 0x00,
        0x71, 0x0F, 0xBE, 0x64, 0x23, 0x00, 0x00, 0x00, 0xF5, 0xE4, 0x2C, 0x46, 0x1B, 0x00, 0x00, 0x00,
        0x22, 0x00, 0x00, 0x00, 0xEC, 0x20, 0xBB, 0x34, 0x23, 0x00, 0x00, 0x00, 0x16, 0x4E, 0xE7, 0x46,
        0x22, 0x00, 0x00, 0x00, 0xEC, 0x20, 0xBB, 0x34, 0x23, 0x00, 0x00, 0x00, 0x76, 0x5B, 0x5D, 0xBB,
        0x22, 0x00, 0x00, 0x00, 0xEC, 0x20, 0xBB, 0x34, 0x23, 0x00, 0x00, 0x00, 0x71, 0x0F, 0xBE, 0x64,
        0x22, 0x00, 0x00, 0x00, 0xDC, 0xD3, 0x9A, 0xC6, 0x22, 0x00, 0x00, 0x00, 0xA9, 0x28, 0xAC, 0xC0,
        0x22, 0x00, 0x00, 0x00, 0x3C, 0x78, 0xD2, 0x45, 0x1B, 0x00, 0x00, 0x00, 0x25, 0x00, 0x00, 0x00,
        0xA2, 0x48, 0x36, 0xC7, 0x2A, 0x00, 0x00, 0x00, 0x31, 0x00, 0x00, 0x00, 0x1A, 0x00, 0x00, 0x00,
        0xA8, 0xD9, 0x47, 0x4B, 0x2E, 0x00, 0x00, 0x00, 0xA2, 0x48, 0x36, 0xC7, 0x1B, 0x00, 0x00, 0x00,
        0x25, 0x00, 0x00, 0x00, 0xA9, 0x36, 0x4C, 0xED, 0x2A, 0x00, 0x00, 0x00, 0x3C, 0x78, 0xD2, 0x45,
        0x25, 0x00, 0x00, 0x00, 0x1F, 0x00, 0x00, 0x00, 0x0E, 0x00, 0x00, 0x00, 0x4D, 0xC5, 0xF2, 0x37,
        0x2A, 0x00, 0x00, 0x00, 0xA2, 0x48, 0x36, 0xC7, 0x23, 0x00, 0x00, 0x00, 0x67, 0xBA, 0x8E, 0xEB,
        0x2E, 0x00, 0x00, 0x00, 0xF7, 0x5C, 0x1A, 0x6B, 0x23, 0x00, 0x00, 0x00, 0x81, 0x51, 0x3D, 0x57,
        0x23, 0x00, 0x00, 0x00, 0xE5, 0x00, 0x00, 0x00, 0x2E, 0x00, 0x00, 0x00, 0xF7, 0x5C, 0x1A, 0x6B,
        0x23, 0x00, 0x00, 0x00, 0x81, 0x51, 0x3D, 0x57, 0x23, 0x00, 0x00, 0x00, 0x1C, 0x02, 0xE8, 0xA5,
        0x25, 0x00, 0x00, 0x00, 0x03, 0x8A, 0xAF, 0xFD, 0x2A, 0x00, 0x00, 0x00, 0xA9, 0x36, 0x4C, 0xED,
        0x23, 0x00, 0x00, 0x00, 0x67, 0xBA, 0x8E, 0xEB, 0x2E, 0x00, 0x00, 0x00, 0xF7, 0x5C, 0x1A, 0x6B,
        0x23, 0x00, 0x00, 0x00, 0x81, 0x51, 0x3D, 0x57, 0x23, 0x00, 0x00, 0x00, 0xE5, 0x00, 0x00, 0x00,
        0x2E, 0x00, 0x00, 0x00, 0xF7, 0x5C, 0x1A, 0x6B, 0x23, 0x00, 0x00, 0x00, 0x81, 0x51, 0x3D, 0x57,
        0x23, 0x00, 0x00, 0x00, 0x1C, 0x02, 0xE8, 0xA5, 0x25, 0x00, 0x00, 0x00, 0x1F, 0x00, 0x00, 0x00,
        0x01, 0x00, 0x00, 0x00, 0x65, 0xBA, 0xD8, 0x63, 0x06, 0x00, 0x00, 0x00, 0x26, 0x00, 0x00, 0x00,
        0x48, 0x1A, 0xCC, 0x10, 0x61, 0x02, 0x00, 0x00, 0x0E, 0x00, 0x00, 0x00, 0x6D, 0x00, 0x00, 0x00,
        0x6B, 0x3A, 0x65, 0x59, 0x1A, 0x00, 0x00, 0x00, 0x45, 0xC9, 0x24, 0x59, 0x24, 0x8A, 0x06, 0xF1,
        0x1B, 0x00, 0x00, 0x00, 0x24, 0x00, 0x00, 0x00, 0x70, 0x64, 0xA0, 0x2E, 0x1E, 0x00, 0x00, 0x00,
        0x1E, 0x00, 0x00, 0x00, 0x8C, 0x00, 0x00, 0x00, 0x53, 0x00, 0x00, 0x00, 0x6A, 0xAE, 0xD8, 0x33,
        0x2A, 0x00, 0x00, 0x00, 0x5A, 0x29, 0xAB, 0x89, 0x1A, 0x00, 0x00, 0x00, 0x1B, 0x00, 0x00, 0x00,
        0x25, 0x00, 0x00, 0x00, 0x67, 0x14, 0x20, 0xAD, 0x1A, 0x00, 0x00, 0x00, 0x1A, 0x00, 0x00, 0x00,
        0x6A, 0xAE, 0xD8, 0x33, 0x21, 0x00, 0x00, 0x00, 0x2A, 0x00, 0x00, 0x00, 0x19, 0x02, 0x00, 0x00,
        0x29, 0x00, 0x00, 0x00, 0x1A, 0x02, 0x00, 0x00, 0x23, 0x00, 0x00, 0x00, 0x19, 0x02, 0x00, 0x00,
        0x24, 0x00, 0x00, 0x00, 0x2C, 0x00, 0x00, 0x00, 0x1A, 0x02, 0x00, 0x00, 0x23, 0x00, 0x00, 0x00,
        0x19, 0x02, 0x00, 0x00, 0x1B, 0x00, 0x00, 0x00, 0x2E, 0x00, 0x00, 0x00, 0x1A, 0x00, 0x00, 0x00,
        0x13, 0xF1, 0x4F, 0x26, 0x1A, 0x00, 0x00, 0x00, 0x1A, 0x00, 0x00, 0x00, 0x65, 0x00, 0x00, 0x00,
        0x1B, 0x00, 0x00, 0x00, 0x24, 0x8A, 0x06, 0xF1, 0x23, 0x00, 0x00, 0x00, 0x59, 0x91, 0x4B, 0x30,
        0x23, 0x00, 0x00, 0x00, 0x99, 0x28, 0xE6, 0x8F, 0x1B, 0x00, 0x00, 0x00, 0x2C, 0x00, 0x00, 0x00,
        0x3C, 0x00, 0x00, 0x00, 0x1A, 0x00, 0x00, 0x00, 0x6A, 0xAE, 0xD8, 0x33, 0x1B, 0x00, 0x00, 0x00,
        0x1B, 0x00, 0x00, 0x00, 0x1B, 0x00, 0x00, 0x00, 0x25, 0x00, 0x00, 0x00, 0x1F, 0x00, 0x00, 0x00,
        0x6F, 0x00, 0x00, 0x00, 0x06, 0x35, 0x06, 0x86, 0x2A, 0x00, 0x00, 0x00, 0x02, 0x4A, 0x77, 0x6C,
        0x1A, 0x00, 0x00, 0x00, 0xBC, 0xCA, 0x20, 0xF1, 0x22, 0x00, 0x00, 0x00, 0x24, 0x8A, 0x06, 0xF1,
        0x23, 0x00, 0x00, 0x00, 0xCC, 0xDF, 0x38, 0x56, 0x23, 0x00, 0x00, 0x00, 0x99, 0x28, 0xE6, 0x8F,
        0x1B, 0x00, 0x00, 0x00, 0x25, 0x00, 0x00, 0x00, 0x6F, 0x00, 0x00, 0x00, 0x97, 0x16, 0x3F, 0x8B,
        0x2A, 0x00, 0x00, 0x00, 0xF9, 0x4C, 0x39, 0x17, 0x1A, 0x00, 0x00, 0x00, 0xF2, 0x85, 0x7D, 0x3B,
        0x22, 0x00, 0x00, 0x00, 0x24, 0x8A, 0x06, 0xF1, 0x23, 0x00, 0x00, 0x00, 0xCC, 0xDF, 0x38, 0x56,
        0x23, 0x00, 0x00, 0x00, 0x99, 0x28, 0xE6, 0x8F, 0x1B, 0x00, 0x00, 0x00, 0x25, 0x00, 0x00, 0x00,
        0x6C, 0x00, 0x00, 0x00, 0xE4, 0x91, 0x8B, 0x05, 0x2A, 0x00, 0x00, 0x00, 0x06, 0x35, 0x06, 0x86,
        0x23, 0x00, 0x00, 0x00, 0x12, 0x02, 0x00, 0x00, 0x2E, 0x00, 0x00, 0x00, 0x27, 0x12, 0xC5, 0x8C,
        0x25, 0x00, 0x00, 0x00, 0x6C, 0x00, 0x00, 0x00, 0x15, 0xEA, 0x55, 0xF3, 0x2A, 0x00, 0x00, 0x00,
        0x3B, 0x00, 0x00, 0x00, 0x1A, 0x00, 0x00, 0x00, 0x1A, 0x02, 0x00, 0x00, 0x23, 0x00, 0x00, 0x00,
        0xE7, 0x06, 0x6B, 0x91, 0x22, 0x00, 0x00, 0x00, 0x97, 0x16, 0x3F, 0x8B, 0x23, 0x00, 0x00, 0x00,
        0x12, 0x02, 0x00, 0x00, 0x22, 0x00, 0x00, 0x00, 0x80, 0x5A, 0x2B, 0xBE, 0x1B, 0x00, 0x00, 0x00,
        0x25, 0x00, 0x00, 0x00, 0xD8, 0x00, 0x00, 0x00, 0x6D, 0x00, 0x00, 0x00, 0x1A, 0x00, 0x00, 0x00,
        0xE4, 0x91, 0x8B, 0x05, 0x22, 0x00, 0x00, 0x00, 0x15, 0xEA, 0x55, 0xF3, 0x1B, 0x00, 0x00, 0x00,
        0x25, 0x00, 0x00, 0x00, 0x1F, 0x00, 0x00, 0x00, 0x06, 0x00, 0x00, 0x00, 0x26, 0x00, 0x00, 0x00,
        0x48, 0x1A, 0xCC, 0x10, 0x61, 0x02, 0x00, 0x00, 0x0E, 0x00, 0x00, 0x00, 0xA6, 0x85, 0xE2, 0xC6,
        0xE3, 0x9B, 0xC3, 0x46, 0x1A, 0x00, 0x00, 0x00, 0x45, 0xC9, 0x24, 0x59, 0x24, 0x8A, 0x06, 0xF1,
        0x1B, 0x00, 0x00, 0x00, 0x1E, 0x00, 0x00, 0x00, 0x1E, 0x00, 0x00, 0x00, 0x8C, 0x00, 0x00, 0x00,
        0x53, 0x00, 0x00, 0x00, 0x6A, 0xAE, 0xD8, 0x33, 0x2A, 0x00, 0x00, 0x00, 0x5A, 0x29, 0xAB, 0x89,
        0x1A, 0x00, 0x00, 0x00, 0x1B, 0x00, 0x00, 0x00, 0x25, 0x00, 0x00, 0x00, 0x67, 0x14, 0x20, 0xAD,
        0x1A, 0x00, 0x00, 0x00, 0x1A, 0x00, 0x00, 0x00, 0x6A, 0xAE, 0xD8, 0x33, 0x21, 0x00, 0x00, 0x00,
        0x2A, 0x00, 0x00, 0x00, 0x19, 0x02, 0x00, 0x00, 0x29, 0x00, 0x00, 0x00, 0x1A, 0x02, 0x00, 0x00,
        0x23, 0x00, 0x00, 0x00, 0x19, 0x02, 0x00, 0x00, 0x24, 0x00, 0x00, 0x00, 0x2C, 0x00, 0x00, 0x00,
        0x1A, 0x02, 0x00, 0x00, 0x23, 0x00, 0x00, 0x00, 0x19, 0x02, 0x00, 0x00, 0x1B, 0x00, 0x00, 0x00,
        0x2E, 0x00, 0x00, 0x00, 0x1A, 0x00, 0x00, 0x00, 0x13, 0xF1, 0x4F, 0x26, 0x1A, 0x00, 0x00, 0x00,
        0x1A, 0x00, 0x00, 0x00, 0x65, 0x00, 0x00, 0x00, 0x1B, 0x00, 0x00, 0x00, 0x24, 0x8A, 0x06, 0xF1,
        0x23, 0x00, 0x00, 0x00, 0x59, 0x91, 0x4B, 0x30, 0x23, 0x00, 0x00, 0x00, 0x99, 0x28, 0xE6, 0x8F,
        0x1B, 0x00, 0x00, 0x00, 0x2C, 0x00, 0x00, 0x00, 0x3C, 0x00, 0x00, 0x00, 0x1A, 0x00, 0x00, 0x00,
        0x6A, 0xAE, 0xD8, 0x33, 0x1B, 0x00, 0x00, 0x00, 0x1B, 0x00, 0x00, 0x00, 0x1B, 0x00, 0x00, 0x00,
        0x25, 0x00, 0x00, 0x00, 0x1F, 0x00, 0x00, 0x00, 0xA6, 0x85, 0xE2, 0xC6, 0x13, 0x2F, 0x4D, 0x2F,
        0x2A, 0x00, 0x00, 0x00, 0x1A, 0x00, 0x00, 0x00, 0xA6, 0x85, 0xE2, 0xC6, 0x1B, 0x00, 0x00, 0x00,
        0x19, 0x02, 0x00, 0x00, 0x25, 0x00, 0x00, 0x00, 0x54, 0x26, 0xCF, 0x09, 0xEC, 0x20, 0xBB, 0x34,
        0x2A, 0x00, 0x00, 0x00, 0x1A, 0x00, 0x00, 0x00, 0x54, 0x26, 0xCF, 0x09, 0x1B, 0x00, 0x00, 0x00,
        0x19, 0x02, 0x00, 0x00, 0x25, 0x00, 0x00, 0x00, 0x55, 0x00, 0x00, 0x00, 0x1E, 0xF6, 0x3F, 0x85,
        0x2A, 0x00, 0x00, 0x00, 0x39, 0x14, 0x13, 0x57, 0x1A, 0x00, 0x00, 0x00, 0x24, 0x8A, 0x06, 0xF1,
        0x23, 0x00, 0x00, 0x00, 0x74, 0xAA, 0xD6, 0x79, 0x23, 0x00, 0x00, 0x00, 0x67, 0xBA, 0x8E, 0xEB,
        0x22, 0x00, 0x00, 0x00, 0x24, 0x8A, 0x06, 0xF1, 0x23, 0x00, 0x00, 0x00, 0x10, 0xAB, 0x61, 0x80,
        0x23, 0x00, 0x00, 0x00, 0x67, 0xBA, 0x8E, 0xEB, 0x1B, 0x00, 0x00, 0x00, 0x2E, 0x00, 0x00, 0x00,
        0x24, 0x8A, 0x06, 0xF1, 0x23, 0x00, 0x00, 0x00, 0x74, 0xAA, 0xD6, 0x79, 0x23, 0x00, 0x00, 0x00,
        0x12, 0x02, 0x00, 0x00, 0x25, 0x00, 0x00, 0x00, 0xEC, 0x20, 0xBB, 0x34, 0x23, 0x00, 0x00, 0x00,
        0x5E, 0xF7, 0xEE, 0xE1, 0x2A, 0x00, 0x00, 0x00, 0x24, 0x8A, 0x06, 0xF1, 0x23, 0x00, 0x00, 0x00,
        0x54, 0x05, 0xA0, 0x01, 0x23, 0x00, 0x00, 0x00, 0x99, 0x28, 0xE6, 0x8F, 0x2D, 0x00, 0x00, 0x00,
        0x24, 0x8A, 0x06, 0xF1, 0x23, 0x00, 0x00, 0x00, 0x54, 0x05, 0xA0, 0x01, 0x23, 0x00, 0x00, 0x00,
        0x12, 0x02, 0x00, 0x00, 0x25, 0x00, 0x00, 0x00, 0xEC, 0x20, 0xBB, 0x34, 0x23, 0x00, 0x00, 0x00,
        0x60, 0x54, 0xF0, 0x57, 0x2A, 0x00, 0x00, 0x00, 0x24, 0x8A, 0x06, 0xF1, 0x23, 0x00, 0x00, 0x00,
        0xDE, 0x39, 0x3B, 0xCF, 0x23, 0x00, 0x00, 0x00, 0x67, 0xBA, 0x8E, 0xEB, 0x25, 0x00, 0x00, 0x00,
        0x06, 0x00, 0x00, 0x00, 0xEC, 0x20, 0xA5, 0x7F, 0xEC, 0x20, 0xBB, 0x34, 0x23, 0x00, 0x00, 0x00,
        0x39, 0x03, 0x07, 0x2D, 0x2A, 0x00, 0x00, 0x00, 0x02, 0x4A, 0x77, 0x6C, 0x1A, 0x00, 0x00, 0x00,
        0xBC, 0xCA, 0x20, 0xF1, 0x22, 0x00, 0x00, 0x00, 0x24, 0x8A, 0x06, 0xF1, 0x23, 0x00, 0x00, 0x00,
        0xCC, 0xDF, 0x38, 0x56, 0x23, 0x00, 0x00, 0x00, 0x99, 0x28, 0xE6, 0x8F, 0x1B, 0x00, 0x00, 0x00,
        0x23, 0x00, 0x00, 0x00, 0x38, 0x98, 0x34, 0x21, 0x25, 0x00, 0x00, 0x00, 0xEC, 0x20, 0xBB, 0x34,
        0x23, 0x00, 0x00, 0x00, 0x76, 0x5B, 0x5D, 0xBB, 0x2A, 0x00, 0x00, 0x00, 0x0E, 0x7E, 0x35, 0x6A,
        0x23, 0x00, 0x00, 0x00, 0x67, 0xBA, 0x8E, 0xEB, 0x25, 0x00, 0x00, 0x00, 0xEC, 0x20, 0xBB, 0x34,
        0x23, 0x00, 0x00, 0x00, 0xE4, 0x68, 0x85, 0x21, 0x2A, 0x00, 0x00, 0x00, 0x4B, 0xC3, 0x52, 0xCE,
        0x1A, 0x00, 0x00, 0x00, 0x1E, 0xF6, 0x3F, 0x85, 0x23, 0x00, 0x00, 0x00, 0x67, 0xBA, 0x8E, 0xEB,
        0x1B, 0x00, 0x00, 0x00, 0x25, 0x00, 0x00, 0x00, 0xEC, 0x20, 0xBB, 0x34, 0x23, 0x00, 0x00, 0x00,
        0x27, 0x29, 0xDF, 0xF4, 0x2A, 0x00, 0x00, 0x00, 0xEC, 0x20, 0xBB, 0x34, 0x23, 0x00, 0x00, 0x00,
        0xE4, 0x68, 0x85, 0x21, 0x25, 0x00, 0x00, 0x00, 0xEC, 0x20, 0xBB, 0x34, 0x23, 0x00, 0x00, 0x00,
        0x16, 0x4E, 0xE7, 0x46, 0x2A, 0x00, 0x00, 0x00, 0x0E, 0x7E, 0x35, 0x6A, 0x23, 0x00, 0x00, 0x00,
        0x12, 0x02, 0x00, 0x00, 0x25, 0x00, 0x00, 0x00, 0x0F, 0x00, 0x00, 0x00, 0x5A, 0x00, 0x00, 0x00,
        0xCB, 0x99, 0x26, 0x41, 0x2A, 0x00, 0x00, 0x00, 0x5A, 0x00, 0x00, 0x00, 0x1A, 0x00, 0x00, 0x00,
        0x24, 0x8A, 0x06, 0xF1, 0x23, 0x00, 0x00, 0x00, 0x74, 0xAA, 0xD6, 0x79, 0x23, 0x00, 0x00, 0x00,
        0x67, 0xBA, 0x8E, 0xEB, 0x22, 0x00, 0x00, 0x00, 0x24, 0x8A, 0x06, 0xF1, 0x23, 0x00, 0x00, 0x00,
        0x10, 0xAB, 0x61, 0x80, 0x23, 0x00, 0x00, 0x00, 0x67, 0xBA, 0x8E, 0xEB, 0x22, 0x00, 0x00, 0x00,
        0x1E, 0xF6, 0x3F, 0x85, 0x23, 0x00, 0x00, 0x00, 0x67, 0xBA, 0x8E, 0xEB, 0x1B, 0x00, 0x00, 0x00,
        0x25, 0x00, 0x00, 0x00, 0xEC, 0x20, 0xBB, 0x34, 0x23, 0x00, 0x00, 0x00, 0x9B, 0x16, 0x84, 0xF5,
        0x23, 0x00, 0x00, 0x00, 0xCB, 0x99, 0x26, 0x41, 0x2A, 0x00, 0x00, 0x00, 0xCB, 0x99, 0x26, 0x41,
        0x25, 0x00, 0x00, 0x00, 0xEC, 0x20, 0xBB, 0x34, 0x23, 0x00, 0x00, 0x00, 0x9B, 0x16, 0x84, 0xF5,
        0x23, 0x00, 0x00, 0x00, 0x9F, 0xE3, 0xB5, 0x1E, 0x2A, 0x00, 0x00, 0x00, 0x1E, 0xF6, 0x3F, 0x85,
        0x25, 0x00, 0x00, 0x00, 0xEC, 0x20, 0xBB, 0x34, 0x23, 0x00, 0x00, 0x00, 0x76, 0x5B, 0x5D, 0xBB,
        0x2A, 0x00, 0x00, 0x00, 0x0E, 0x7E, 0x35, 0x6A, 0x23, 0x00, 0x00, 0x00, 0x67, 0xBA, 0x8E, 0xEB,
        0x25, 0x00, 0x00, 0x00, 0xEC, 0x20, 0xBB, 0x34, 0x23, 0x00, 0x00, 0x00, 0x16, 0x4E, 0xE7, 0x46,
        0x2A, 0x00, 0x00, 0x00, 0x0E, 0x7E, 0x35, 0x6A, 0x23, 0x00, 0x00, 0x00, 0x12, 0x02, 0x00, 0x00,
        0x2E, 0x00, 0x00, 0x00, 0xDD, 0x7C, 0xD3, 0x9B, 0x1A, 0x00, 0x00, 0x00, 0x46, 0xF3, 0x9F, 0x9A,
        0x22, 0x00, 0x00, 0x00, 0x24, 0x8A, 0x06, 0xF1, 0x23, 0x00, 0x00, 0x00, 0xCC, 0xDF, 0x38, 0x56,
        0x23, 0x00, 0x00, 0x00, 0x99, 0x28, 0xE6, 0x8F, 0x1B, 0x00, 0x00, 0x00, 0x25, 0x00, 0x00, 0x00,
        0x6C, 0x00, 0x00, 0x00, 0x64, 0xD2, 0xE1, 0xBE, 0x2A, 0x00, 0x00, 0x00, 0x02, 0x4A, 0x77, 0x6C,
        0x1A, 0x00, 0x00, 0x00, 0xBC, 0xCA, 0x20, 0xF1, 0x22, 0x00, 0x00, 0x00, 0x24, 0x8A, 0x06, 0xF1,
        0x23, 0x00, 0x00, 0x00, 0xCC, 0xDF, 0x38, 0x56, 0x23, 0x00, 0x00, 0x00, 0x99, 0x28, 0xE6, 0x8F,
        0x1B, 0x00, 0x00, 0x00, 0x23, 0x00, 0x00, 0x00, 0x12, 0x02, 0x00, 0x00, 0x25, 0x00, 0x00, 0x00,
        0xEC, 0x20, 0xBB, 0x34, 0x23, 0x00, 0x00, 0x00, 0x16, 0x4E, 0xE7, 0x46, 0x2A, 0x00, 0x00, 0x00,
        0x3B, 0x00, 0x00, 0x00, 0x1A, 0x00, 0x00, 0x00, 0xEC, 0x20, 0xBB, 0x34, 0x23, 0x00, 0x00, 0x00,
        0x16, 0x4E, 0xE7, 0x46, 0x22, 0x00, 0x00, 0x00, 0x75, 0x59, 0x34, 0xC9, 0x22, 0x00, 0x00, 0x00,
        0x64, 0xD2, 0xE1, 0xBE, 0x1B, 0x00, 0x00, 0x00, 0x25, 0x00, 0x00, 0x00, 0x55, 0x00, 0x00, 0x00,
        0x67, 0x9B, 0x32, 0xB8, 0x2A, 0x00, 0x00, 0x00, 0x30, 0x00, 0x00, 0x00, 0x1A, 0x00, 0x00, 0x00,
        0xCB, 0x99, 0x26, 0x41, 0x22, 0x00, 0x00, 0x00, 0x2C, 0x00, 0x00, 0x00, 0x4B, 0xC3, 0x52, 0xCE,
        0x1A, 0x00, 0x00, 0x00, 0x24, 0x8A, 0x06, 0xF1, 0x23, 0x00, 0x00, 0x00, 0xDE, 0x39, 0x3B, 0xCF,
        0x23, 0x00, 0x00, 0x00, 0x67, 0xBA, 0x8E, 0xEB, 0x1B, 0x00, 0x00, 0x00, 0x1B, 0x00, 0x00, 0x00,
        0x23, 0x00, 0x00, 0x00, 0x67, 0xBA, 0x8E, 0xEB, 0x25, 0x00, 0x00, 0x00, 0x53, 0x00, 0x00, 0x00,
        0x95, 0x07, 0x64, 0x96, 0x2A, 0x00, 0x00, 0x00, 0x5B, 0x55, 0x6F, 0x77, 0x1A, 0x00, 0x00, 0x00,
        0xDE, 0x44, 0x98, 0xF2, 0x22, 0x00, 0x00, 0x00, 0x24, 0x8A, 0x06, 0xF1, 0x23, 0x00, 0x00, 0x00,
        0xCC, 0xDF, 0x38, 0x56, 0x23, 0x00, 0x00, 0x00, 0x99, 0x28, 0xE6, 0x8F, 0x1B, 0x00, 0x00, 0x00,
        0x23, 0x00, 0x00, 0x00, 0x0F, 0x02, 0x00, 0x00, 0x25, 0x00, 0x00, 0x00, 0x54, 0x00, 0x00, 0x00,
        0x70, 0xD1, 0xA5, 0xA0, 0x2A, 0x00, 0x00, 0x00, 0x5B, 0xA8, 0x6B, 0xD3, 0x25, 0x00, 0x00, 0x00,
        0x49, 0x00, 0x6B, 0x60, 0x23, 0x00, 0x00, 0x00, 0x1B, 0x0B, 0x2A, 0x7F, 0x1A, 0x00, 0x00, 0x00,
        0x70, 0xD1, 0xA5, 0xA0, 0x23, 0x00, 0x00, 0x00, 0x0F, 0x02, 0x00, 0x00, 0x22, 0x00, 0x00, 0x00,
        0x70, 0xD1, 0xA5, 0xA0, 0x23, 0x00, 0x00, 0x00, 0x10, 0x02, 0x00, 0x00, 0x1B, 0x00, 0x00, 0x00,
        0x25, 0x00, 0x00, 0x00, 0x8C, 0x00, 0x00, 0x00, 0x53, 0x00, 0x00, 0x00, 0x7F, 0x39, 0x36, 0x16,
        0x2A, 0x00, 0x00, 0x00, 0x73, 0xF8, 0x9F, 0xEF, 0x1A, 0x00, 0x00, 0x00, 0x24, 0x8A, 0x06, 0xF1,
        0x23, 0x00, 0x00, 0x00, 0xCC, 0xDF, 0x38, 0x56, 0x23, 0x00, 0x00, 0x00, 0x99, 0x28, 0xE6, 0x8F,
        0x22, 0x00, 0x00, 0x00, 0x70, 0xD1, 0xA5, 0xA0, 0x23, 0x00, 0x00, 0x00, 0x99, 0x28, 0xE6, 0x8F,
        0x1B, 0x00, 0x00, 0x00, 0x25, 0x00, 0x00, 0x00, 0x54, 0x00, 0x00, 0x00, 0xA1, 0xD8, 0xAE, 0xE3,
        0x2A, 0x00, 0x00, 0x00, 0x67, 0x83, 0xBD, 0x23, 0x1A, 0x00, 0x00, 0x00, 0x95, 0x07, 0x64, 0x96,
        0x22, 0x00, 0x00, 0x00, 0x24, 0x8A, 0x06, 0xF1, 0x23, 0x00, 0x00, 0x00, 0xCC, 0xDF, 0x38, 0x56,
        0x23, 0x00, 0x00, 0x00, 0x99, 0x28, 0xE6, 0x8F, 0x22, 0x00, 0x00, 0x00, 0x7F, 0x39, 0x36, 0x16,
        0x22, 0x00, 0x00, 0x00, 0x67, 0x9B, 0x32, 0xB8, 0x22, 0x00, 0x00, 0x00, 0x36, 0x85, 0x95, 0x14,
        0x2E, 0x00, 0x00, 0x00, 0x23, 0x02, 0x00, 0x00, 0x23, 0x00, 0x00, 0x00, 0x61, 0xE0, 0x4E, 0x3A,
        0x1B, 0x00, 0x00, 0x00, 0x25, 0x00, 0x00, 0x00, 0x6E, 0x00, 0x00, 0x00, 0x44, 0xA0, 0xB1, 0x0B,
        0x2A, 0x00, 0x00, 0x00, 0x83, 0x13, 0x0A, 0xB0, 0x1A, 0x00, 0x00, 0x00, 0x96, 0xB3, 0x59, 0x2A,
        0x22, 0x00, 0x00, 0x00, 0x24, 0x8A, 0x06, 0xF1, 0x23, 0x00, 0x00, 0x00, 0xCC, 0xDF, 0x38, 0x56,
        0x23, 0x00, 0x00, 0x00, 0x99, 0x28, 0xE6, 0x8F, 0x1B, 0x00, 0x00, 0x00, 0x25, 0x00, 0x00, 0x00,
        0xEC, 0x20, 0xBB, 0x34, 0x23, 0x00, 0x00, 0x00, 0x9B, 0x16, 0x84, 0xF5, 0x23, 0x00, 0x00, 0x00,
        0x05, 0x30, 0x09, 0xA3, 0x2A, 0x00, 0x00, 0x00, 0x4B, 0xC3, 0x52, 0xCE, 0x1A, 0x00, 0x00, 0x00,
        0x30, 0x00, 0x00, 0x00, 0x1A, 0x00, 0x00, 0x00, 0x44, 0xA0, 0xB1, 0x0B, 0x22, 0x00, 0x00, 0x00,
        0xCB, 0x99, 0x26, 0x41, 0x1B, 0x00, 0x00, 0x00, 0x1B, 0x00, 0x00, 0x00, 0x25, 0x00, 0x00, 0x00,
        0xEC, 0x20, 0xBB, 0x34, 0x23, 0x00, 0x00, 0x00, 0x27, 0x29, 0xDF, 0xF4, 0x2A, 0x00, 0x00, 0x00,
        0xEC, 0x20, 0xBB, 0x34, 0x23, 0x00, 0x00, 0x00, 0x9B, 0x16, 0x84, 0xF5, 0x23, 0x00, 0x00, 0x00,
        0x05, 0x30, 0x09, 0xA3, 0x25, 0x00, 0x00, 0x00, 0x64, 0xD2, 0xE1, 0xBE, 0x2A, 0x00, 0x00, 0x00,
        0x02, 0x4A, 0x77, 0x6C, 0x1A, 0x00, 0x00, 0x00, 0xBC, 0xCA, 0x20, 0xF1, 0x22, 0x00, 0x00, 0x00,
        0x24, 0x8A, 0x06, 0xF1, 0x23, 0x00, 0x00, 0x00, 0xCC, 0xDF, 0x38, 0x56, 0x23, 0x00, 0x00, 0x00,
        0x99, 0x28, 0xE6, 0x8F, 0x2B, 0x00, 0x00, 0x00, 0xA1, 0xD8, 0xAE, 0xE3, 0x1B, 0x00, 0x00, 0x00,
        0x23, 0x00, 0x00, 0x00, 0x12, 0x02, 0x00, 0x00, 0x25, 0x00, 0x00, 0x00, 0xA1, 0xD8, 0xAE, 0xE3,
        0x2B, 0x00, 0x00, 0x00, 0x2A, 0x00, 0x00, 0x00, 0x39, 0x46, 0x4B, 0x39, 0x1A, 0x00, 0x00, 0x00,
        0x67, 0x9B, 0x32, 0xB8, 0x22, 0x00, 0x00, 0x00, 0x44, 0xA0, 0xB1, 0x0B, 0x22, 0x00, 0x00, 0x00,
        0x19, 0x02, 0x00, 0x00, 0x23, 0x00, 0x00, 0x00, 0xDC, 0x2C, 0x85, 0xD8, 0x1B, 0x00, 0x00, 0x00,
        0x23, 0x00, 0x00, 0x00, 0x99, 0x28, 0xE6, 0x8F, 0x2E, 0x00, 0x00, 0x00, 0x54, 0xAB, 0x6C, 0x13,
        0x2E, 0x00, 0x00, 0x00, 0x64, 0xD2, 0xE1, 0xBE, 0x25, 0x00, 0x00, 0x00, 0xEC, 0x20, 0xBB, 0x34,
        0x23, 0x00, 0x00, 0x00, 0x9B, 0x16, 0x84, 0xF5, 0x23, 0x00, 0x00, 0x00, 0xCC, 0xDF, 0x38, 0x56,
        0x2A, 0x00, 0x00, 0x00, 0x24, 0x8A, 0x06, 0xF1, 0x23, 0x00, 0x00, 0x00, 0xCC, 0xDF, 0x38, 0x56,
        0x23, 0x00, 0x00, 0x00, 0x99, 0x28, 0xE6, 0x8F, 0x2B, 0x00, 0x00, 0x00, 0xA1, 0xD8, 0xAE, 0xE3,
        0x25, 0x00, 0x00, 0x00, 0x6F, 0x00, 0x00, 0x00, 0x75, 0x1F, 0x60, 0x88, 0x2A, 0x00, 0x00, 0x00,
        0x02, 0x4A, 0x77, 0x6C, 0x1A, 0x00, 0x00, 0x00, 0xBC, 0xCA, 0x20, 0xF1, 0x22, 0x00, 0x00, 0x00,
        0x24, 0x8A, 0x06, 0xF1, 0x23, 0x00, 0x00, 0x00, 0xCC, 0xDF, 0x38, 0x56, 0x23, 0x00, 0x00, 0x00,
        0x99, 0x28, 0xE6, 0x8F, 0x2B, 0x00, 0x00, 0x00, 0xA1, 0xD8, 0xAE, 0xE3, 0x1B, 0x00, 0x00, 0x00,
        0x25, 0x00, 0x00, 0x00, 0xEC, 0x20, 0xBB, 0x34, 0x23, 0x00, 0x00, 0x00, 0x9B, 0x16, 0x84, 0xF5,
        0x23, 0x00, 0x00, 0x00, 0x64, 0xD2, 0xE1, 0xBE, 0x2A, 0x00, 0x00, 0x00, 0x75, 0x1F, 0x60, 0x88,
        0x23, 0x00, 0x00, 0x00, 0x12, 0x02, 0x00, 0x00, 0x25, 0x00, 0x00, 0x00, 0xEC, 0x20, 0xBB, 0x34,
        0x23, 0x00, 0x00, 0x00, 0x39, 0x03, 0x07, 0x2D, 0x2A, 0x00, 0x00, 0x00, 0x3B, 0x00, 0x00, 0x00,
        0x1A, 0x00, 0x00, 0x00, 0x06, 0xCE, 0x15, 0x35, 0x1A, 0x00, 0x00, 0x00, 0x1B, 0x02, 0x00, 0x00,
        0x2E, 0x00, 0x00, 0x00, 0xB6, 0xD1, 0x60, 0x88, 0x23, 0x00, 0x00, 0x00, 0x38, 0x98, 0x34, 0x21,
        0x2E, 0x00, 0x00, 0x00, 0x75, 0x1F, 0x60, 0x88, 0x23, 0x00, 0x00, 0x00, 0x67, 0xBA, 0x8E, 0xEB,
        0x1B, 0x00, 0x00, 0x00, 0x22, 0x00, 0x00, 0x00, 0x75, 0x1F, 0x60, 0x88, 0x23, 0x00, 0x00, 0x00,
        0x67, 0xBA, 0x8E, 0xEB, 0x22, 0x00, 0x00, 0x00, 0xB5, 0x22, 0xB4, 0x87, 0x1A, 0x00, 0x00, 0x00,
        0x1A, 0x02, 0x00, 0x00, 0x23, 0x00, 0x00, 0x00, 0xE7, 0x06, 0x6B, 0x91, 0x2C, 0x00, 0x00, 0x00,
        0x75, 0x1F, 0x60, 0x88, 0x23, 0x00, 0x00, 0x00, 0x12, 0x02, 0x00, 0x00, 0x22, 0x00, 0x00, 0x00,
        0x21, 0x02, 0x00, 0x00, 0x23, 0x00, 0x00, 0x00, 0xE7, 0x06, 0x6B, 0x91, 0x1B, 0x00, 0x00, 0x00,
        0x1B, 0x00, 0x00, 0x00, 0x2E, 0x00, 0x00, 0x00, 0x05, 0xA1, 0xD0, 0xE9, 0x23, 0x00, 0x00, 0x00,
        0x67, 0xBA, 0x8E, 0xEB, 0x25, 0x00, 0x00, 0x00, 0x6E, 0x00, 0x00, 0x00, 0x06, 0x02, 0xFD, 0x35,
        0x2A, 0x00, 0x00, 0x00, 0x83, 0x13, 0x0A, 0xB0, 0x1A, 0x00, 0x00, 0x00, 0x49, 0x00, 0x6B, 0x60,
        0x22, 0x00, 0x00, 0x00, 0x24, 0x8A, 0x06, 0xF1, 0x23, 0x00, 0x00, 0x00, 0xCC, 0xDF, 0x38, 0x56,
        0x23, 0x00, 0x00, 0x00, 0x99, 0x28, 0xE6, 0x8F, 0x2B, 0x00, 0x00, 0x00, 0xA1, 0xD8, 0xAE, 0xE3,
        0x1B, 0x00, 0x00, 0x00, 0x23, 0x00, 0x00, 0x00, 0x67, 0xBA, 0x8E, 0xEB, 0x25, 0x00, 0x00, 0x00,
        0xEC, 0x20, 0xBB, 0x34, 0x23, 0x00, 0x00, 0x00, 0xE4, 0x68, 0x85, 0x21, 0x2A, 0x00, 0x00, 0x00,
        0x4B, 0xC3, 0x52, 0xCE, 0x1A, 0x00, 0x00, 0x00, 0x30, 0x00, 0x00, 0x00, 0x1A, 0x00, 0x00, 0x00,
        0x06, 0x02, 0xFD, 0x35, 0x22, 0x00, 0x00, 0x00, 0xCB, 0x99, 0x26, 0x41, 0x1B, 0x00, 0x00, 0x00,
        0x1B, 0x00, 0x00, 0x00, 0x25, 0x00, 0x00, 0x00, 0x6E, 0x00, 0x00, 0x00, 0x5E, 0x9E, 0x96, 0x96,
        0x25, 0x00, 0x00, 0x00, 0x5E, 0x9E, 0x96, 0x96, 0x23, 0x00, 0x00, 0x00, 0x99, 0x28, 0xE6, 0x8F,
        0x2A, 0x00, 0x00, 0x00, 0x2C, 0x00, 0x00, 0x00, 0xD8, 0xF2, 0x26, 0x17, 0x1A, 0x00, 0x00, 0x00,
        0x96, 0xB3, 0x59, 0x2A, 0x22, 0x00, 0x00, 0x00, 0x24, 0x8A, 0x06, 0xF1, 0x23, 0x00, 0x00, 0x00,
        0xCC, 0xDF, 0x38, 0x56, 0x23, 0x00, 0x00, 0x00, 0x99, 0x28, 0xE6, 0x8F, 0x2B, 0x00, 0x00, 0x00,
        0xA1, 0xD8, 0xAE, 0xE3, 0x1B, 0x00, 0x00, 0x00, 0x2E, 0x00, 0x00, 0x00, 0x1D, 0x02, 0x00, 0x00,
        0x25, 0x00, 0x00, 0x00, 0x5E, 0x9E, 0x96, 0x96, 0x23, 0x00, 0x00, 0x00, 0x11, 0x02, 0x00, 0x00,
        0x2A, 0x00, 0x00, 0x00, 0x31, 0x00, 0x00, 0x00, 0x1A, 0x00, 0x00, 0x00, 0x06, 0xCE, 0x15, 0x35,
        0x1A, 0x00, 0x00, 0x00, 0x1A, 0x02, 0x00, 0x00, 0x23, 0x00, 0x00, 0x00, 0xE7, 0x06, 0x6B, 0x91,
        0x2B, 0x00, 0x00, 0x00, 0x2F, 0x00, 0x00, 0x00, 0x1A, 0x00, 0x00, 0x00, 0x5E, 0x9E, 0x96, 0x96,
        0x23, 0x00, 0x00, 0x00, 0x99, 0x28, 0xE6, 0x8F, 0x22, 0x00, 0x00, 0x00, 0x2C, 0x00, 0x00, 0x00,
        0x5E, 0x9E, 0x96, 0x96, 0x23, 0x00, 0x00, 0x00, 0x99, 0x28, 0xE6, 0x8F, 0x1B, 0x00, 0x00, 0x00,
        0x1B, 0x00, 0x00, 0x00, 0x1B, 0x00, 0x00, 0x00, 0x25, 0x00, 0x00, 0x00, 0xEC, 0x20, 0xBB, 0x34,
        0x23, 0x00, 0x00, 0x00, 0x9B, 0x16, 0x84, 0xF5, 0x23, 0x00, 0x00, 0x00, 0x29, 0xF6, 0xA0, 0x19,
        0x2A, 0x00, 0x00, 0x00, 0x4B, 0xC3, 0x52, 0xCE, 0x1A, 0x00, 0x00, 0x00, 0x5E, 0x9E, 0x96, 0x96,
        0x1B, 0x00, 0x00, 0x00, 0x25, 0x00, 0x00, 0x00, 0x0E, 0x00, 0x00, 0x00, 0x6E, 0x00, 0x00, 0x00,
        0x4D, 0xC5, 0xF2, 0x37, 0x2A, 0x00, 0x00, 0x00, 0x19, 0x02, 0x00, 0x00, 0x25, 0x00, 0x00, 0x00,
        0x6E, 0x00, 0x00, 0x00, 0x03, 0x8A, 0xAF, 0xFD, 0x2A, 0x00, 0x00, 0x00, 0x19, 0x02, 0x00, 0x00,
        0x25, 0x00, 0x00, 0x00, 0x6E, 0x00, 0x00, 0x00, 0x6D, 0x52, 0xD1, 0x7D, 0x2A, 0x00, 0x00, 0x00,
        0x19, 0x02, 0x00, 0x00, 0x25, 0x00, 0x00, 0x00, 0x6E, 0x00, 0x00, 0x00, 0x92, 0x0E, 0x2D, 0xE6,
        0x2A, 0x00, 0x00, 0x00, 0x19, 0x02, 0x00, 0x00, 0x25, 0x00, 0x00, 0x00, 0x1E, 0x00, 0x00, 0x00,
        0xF7, 0x79, 0x13, 0xA8, 0x94, 0x93, 0x30, 0x06, 0x2A, 0x00, 0x00, 0x00, 0xCF, 0xFA, 0x3E, 0x1E,
        0x1A, 0x00, 0x00, 0x00, 0x15, 0x4E, 0x0B, 0xE5, 0x1B, 0x00, 0x00, 0x00, 0x25, 0x00, 0x00, 0x00,
        0x94, 0x93, 0x30, 0x06, 0x23, 0x00, 0x00, 0x00, 0x0C, 0xAA, 0xA6, 0x00, 0x2A, 0x00, 0x00, 0x00,
        0x20, 0x26, 0x2B, 0x2B, 0x23, 0x00, 0x00, 0x00, 0x67, 0xBA, 0x8E, 0xEB, 0x25, 0x00, 0x00, 0x00,
        0x94, 0x93, 0x30, 0x06, 0x23, 0x00, 0x00, 0x00, 0x81, 0x51, 0x3D, 0x57, 0x23, 0x00, 0x00, 0x00,
        0xE5, 0x00, 0x00, 0x00, 0x2A, 0x00, 0x00, 0x00, 0xD9, 0x43, 0x7E, 0x0B, 0x23, 0x00, 0x00, 0x00,
        0x67, 0xBA, 0x8E, 0xEB, 0x2E, 0x00, 0x00, 0x00, 0x1A, 0x00, 0x00, 0x00, 0x1A, 0x02, 0x00, 0x00,
        0x2C, 0x00, 0x00, 0x00, 0xEF, 0x76, 0x24, 0x2D, 0x1A, 0x00, 0x00, 0x00, 0x24, 0x8A, 0x06, 0xF1,
        0x23, 0x00, 0x00, 0x00, 0x54, 0x05, 0xA0, 0x01, 0x1B, 0x00, 0x00, 0x00, 0x23, 0x00, 0x00, 0x00,
        0x13, 0x02, 0x00, 0x00, 0x1B, 0x00, 0x00, 0x00, 0x25, 0x00, 0x00, 0x00, 0x9D, 0xE3, 0x9A, 0x05,
        0x1A, 0x00, 0x00, 0x00, 0xEC, 0x20, 0xBB, 0x34, 0x22, 0x00, 0x00, 0x00, 0x94, 0x93, 0x30, 0x06,
        0x22, 0x00, 0x00, 0x00, 0x6D, 0x52, 0xD1, 0x7D, 0x22, 0x00, 0x00, 0x00, 0x92, 0x0E, 0x2D, 0xE6,
        0x1B, 0x00, 0x00, 0x00, 0x25, 0x00, 0x00, 0x00, 0x1F, 0x00, 0x00, 0x00, 0x09, 0x00, 0x00, 0x00,
        0x9F, 0x2B, 0x2B, 0xDE, 0xE5, 0x82, 0xA0, 0x29, 0xB7, 0xFC, 0x52, 0x2D, 0x25, 0x00, 0x00, 0x00,
        0xB7, 0xFC, 0x52, 0x2D, 0x23, 0x00, 0x00, 0x00, 0x72, 0x62, 0x8F, 0x74, 0x2A, 0x00, 0x00, 0x00,
        0x17, 0x02, 0x00, 0x00, 0x25, 0x00, 0x00, 0x00, 0xB7, 0xFC, 0x52, 0x2D, 0x23, 0x00, 0x00, 0x00,
        0x58, 0xE1, 0x5B, 0xBC, 0x2A, 0x00, 0x00, 0x00, 0x17, 0x02, 0x00, 0x00, 0x25, 0x00, 0x00, 0x00,
        0xB7, 0xFC, 0x52, 0x2D, 0x23, 0x00, 0x00, 0x00, 0x09, 0x44, 0x28, 0x43, 0x2A, 0x00, 0x00, 0x00,
        0x18, 0x02, 0x00, 0x00, 0x25, 0x00, 0x00, 0x00, 0xB7, 0xFC, 0x52, 0x2D, 0x23, 0x00, 0x00, 0x00,
        0xFE, 0xA6, 0x32, 0x11, 0x2A, 0x00, 0x00, 0x00, 0x17, 0x02, 0x00, 0x00, 0x25, 0x00, 0x00, 0x00,
        0xB7, 0xFC, 0x52, 0x2D, 0x23, 0x00, 0x00, 0x00, 0x23, 0xF4, 0x7D, 0xB8, 0x2A, 0x00, 0x00, 0x00,
        0x60, 0x5A, 0x8B, 0xE1, 0x25, 0x00, 0x00, 0x00, 0xB7, 0xFC, 0x52, 0x2D, 0x23, 0x00, 0x00, 0x00,
        0x3D, 0x0F, 0xD6, 0x89, 0x2A, 0x00, 0x00, 0x00, 0x18, 0x02, 0x00, 0x00, 0x25, 0x00, 0x00, 0x00,
        0xB7, 0xFC, 0x52, 0x2D, 0x23, 0x00, 0x00, 0x00, 0xF5, 0x19, 0xC6, 0x04, 0x2A, 0x00, 0x00, 0x00,
        0xA2, 0xB5, 0x0B, 0xEA, 0x25, 0x00, 0x00, 0x00, 0xB7, 0xFC, 0x52, 0x2D, 0x23, 0x00, 0x00, 0x00,
        0xF2, 0x52, 0x89, 0xAF, 0x2A, 0x00, 0x00, 0x00, 0xA2, 0xB5, 0x0B, 0xEA, 0x25, 0x00, 0x00, 0x00,
        0xB7, 0xFC, 0x52, 0x2D, 0x23, 0x00, 0x00, 0x00, 0x6F, 0xBC, 0x9D, 0xEB, 0x2A, 0x00, 0x00, 0x00,
        0xF9, 0x20, 0xE6, 0x06, 0x25, 0x00, 0x00, 0x00, 0xB7, 0xFC, 0x52, 0x2D, 0x23, 0x00, 0x00, 0x00,
        0xE9, 0x0C, 0x5C, 0x06, 0x2A, 0x00, 0x00, 0x00, 0x6B, 0x4B, 0xD6, 0xB2, 0x25, 0x00, 0x00, 0x00,
        0x06, 0x00, 0x00, 0x00, 0xEC, 0x20, 0xA5, 0x7F, 0xB7, 0xFC, 0x52, 0x2D, 0x23, 0x00, 0x00, 0x00,
        0x72, 0x62, 0x8F, 0x74, 0x2A, 0x00, 0x00, 0x00, 0x18, 0x02, 0x00, 0x00, 0x25, 0x00, 0x00, 0x00,
        0x0E, 0x00, 0x00, 0x00, 0x09, 0x00, 0x00, 0x00, 0xF6, 0xD9, 0x24, 0x4B, 0xB7, 0xFC, 0x52, 0x2D,
        0x23, 0x00, 0x00, 0x00, 0x23, 0xF4, 0x7D, 0xB8, 0x2A, 0x00, 0x00, 0x00, 0xDB, 0x33, 0x91, 0xCD,
        0x25, 0x00, 0x00, 0x00, 0x0E, 0x00, 0x00, 0x00, 0xFE, 0x4F, 0x26, 0xAD, 0x1A, 0x00, 0x00, 0x00,
        0xB7, 0xFC, 0x52, 0x2D, 0x22, 0x00, 0x00, 0x00, 0xEC, 0x20, 0xBB, 0x34, 0x22, 0x00, 0x00, 0x00,
        0x4D, 0xC5, 0xF2, 0x37, 0x22, 0x00, 0x00, 0x00, 0x03, 0x8A, 0xAF, 0xFD, 0x1B, 0x00, 0x00, 0x00,
        0x25, 0x00, 0x00, 0x00, 0x0E, 0x00, 0x00, 0x00, 0x4D, 0xC5, 0xF2, 0x37, 0x2B, 0x00, 0x00, 0x00,
        0x2A, 0x00, 0x00, 0x00, 0x6D, 0x52, 0xD1, 0x7D, 0x25, 0x00, 0x00, 0x00, 0x03, 0x8A, 0xAF, 0xFD,
        0x2B, 0x00, 0x00, 0x00, 0x2A, 0x00, 0x00, 0x00, 0x92, 0x0E, 0x2D, 0xE6, 0x25, 0x00, 0x00, 0x00,
        0x6F, 0x00, 0x00, 0x00, 0x88, 0x58, 0x94, 0xD4, 0x2A, 0x00, 0x00, 0x00, 0x6F, 0x00, 0x00, 0x00,
        0x1A, 0x00, 0x00, 0x00, 0x19, 0x02, 0x00, 0x00, 0x22, 0x00, 0x00, 0x00, 0x19, 0x02, 0x00, 0x00,
        0x22, 0x00, 0x00, 0x00, 0x19, 0x02, 0x00, 0x00, 0x22, 0x00, 0x00, 0x00, 0x1A, 0x02, 0x00, 0x00,
        0x1B, 0x00, 0x00, 0x00, 0x25, 0x00, 0x00, 0x00, 0x06, 0x00, 0x00, 0x00, 0xEC, 0x20, 0xA5, 0x7F,
        0x88, 0x58, 0x94, 0xD4, 0x23, 0x00, 0x00, 0x00, 0x38, 0x98, 0x34, 0x21, 0x2A, 0x00, 0x00, 0x00,
        0x03, 0x8A, 0xAF, 0xFD, 0x2E, 0x00, 0x00, 0x00, 0xEC, 0x20, 0xBB, 0x34, 0x23, 0x00, 0x00, 0x00,
        0x39, 0x03, 0x07, 0x2D, 0x23, 0x00, 0x00, 0x00, 0x0F, 0x02, 0x00, 0x00, 0x2E, 0x00, 0x00, 0x00,
        0x24, 0x8A, 0x06, 0xF1, 0x23, 0x00, 0x00, 0x00, 0x31, 0x01, 0x00, 0x00, 0x23, 0x00, 0x00, 0x00,
        0x0F, 0x02, 0x00, 0x00, 0x25, 0x00, 0x00, 0x00, 0x0F, 0x00, 0x00, 0x00, 0x6D, 0x00, 0x00, 0x00,
        0xD9, 0x56, 0x53, 0xEA, 0x2A, 0x00, 0x00, 0x00, 0x6D, 0x00, 0x00, 0x00, 0x1A, 0x00, 0x00, 0x00,
        0x19, 0x02, 0x00, 0x00, 0x22, 0x00, 0x00, 0x00, 0x1A, 0x02, 0x00, 0x00, 0x1B, 0x00, 0x00, 0x00,
        0x25, 0x00, 0x00, 0x00, 0x09, 0x00, 0x00, 0x00, 0x26, 0x00, 0x00, 0x00, 0xF2, 0xF6, 0x1E, 0x2B,
        0xD9, 0x56, 0x53, 0xEA, 0x2A, 0x00, 0x00, 0x00, 0xEF, 0x35, 0xB3, 0xC5, 0x1A, 0x00, 0x00, 0x00,
        0x84, 0x83, 0x5B, 0x7F, 0x22, 0x00, 0x00, 0x00, 0xD4, 0x29, 0x45, 0x1C, 0x22, 0x00, 0x00, 0x00,
        0x24, 0x8A, 0x06, 0xF1, 0x23, 0x00, 0x00, 0x00, 0x54, 0x05, 0xA0, 0x01, 0x1B, 0x00, 0x00, 0x00,
        0x25, 0x00, 0x00, 0x00, 0x0E, 0x00, 0x00, 0x00, 0x6E, 0x00, 0x00, 0x00, 0x25, 0x7A, 0x83, 0x7E,
        0x2A, 0x00, 0x00, 0x00, 0x1A, 0x02, 0x00, 0x00, 0x2C, 0x00, 0x00, 0x00, 0xD9, 0x56, 0x53, 0xEA,
        0x23, 0x00, 0x00, 0x00, 0x0A, 0xEA, 0x9B, 0x1C, 0x2E, 0x00, 0x00, 0x00, 0x6E, 0x00, 0x00, 0x00,
        0x1A, 0x00, 0x00, 0x00, 0x19, 0x02, 0x00, 0x00, 0x23, 0x00, 0x00, 0x00, 0x27, 0x6A, 0xF5, 0x00,
        0x22, 0x00, 0x00, 0x00, 0x19, 0x02, 0x00, 0x00, 0x23, 0x00, 0x00, 0x00, 0x66, 0x5B, 0xEE, 0x19,
        0x22, 0x00, 0x00, 0x00, 0x1A, 0x02, 0x00, 0x00, 0x1B, 0x00, 0x00, 0x00, 0x25, 0x00, 0x00, 0x00,
        0x55, 0x00, 0x00, 0x00, 0xA2, 0x48, 0x36, 0xC7, 0x2A, 0x00, 0x00, 0x00, 0x4D, 0xC5, 0xF2, 0x37,
        0x2E, 0x00, 0x00, 0x00, 0x25, 0x7A, 0x83, 0x7E, 0x2E, 0x00, 0x00, 0x00, 0xEC, 0x20, 0xBB, 0x34,
        0x23, 0x00, 0x00, 0x00, 0x39, 0x03, 0x07, 0x2D, 0x25, 0x00, 0x00, 0x00, 0x55, 0x00, 0x00, 0x00,
        0xA9, 0x36, 0x4C, 0xED, 0x2A, 0x00, 0x00, 0x00, 0x03, 0x8A, 0xAF, 0xFD, 0x2E, 0x00, 0x00, 0x00,
        0xD9, 0x56, 0x53, 0xEA, 0x23, 0x00, 0x00, 0x00, 0x10, 0x02, 0x00, 0x00, 0x25, 0x00, 0x00, 0x00,
        0x88, 0x58, 0x94, 0xD4, 0x23, 0x00, 0x00, 0x00, 0x38, 0x98, 0x34, 0x21, 0x2A, 0x00, 0x00, 0x00,
        0xA2, 0x48, 0x36, 0xC7, 0x2B, 0x00, 0x00, 0x00, 0xA9, 0x36, 0x4C, 0xED, 0x25, 0x00, 0x00, 0x00,
        0x0E, 0x00, 0x00, 0x00, 0x13, 0x2F, 0x4D, 0x2F, 0x23, 0x00, 0x00, 0x00, 0x31, 0x01, 0x00, 0x00,
        0x2A, 0x00, 0x00, 0x00, 0x88, 0x58, 0x94, 0xD4, 0x25, 0x00, 0x00, 0x00, 0xD8, 0x00, 0x00, 0x00,
        0x13, 0x2F, 0x4D, 0x2F, 0x25, 0x00, 0x00, 0x00, 0x1F, 0x00, 0x00, 0x00, 0xE9, 0x00, 0x00, 0x00,
        0x9D, 0x01, 0x00, 0x00, 0x20, 0x00, 0x00, 0x00, 0x06, 0x00, 0x00, 0x00, 0x26, 0x00, 0x00, 0x00,
        0xEC, 0x20, 0xA5, 0x7F, 0x11, 0x00, 0x00, 0x00, 0x11, 0x00, 0x00, 0x00, 0x26, 0x00, 0x00, 0x00,
        0x0D, 0x92, 0x91, 0x83, 0xEA, 0x00, 0x00, 0x00, 0x0A, 0x01, 0x00, 0x00, 0x2A, 0x00, 0x00, 0x00,
        0x27, 0x00, 0x00, 0x00, 0xB6, 0x01, 0x00, 0x00, 0x2A, 0x00, 0x00, 0x00, 0x71, 0x84, 0x87, 0xFB,
        0x25, 0x00, 0x00, 0x00, 0x27, 0x00, 0x00, 0x00, 0x27, 0x00, 0x00, 0x00, 0xB8, 0x01, 0x00, 0x00,
        0x2A, 0x00, 0x00, 0x00, 0x21, 0x8E, 0xB6, 0x06, 0x25, 0x00, 0x00, 0x00, 0x27, 0x00, 0x00, 0x00,
        0x27, 0x00, 0x00, 0x00, 0xB9, 0x01, 0x00, 0x00, 0x2A, 0x00, 0x00, 0x00, 0x11, 0x04, 0xB3, 0x76,
        0x25, 0x00, 0x00, 0x00, 0x27, 0x00, 0x00, 0x00, 0x27, 0x00, 0x00, 0x00, 0xB7, 0x01, 0x00, 0x00,
        0x2A, 0x00, 0x00, 0x00, 0x4F, 0xE8, 0xA3, 0x3A, 0x25, 0x00, 0x00, 0x00, 0x27, 0x00, 0x00, 0x00,
        0x27, 0x00, 0x00, 0x00, 0xBB, 0x01, 0x00, 0x00, 0x2A, 0x00, 0x00, 0x00, 0x9F, 0x26, 0xAE, 0xDE,
        0x25, 0x00, 0x00, 0x00, 0x27, 0x00, 0x00, 0x00, 0x0E, 0x00, 0x00, 0x00, 0x21, 0x00, 0x00, 0x00,
        0x1E, 0x00, 0x00, 0x00, 0x36, 0x01, 0x00, 0x00, 0xA5, 0x5B, 0x3F, 0x48, 0x1E, 0x00, 0x00, 0x00,
        0x39, 0x01, 0x00, 0x00, 0x2A, 0x00, 0x00, 0x00, 0x65, 0x3C, 0x99, 0x10, 0x1A, 0x00, 0x00, 0x00,
        0x1B, 0x00, 0x00, 0x00, 0x65, 0x3C, 0x99, 0x10, 0x25, 0x00, 0x00, 0x00, 0x06, 0x00, 0x00, 0x00,
        0x0D, 0x92, 0x91, 0x83, 0x3A, 0x01, 0x00, 0x00, 0x2A, 0x00, 0x00, 0x00, 0x6B, 0x3A, 0x65, 0x59,
        0x1A, 0x00, 0x00, 0x00, 0x1B, 0x00, 0x00, 0x00, 0xE3, 0x9B, 0xC3, 0x46, 0x25, 0x00, 0x00, 0x00,
        0x0F, 0x00, 0x00, 0x00, 0x3A, 0x01, 0x00, 0x00, 0x2A, 0x00, 0x00, 0x00, 0xE3, 0x9B, 0xC3, 0x46,
        0x1A, 0x00, 0x00, 0x00, 0x1B, 0x00, 0x00, 0x00, 0xE3, 0x9B, 0xC3, 0x46, 0x25, 0x00, 0x00, 0x00,
        0x0E, 0x00, 0x00, 0x00, 0x3F, 0x01, 0x00, 0x00, 0x2A, 0x00, 0x00, 0x00, 0x17, 0x02, 0x00, 0x00,
        0x25, 0x00, 0x00, 0x00, 0x06, 0x00, 0x00, 0x00, 0xEC, 0x20, 0xA5, 0x7F, 0x10, 0x00, 0x00, 0x00,
        0x10, 0x00, 0x00, 0x00, 0x0D, 0x92, 0x91, 0x83, 0x40, 0x01, 0x00, 0x00, 0x2A, 0x00, 0x00, 0x00,
        0x18, 0x02, 0x00, 0x00, 0x25, 0x00, 0x00, 0x00, 0x06, 0x00, 0x00, 0x00, 0xEC, 0x20, 0xA5, 0x7F,
        0x42, 0x01, 0x00, 0x00, 0x2A, 0x00, 0x00, 0x00, 0x5E, 0x01, 0x00, 0x00, 0x25, 0x00, 0x00, 0x00,
        0x43, 0x01, 0x00, 0x00, 0x2A, 0x00, 0x00, 0x00, 0x5E, 0x01, 0x00, 0x00, 0x25, 0x00, 0x00, 0x00,
        0x44, 0x01, 0x00, 0x00, 0x2A, 0x00, 0x00, 0x00, 0x17, 0x02, 0x00, 0x00, 0x25, 0x00, 0x00, 0x00,
        0x0E, 0x00, 0x00, 0x00, 0x0F, 0x00, 0x00, 0x00, 0x40, 0x01, 0x00, 0x00, 0x2A, 0x00, 0x00, 0x00,
        0x17, 0x02, 0x00, 0x00, 0x25, 0x00, 0x00, 0x00, 0x41, 0x01, 0x00, 0x00, 0x2A, 0x00, 0x00, 0x00,
        0x4E, 0x01, 0x00, 0x00, 0x25, 0x00, 0x00, 0x00, 0x47, 0x01, 0x00, 0x00, 0x2A, 0x00, 0x00, 0x00,
        0x53, 0x01, 0x00, 0x00, 0x25, 0x00, 0x00, 0x00, 0x0E, 0x00, 0x00, 0x00, 0x1F, 0x00, 0x00, 0x00,
        0x1F, 0x00, 0x00, 0x00, 0x01, 0x00, 0x00, 0x00, 0x2C, 0x63, 0xA6, 0x90, 0x01, 0x00, 0x00, 0x00,
        0xC9, 0xC9, 0x47, 0x07, 0x01, 0x00, 0x00, 0x00, 0x7E, 0x0E, 0x0B, 0x96, 0x01, 0x00, 0x00, 0x00,
        0xB0, 0x6A, 0xD4, 0x63, 0x01, 0x00, 0x00, 0x00, 0xF6, 0x9A, 0x9B, 0x1D, 0x01, 0x00, 0x00, 0x00,
        0x89, 0x4B, 0x0D, 0xD5, 0x0C, 0xAA, 0xA6, 0x00, 0x6C, 0x69, 0x67, 0x68, 0x74, 0x56, 0x65, 0x63,
        0x00, 0x27, 0x6A, 0xF5, 0x00, 0x38, 0x35, 0x00, 0x54, 0x05, 0xA0, 0x01, 0x73, 0x63, 0x72, 0x65,
        0x65, 0x6E, 0x50, 0x72, 0x6F, 0x6A, 0x00, 0xF5, 0x19, 0xC6, 0x04, 0x73, 0x73, 0x64, 0x6F, 0x4D,
        0x6F, 0x64, 0x65, 0x00, 0xE4, 0x91, 0x8B, 0x05, 0x66, 0x44, 0x69, 0x66, 0x66, 0x4F, 0x63, 0x63,
        0x00, 0x9D, 0xE3, 0x9A, 0x05, 0x43, 0x61, 0x6C, 0x6C, 0x62, 0x61, 0x63, 0x6B, 0x5F, 0x53, 0x68,
        0x61, 0x64, 0x69, 0x6E, 0x67, 0x44, 0x69, 0x72, 0x65, 0x63, 0x74, 0x00, 0x94, 0x93, 0x30, 0x06,
        0x6C, 0x69, 0x67, 0x68, 0x74, 0x50, 0x61, 0x72, 0x61, 0x6D, 0x73, 0x00, 0xE9, 0x0C, 0x5C, 0x06,
        0x73, 0x73, 0x43, 0x6F, 0x6D, 0x70, 0x61, 0x72, 0x69, 0x73, 0x6F, 0x6E, 0x00, 0x21, 0x8E, 0xB6,
        0x06, 0x4D, 0x6F, 0x74, 0x69, 0x6F, 0x6E, 0x42, 0x6C, 0x75, 0x72, 0x50, 0x61, 0x73, 0x73, 0x00,
        0xF9, 0x20, 0xE6, 0x06, 0x53, 0x61, 0x6D, 0x70, 0x53, 0x74, 0x61, 0x74, 0x65, 0x54, 0x72, 0x69,
        0x6C, 0x69, 0x6E, 0x65, 0x61, 0x72, 0x43, 0x6C, 0x61, 0x6D, 0x70, 0x00, 0x48, 0x84, 0xF8, 0x06,
        0x43, 0x75, 0x73, 0x74, 0x6F, 0x6D, 0x46, 0x6F, 0x72, 0x77, 0x61, 0x72, 0x64, 0x53, 0x68, 0x61,
        0x64, 0x69, 0x6E, 0x67, 0x41, 0x74, 0x74, 0x72, 0x69, 0x62, 0x73, 0x00, 0xC9, 0xC9, 0x47, 0x07,
        0x43, 0x6F, 0x6D, 0x6D, 0x6F, 0x6E, 0x4D, 0x6F, 0x74, 0x69, 0x6F, 0x6E, 0x42, 0x6C, 0x75, 0x72,
        0x50, 0x61, 0x73, 0x73, 0x00, 0xFA, 0xA1, 0x6D, 0x07, 0x6F, 0x66, 0x00, 0xA5, 0x3D, 0x12, 0x09,
        0x52, 0x45, 0x47, 0x5F, 0x50, 0x4D, 0x5F, 0x50, 0x41, 0x52, 0x41, 0x4D, 0x5F, 0x32, 0x00, 0xC2,
        0x2A, 0x80, 0x09, 0x76, 0x4C, 0x69, 0x67, 0x68, 0x74, 0x54, 0x53, 0x00, 0xC8, 0x29, 0xB6, 0x09,
        0x6F, 0x6E, 0x00, 0xC6, 0x4D, 0xBA, 0x09, 0x53, 0x6D, 0x6F, 0x6F, 0x74, 0x68, 0x6E, 0x65, 0x73,
        0x73, 0x00, 0x54, 0x26, 0xCF, 0x09, 0x46, 0x6F, 0x72, 0x77, 0x61, 0x72, 0x64, 0x53, 0x68, 0x61,
        0x64, 0x69, 0x6E, 0x67, 0x41, 0x74, 0x74, 0x72, 0x69, 0x62, 0x73, 0x00, 0xAF, 0xF6, 0x42, 0x0B,
        0x64, 0x65, 0x6C, 0x74, 0x61, 0x30, 0x00, 0xD9, 0x43, 0x7E, 0x0B, 0x43, 0x56, 0x5F, 0x53, 0x75,
        0x6E, 0x43, 0x6F, 0x6C, 0x6F, 0x72, 0x00, 0x0F, 0x40, 0x89, 0x0B, 0x53, 0x70, 0x65, 0x63, 0x75,
        0x6C, 0x61, 0x72, 0x00, 0x44, 0xA0, 0xB1, 0x0B, 0x63, 0x6F, 0x72, 0x6E, 0x65, 0x61, 0x4E, 0x6F,
        0x72, 0x6D, 0x61, 0x6C, 0x4D, 0x61, 0x70, 0x00, 0xDA, 0x50, 0x7C, 0x0C, 0x62, 0x72, 0x65, 0x61,
        0x6B, 0x00, 0x42, 0x23, 0x38, 0x0E, 0x73, 0x74, 0x72, 0x65, 0x61, 0x6D, 0x50, 0x6F, 0x73, 0x00,
        0x65, 0x3C, 0x99, 0x10, 0x45, 0x79, 0x65, 0x56, 0x53, 0x00, 0x69, 0x60, 0xA9, 0x10, 0x73, 0x68,
        0x61, 0x64, 0x6F, 0x77, 0x69, 0x6E, 0x67, 0x00, 0x48, 0x1A, 0xCC, 0x10, 0x48, 0x49, 0x44, 0x49,
        0x4E, 0x47, 0x5F, 0x47, 0x52, 0x4F, 0x55, 0x50, 0x53, 0x00, 0xFE, 0xA6, 0x32, 0x11, 0x61, 0x70,
        0x70, 0x6C, 0x79, 0x54, 0x68, 0x72, 0x65, 0x65, 0x50, 0x6F, 0x69, 0x6E, 0x74, 0x4C, 0x69, 0x67,
        0x68, 0x74, 0x69, 0x6E, 0x67, 0x00, 0x55, 0x92, 0x55, 0x12, 0x67, 0x6C, 0x6F, 0x73, 0x73, 0x00,
        0x54, 0xAB, 0x6C, 0x13, 0x43, 0x6F, 0x72, 0x6E, 0x65, 0x61, 0x52, 0x65, 0x66, 0x72, 0x61, 0x63,
        0x74, 0x69, 0x6F, 0x6E, 0x00, 0x86, 0x1D, 0x1B, 0x14, 0x44, 0x69, 0x73, 0x63, 0x61, 0x72, 0x64,
        0x56, 0x65, 0x72, 0x74, 0x65, 0x78, 0x49, 0x66, 0x48, 0x69, 0x64, 0x64, 0x65, 0x6E, 0x00, 0x36,
        0x85, 0x95, 0x14, 0x49, 0x72, 0x69, 0x73, 0x44, 0x65, 0x70, 0x74, 0x68, 0x00, 0x7F, 0x39, 0x36,
        0x16, 0x6C, 0x6F, 0x64, 0x00, 0xD8, 0xF2, 0x26, 0x17, 0x47, 0x65, 0x74, 0x58, 0x59, 0x4E, 0x6F,
        0x72, 0x6D, 0x61, 0x6C, 0x4D, 0x61, 0x70, 0x00, 0xF9, 0x4C, 0x39, 0x17, 0x47, 0x65, 0x74, 0x53,
        0x70, 0x65, 0x63, 0x75, 0x6C, 0x61, 0x72, 0x54, 0x65, 0x78, 0x00, 0x29, 0xF6, 0xA0, 0x19, 0x63,
        0x6F, 0x6E, 0x63, 0x61, 0x76, 0x69, 0x74, 0x79, 0x4E, 0x6F, 0x72, 0x6D, 0x61, 0x6C, 0x54, 0x53,
        0x00, 0x66, 0x5B, 0xEE, 0x19, 0x39, 0x35, 0x00, 0xD4, 0x29, 0x45, 0x1C, 0x73, 0x73, 0x46, 0x77,
        0x64, 0x42, 0x69, 0x6C, 0x69, 0x6E, 0x65, 0x61, 0x72, 0x57, 0x72, 0x61, 0x70, 0x00, 0x0A, 0xEA,
        0x9B, 0x1C, 0x78, 0x78, 0x78, 0x00, 0xF6, 0x9A, 0x9B, 0x1D, 0x43, 0x6F, 0x6D, 0x6D, 0x6F, 0x6E,
        0x44, 0x65, 0x62, 0x75, 0x67, 0x50, 0x61, 0x73, 0x73, 0x00, 0xCF, 0xFA, 0x3E, 0x1E, 0x43, 0x72,
        0x65, 0x61, 0x74, 0x65, 0x46, 0x6F, 0x72, 0x77, 0x61, 0x72, 0x64, 0x4C, 0x69, 0x67, 0x68, 0x74,
        0x50, 0x61, 0x72, 0x61, 0x6D, 0x73, 0x57, 0x48, 0x00, 0x9F, 0xE3, 0xB5, 0x1E, 0x76, 0x65, 0x72,
        0x74, 0x65, 0x78, 0x4E, 0x6F, 0x72, 0x6D, 0x61, 0x6C, 0x00, 0x1D, 0xA9, 0x9D, 0x20, 0x63, 0x49,
        0x72, 0x69, 0x73, 0x53, 0x68, 0x61, 0x64, 0x69, 0x6E, 0x67, 0x00, 0x38, 0x98, 0x34, 0x21, 0x72,
        0x67, 0x62, 0x00, 0xE4, 0x68, 0x85, 0x21, 0x6E, 0x6F, 0x72, 0x6D, 0x61, 0x6C, 0x00, 0xDD, 0x3A,
        0xB5, 0x22, 0x30, 0x30, 0x30, 0x00, 0x67, 0x83, 0xBD, 0x23, 0x43, 0x6F, 0x6D, 0x70, 0x75, 0x74,
        0x65, 0x45, 0x79, 0x65, 0x50, 0x61, 0x72, 0x61, 0x6C, 0x6C, 0x61, 0x78, 0x00, 0xD0, 0xA2, 0x2A,
        0x24, 0x68, 0x32, 0x00, 0x13, 0xF1, 0x4F, 0x26, 0x47, 0x65, 0x74, 0x44, 0x69, 0x73, 0x73, 0x6F,
        0x6C, 0x76, 0x65, 0x54, 0x68, 0x72, 0x65, 0x73, 0x68, 0x6F, 0x6C, 0x64, 0x31, 0x37, 0x00, 0x21,
        0x81, 0x38, 0x27, 0x41, 0x6C, 0x74, 0x65, 0x72, 0x00, 0xE5, 0x82, 0xA0, 0x29, 0x54, 0x69, 0x6C,
        0x65, 0x64, 0x46, 0x6F, 0x72, 0x77, 0x61, 0x72, 0x64, 0x53, 0x68, 0x61, 0x64, 0x69, 0x6E, 0x67,
        0x50, 0x61, 0x72, 0x61, 0x6D, 0x73, 0x00, 0x96, 0xB3, 0x59, 0x2A, 0x63, 0x6F, 0x72, 0x6E, 0x65,
        0x61, 0x42, 0x75, 0x6D, 0x70, 0x54, 0x65, 0x78, 0x00, 0xF2, 0xF6, 0x1E, 0x2B, 0x25, 0x5F, 0x52,
        0x54, 0x5F, 0x53, 0x45, 0x43, 0x4F, 0x4E, 0x44, 0x41, 0x52, 0x59, 0x5F, 0x56, 0x49, 0x45, 0x57,
        0x00, 0x20, 0x26, 0x2B, 0x2B, 0x43, 0x56, 0x5F, 0x53, 0x75, 0x6E, 0x4C, 0x69, 0x67, 0x68, 0x74,
        0x44, 0x69, 0x72, 0x00, 0x74, 0xF9, 0x68, 0x2C, 0x73, 0x75, 0x6E, 0x53, 0x68, 0x61, 0x64, 0x6F,
        0x77, 0x4D, 0x61, 0x73, 0x6B, 0x00, 0x39, 0x03, 0x07, 0x2D, 0x61, 0x6C, 0x62, 0x65, 0x64, 0x6F,
        0x00, 0xEF, 0x76, 0x24, 0x2D, 0x47, 0x65, 0x74, 0x53, 0x75, 0x6E, 0x53, 0x68, 0x61, 0x64, 0x6F,
        0x77, 0x4D, 0x61, 0x73, 0x6B, 0x00, 0xB7, 0xFC, 0x52, 0x2D, 0x73, 0x68, 0x61, 0x64, 0x69, 0x6E,
        0x67, 0x50, 0x61, 0x72, 0x61, 0x6D, 0x73, 0x00, 0x9A, 0xED, 0x4A, 0x2E, 0x4C, 0x49, 0x47, 0x48,
        0x54, 0x5F, 0x54, 0x59, 0x50, 0x45, 0x5F, 0x52, 0x45, 0x47, 0x55, 0x4C, 0x41, 0x52, 0x5F, 0x41,
        0x52, 0x45, 0x41, 0x00, 0x70, 0x64, 0xA0, 0x2E, 0x53, 0x56, 0x5F, 0x54, 0x61, 0x72, 0x67, 0x65,
        0x74, 0x30, 0x00, 0x13, 0x2F, 0x4D, 0x2F, 0x4F, 0x55, 0x54, 0x00, 0x8E, 0x83, 0xCF, 0x2F, 0x53,
        0x74, 0x72, 0x65, 0x6E, 0x67, 0x74, 0x68, 0x00, 0x59, 0x91, 0x4B, 0x30, 0x57, 0x50, 0x6F, 0x73,
        0x00, 0x51, 0x2E, 0x93, 0x31, 0x55, 0x49, 0x48, 0x65, 0x6C, 0x70, 0x00, 0x6A, 0xAE, 0xD8, 0x33,
        0x74, 0x70, 0x76, 0x46, 0x61, 0x64, 0x65, 0x00, 0xEC, 0x20, 0xBB, 0x34, 0x61, 0x74, 0x74, 0x72,
        0x69, 0x62, 0x73, 0x00, 0x06, 0xCE, 0x15, 0x35, 0x73, 0x61, 0x74, 0x75, 0x72, 0x61, 0x74, 0x65,
        0x00, 0x06, 0xAD, 0x47, 0x35, 0x64, 0x65, 0x6E, 0x6F, 0x6D, 0x00, 0x06, 0x02, 0xFD, 0x35, 0x6E,
        0x6F, 0x72, 0x6D, 0x61, 0x6C, 0x4D, 0x61, 0x70, 0x00, 0x4D, 0xC5, 0xF2, 0x37, 0x64, 0x69, 0x66,
        0x66, 0x75, 0x73, 0x65, 0x41, 0x63, 0x63, 0x00, 0x39, 0x46, 0x4B, 0x39, 0x72, 0x65, 0x66, 0x72,
        0x61, 0x63, 0x74, 0x00, 0x61, 0xE0, 0x4E, 0x3A, 0x30, 0x66, 0x00, 0x4F, 0xE8, 0xA3, 0x3A, 0x53,
        0x68, 0x61, 0x64, 0x6F, 0x77, 0x47, 0x65, 0x6E, 0x00, 0xF2, 0x85, 0x7D, 0x3B, 0x73, 0x70, 0x65,
        0x63, 0x75, 0x6C, 0x61, 0x72, 0x54, 0x65, 0x78, 0x00, 0xE6, 0x6D, 0x45, 0x3C, 0x74, 0x68, 0x65,
        0x00, 0x5E, 0xC3, 0x8A, 0x3E, 0x69, 0x6E, 0x74, 0x65, 0x72, 0x73, 0x65, 0x63, 0x74, 0x00, 0xE1,
        0x1B, 0x88, 0x3F, 0x43, 0x56, 0x5F, 0x53, 0x63, 0x72, 0x65, 0x65, 0x6E, 0x53, 0x69, 0x7A, 0x65,
        0x00, 0x42, 0xD2, 0xCB, 0x3F, 0x62, 0x79, 0x00, 0xCB, 0x99, 0x26, 0x41, 0x6D, 0x61, 0x74, 0x54,
        0x61, 0x6E, 0x67, 0x65, 0x6E, 0x74, 0x54, 0x6F, 0x57, 0x53, 0x00, 0x5B, 0x6A, 0x87, 0x42, 0x62,
        0x69, 0x61, 0x73, 0x00, 0x09, 0x44, 0x28, 0x43, 0x73, 0x6B, 0x69, 0x70, 0x53, 0x70, 0x65, 0x63,
        0x75, 0x6C, 0x61, 0x72, 0x50, 0x72, 0x6F, 0x62, 0x65, 0x73, 0x00, 0x3C, 0xFE, 0xB9, 0x43, 0x73,
        0x74, 0x65, 0x70, 0x00, 0x3C, 0x78, 0xD2, 0x45, 0x61, 0x72, 0x65, 0x61, 0x43, 0x6F, 0x72, 0x6E,
        0x65, 0x61, 0x53, 0x70, 0x65, 0x63, 0x00, 0xF5, 0xE4, 0x2C, 0x46, 0x70, 0x6F, 0x73, 0x69, 0x74,
        0x69, 0x6F, 0x6E, 0x00, 0x53, 0xEA, 0x4D, 0x46, 0x74, 0x34, 0x31, 0x00, 0xE3, 0x9B, 0xC3, 0x46,
        0x45, 0x79, 0x65, 0x50, 0x53, 0x00, 0xD3, 0xD9, 0xE1, 0x46, 0x44, 0x65, 0x70, 0x74, 0x68, 0x42,
        0x69, 0x61, 0x73, 0x53, 0x63, 0x61, 0x6C, 0x65, 0x00, 0x16, 0x4E, 0xE7, 0x46, 0x73, 0x6D, 0x6F,
        0x6F, 0x74, 0x68, 0x6E, 0x65, 0x73, 0x73, 0x00, 0x16, 0xFB, 0xFB, 0x47, 0x43, 0x68, 0x61, 0x6E,
        0x67, 0x65, 0x00, 0xA5, 0x5B, 0x3F, 0x48, 0x70, 0x30, 0x00, 0xF6, 0xD9, 0x24, 0x4B, 0x25, 0x5F,
        0x52, 0x54, 0x5F, 0x4D, 0x4F, 0x42, 0x49, 0x4C, 0x45, 0x5F, 0x50, 0x49, 0x50, 0x45, 0x4C, 0x49,
        0x4E, 0x45, 0x00, 0xA8, 0xD9, 0x47, 0x4B, 0x61, 0x72, 0x65, 0x61, 0x53, 0x63, 0x6C, 0x65, 0x72,
        0x61, 0x41, 0x6E, 0x64, 0x49, 0x72, 0x69, 0x73, 0x44, 0x69, 0x66, 0x66, 0x00, 0xC3, 0x2B, 0x2C,
        0x4D, 0x69, 0x72, 0x69, 0x73, 0x00, 0x7C, 0x06, 0x37, 0x51, 0x69, 0x66, 0x00, 0x52, 0xCE, 0xDF,
        0x52, 0x30, 0x30, 0x35, 0x00, 0x61, 0x6B, 0x53, 0x54, 0x47, 0x65, 0x74, 0x48, 0x65, 0x69, 0x67,
        0x68, 0x74, 0x54, 0x65, 0x78, 0x4C, 0x6F, 0x64, 0x00, 0x4B, 0x0A, 0xB2, 0x55, 0x30, 0x30, 0x31,
        0x00, 0x8B, 0x55, 0xBB, 0x55, 0x65, 0x6C, 0x73, 0x65, 0x00, 0xCC, 0xDF, 0x38, 0x56, 0x62, 0x61,
        0x73, 0x65, 0x54, 0x43, 0x00, 0x39, 0x14, 0x13, 0x57, 0x63, 0x72, 0x6F, 0x73, 0x73, 0x00, 0x81,
        0x51, 0x3D, 0x57, 0x69, 0x6C, 0x6C, 0x75, 0x6D, 0x69, 0x6E, 0x61, 0x6E, 0x63, 0x65, 0x57, 0x48,
        0x00, 0x60, 0x54, 0xF0, 0x57, 0x77, 0x6F, 0x72, 0x6C, 0x64, 0x50, 0x6F, 0x73, 0x00, 0xD0, 0xCA,
        0x0A, 0x59, 0x6F, 0x66, 0x66, 0x73, 0x65, 0x74, 0x00, 0x45, 0xC9, 0x24, 0x59, 0x76, 0x65, 0x72,
        0x74, 0x32, 0x46, 0x72, 0x61, 0x67, 0x47, 0x65, 0x6E, 0x65, 0x72, 0x61, 0x6C, 0x00, 0x7B, 0xEC,
        0x3B, 0x59, 0x48, 0x50, 0x6F, 0x73, 0x69, 0x74, 0x69, 0x6F, 0x6E, 0x00, 0x6B, 0x3A, 0x65, 0x59,
        0x45, 0x79, 0x65, 0x4F, 0x76, 0x65, 0x72, 0x6C, 0x61, 0x79, 0x50, 0x53, 0x00, 0x1C, 0x67, 0x68,
        0x5A, 0x7A, 0x77, 0x00, 0x52, 0xD5, 0x34, 0x5C, 0x69, 0x6E, 0x76, 0x65, 0x72, 0x73, 0x65, 0x53,
        0x71, 0x75, 0x61, 0x72, 0x65, 0x41, 0x74, 0x74, 0x65, 0x6E, 0x75, 0x61, 0x74, 0x69, 0x6F, 0x6E,
        0x00, 0x71, 0xBC, 0xDD, 0x5D, 0x65, 0x72, 0x72, 0x6F, 0x72, 0x00, 0xA4, 0x72, 0x0B, 0x5F, 0x6F,
        0x66, 0x66, 0x73, 0x65, 0x74, 0x42, 0x65, 0x73, 0x74, 0x00, 0x4E, 0x8E, 0xEC, 0x5F, 0x69, 0x6E,
        0x00, 0x49, 0x00, 0x6B, 0x60, 0x6E, 0x6F, 0x72, 0x6D, 0x61, 0x6C, 0x73, 0x54, 0x65, 0x78, 0x00,
        0xDC, 0x60, 0x9C, 0x60, 0x73, 0x63, 0x6C, 0x65, 0x72, 0x61, 0x57, 0x72, 0x61, 0x70, 0x44, 0x65,
        0x6E, 0x6F, 0x6D, 0x00, 0xED, 0xEF, 0x1C, 0x61, 0x44, 0x69, 0x66, 0x66, 0x75, 0x73, 0x65, 0x00,
        0xB0, 0x6A, 0xD4, 0x63, 0x43, 0x6F, 0x6D, 0x6D, 0x6F, 0x6E, 0x53, 0x68, 0x61, 0x64, 0x6F, 0x77,
        0x47, 0x65, 0x6E, 0x50, 0x61, 0x73, 0x73, 0x00, 0x65, 0xBA, 0xD8, 0x63, 0x46, 0x6F, 0x72, 0x77,
        0x61, 0x72, 0x64, 0x53, 0x68, 0x61, 0x64, 0x69, 0x6E, 0x67, 0x00, 0x71, 0x0F, 0xBE, 0x64, 0x61,
        0x72, 0x65, 0x61, 0x41, 0x74, 0x74, 0x72, 0x69, 0x62, 0x73, 0x00, 0x0E, 0x7E, 0x35, 0x6A, 0x4D,
        0x61, 0x74, 0x53, 0x70, 0x65, 0x63, 0x43, 0x6F, 0x6C, 0x6F, 0x72, 0x00, 0xF7, 0x5C, 0x1A, 0x6B,
        0x6C, 0x69, 0x67, 0x68, 0x74, 0x00, 0x02, 0x4A, 0x77, 0x6C, 0x47, 0x65, 0x74, 0x44, 0x69, 0x66,
        0x66, 0x75, 0x73, 0x65, 0x54, 0x65, 0x78, 0x00, 0x30, 0xC4, 0xD0, 0x70, 0x74, 0x33, 0x38, 0x00,
        0x8A, 0x0B, 0x26, 0x72, 0x64, 0x65, 0x74, 0x61, 0x69, 0x6C, 0x73, 0x00, 0x98, 0xDC, 0xFA, 0x73,
        0x73, 0x6D, 0x70, 0x6C, 0x00, 0x72, 0x62, 0x8F, 0x74, 0x61, 0x70, 0x70, 0x6C, 0x79, 0x50, 0x72,
        0x6F, 0x62, 0x65, 0x73, 0x00, 0x13, 0xEA, 0x45, 0x75, 0x73, 0x6D, 0x61, 0x6C, 0x6C, 0x00, 0x11,
        0x04, 0xB3, 0x76, 0x43, 0x75, 0x73, 0x74, 0x6F, 0x6D, 0x52, 0x65, 0x6E, 0x64, 0x65, 0x72, 0x50,
        0x61, 0x73, 0x73, 0x00, 0x5B, 0x55, 0x6F, 0x77, 0x47, 0x65, 0x74, 0x48, 0x65, 0x69, 0x67, 0x68,
        0x74, 0x54, 0x65, 0x78, 0x00, 0x7A, 0x78, 0xE4, 0x78, 0x45, 0x4E, 0x56, 0x49, 0x52, 0x4F, 0x4E,
        0x4D, 0x45, 0x4E, 0x54, 0x43, 0x55, 0x42, 0x45, 0x4D, 0x41, 0x50, 0x00, 0x74, 0xAA, 0xD6, 0x79,
        0x76, 0x54, 0x61, 0x6E, 0x67, 0x65, 0x6E, 0x74, 0x00, 0xC1, 0x8C, 0xAD, 0x7A, 0x55, 0x49, 0x53,
        0x74, 0x65, 0x70, 0x00, 0x39, 0xC6, 0x45, 0x7C, 0x64, 0x65, 0x6C, 0x74, 0x61, 0x31, 0x00, 0x6D,
        0x52, 0xD1, 0x7D, 0x73, 0x75, 0x6E, 0x44, 0x69, 0x66, 0x66, 0x75, 0x73, 0x65, 0x00, 0x33, 0x0D,
        0x15, 0x7E, 0x52, 0x45, 0x47, 0x5F, 0x50, 0x4D, 0x5F, 0x50, 0x41, 0x52, 0x41, 0x4D, 0x5F, 0x33,
        0x00, 0x25, 0x7A, 0x83, 0x7E, 0x64, 0x69, 0x66, 0x66, 0x75, 0x73, 0x65, 0x4F, 0x63, 0x63, 0x6C,
        0x00, 0x1B, 0x0B, 0x2A, 0x7F, 0x47, 0x65, 0x74, 0x44, 0x69, 0x6D, 0x65, 0x6E, 0x73, 0x69, 0x6F,
        0x6E, 0x73, 0x00, 0x84, 0x83, 0x5B, 0x7F, 0x46, 0x77, 0x64, 0x5F, 0x45, 0x79, 0x65, 0x4F, 0x76,
        0x65, 0x72, 0x6C, 0x61, 0x79, 0x54, 0x65, 0x78, 0x00, 0xEC, 0x20, 0xA5, 0x7F, 0x25, 0x45, 0x59,
        0x45, 0x5F, 0x53, 0x50, 0x45, 0x43, 0x55, 0x4C, 0x41, 0x52, 0x5F, 0x4F, 0x56, 0x45, 0x52, 0x4C,
        0x41, 0x59, 0x00, 0x10, 0xAB, 0x61, 0x80, 0x76, 0x42, 0x69, 0x6E, 0x6F, 0x72, 0x6D, 0x61, 0x6C,
        0x00, 0xEC, 0x79, 0x2C, 0x82, 0x43, 0x6F, 0x72, 0x6E, 0x65, 0x61, 0x00, 0x0D, 0x92, 0x91, 0x83,
        0x25, 0x45, 0x59, 0x45, 0x5F, 0x41, 0x4F, 0x5F, 0x4F, 0x56, 0x45, 0x52, 0x4C, 0x41, 0x59, 0x00,
        0x1E, 0xF6, 0x3F, 0x85, 0x76, 0x4E, 0x6F, 0x72, 0x6D, 0x61, 0x6C, 0x00, 0xA8, 0x5A, 0x6A, 0x85,
        0x74, 0x00, 0xDA, 0x7C, 0x80, 0x85, 0x63, 0x6F, 0x72, 0x6E, 0x65, 0x61, 0x00, 0x06, 0x35, 0x06,
        0x86, 0x63, 0x44, 0x69, 0x66, 0x66, 0x75, 0x73, 0x65, 0x4D, 0x61, 0x70, 0x00, 0x8B, 0x5A, 0xA5,
        0x87, 0x76, 0x65, 0x72, 0x74, 0x65, 0x78, 0x4C, 0x69, 0x62, 0x00, 0xB5, 0x22, 0xB4, 0x87, 0x70,
        0x6F, 0x77, 0x00, 0x75, 0x1F, 0x60, 0x88, 0x64, 0x69, 0x66, 0x66, 0x75, 0x73, 0x65, 0x4D, 0x61,
        0x70, 0x00, 0xB6, 0xD1, 0x60, 0x88, 0x49, 0x72, 0x69, 0x73, 0x43, 0x6F, 0x6C, 0x6F, 0x72, 0x00,
        0x5A, 0x29, 0xAB, 0x89, 0x47, 0x65, 0x74, 0x5F, 0x53, 0x50, 0x49, 0x5F, 0x44, 0x69, 0x73, 0x73,
        0x6F, 0x6C, 0x76, 0x65, 0x00, 0x3D, 0x0F, 0xD6, 0x89, 0x68, 0x69, 0x67, 0x68, 0x51, 0x75, 0x61,
        0x6C, 0x69, 0x74, 0x79, 0x53, 0x68, 0x61, 0x64, 0x6F, 0x77, 0x46, 0x69, 0x6C, 0x74, 0x65, 0x72,
        0x69, 0x6E, 0x67, 0x00, 0x6A, 0x1D, 0xB7, 0x8A, 0x55, 0x49, 0x4D, 0x61, 0x78, 0x00, 0x97, 0x16,
        0x3F, 0x8B, 0x63, 0x53, 0x70, 0x65, 0x63, 0x75, 0x6C, 0x61, 0x72, 0x4D, 0x61, 0x70, 0x00, 0x1D,
        0xFD, 0xBA, 0x8C, 0x57, 0x48, 0x48, 0x69, 0x64, 0x69, 0x6E, 0x67, 0x47, 0x72, 0x6F, 0x75, 0x70,
        0x73, 0x00, 0x27, 0x12, 0xC5, 0x8C, 0x44, 0x69, 0x66, 0x66, 0x4F, 0x63, 0x63, 0x53, 0x74, 0x72,
        0x65, 0x6E, 0x67, 0x74, 0x68, 0x00, 0x29, 0x57, 0xDE, 0x8C, 0x74, 0x79, 0x70, 0x65, 0x00, 0x42,
        0x70, 0xA1, 0x8E, 0x61, 0x6D, 0x6F, 0x75, 0x6E, 0x74, 0x00, 0x99, 0x28, 0xE6, 0x8F, 0x78, 0x79,
        0x00, 0x1F, 0x6C, 0x1B, 0x90, 0x52, 0x45, 0x47, 0x5F, 0x50, 0x4D, 0x5F, 0x50, 0x41, 0x52, 0x41,
        0x4D, 0x5F, 0x31, 0x00, 0x2C, 0x63, 0xA6, 0x90, 0x43, 0x6F, 0x6D, 0x6D, 0x6F, 0x6E, 0x5A, 0x50,
        0x61, 0x73, 0x73, 0x00, 0x12, 0xAF, 0x4F, 0x91, 0x61, 0x76, 0x6F, 0x69, 0x64, 0x00, 0xE7, 0x06,
        0x6B, 0x91, 0x68, 0x00, 0xCA, 0xE2, 0x58, 0x92, 0x53, 0x68, 0x61, 0x64, 0x6F, 0x77, 0x69, 0x6E,
        0x67, 0x00, 0xFD, 0x86, 0xD7, 0x92, 0x33, 0x33, 0x33, 0x00, 0xBB, 0xAA, 0xAD, 0x93, 0x6D, 0x61,
        0x70, 0x00, 0xA0, 0x7E, 0x06, 0x96, 0x4C, 0x49, 0x47, 0x48, 0x54, 0x5F, 0x54, 0x59, 0x50, 0x45,
        0x5F, 0x52, 0x45, 0x47, 0x55, 0x4C, 0x41, 0x52, 0x5F, 0x41, 0x52, 0x45, 0x41, 0x46, 0x41, 0x43,
        0x45, 0x00, 0x7E, 0x0E, 0x0B, 0x96, 0x53, 0x68, 0x61, 0x64, 0x6F, 0x77, 0x43, 0x6F, 0x6D, 0x6D,
        0x6F, 0x6E, 0x00, 0xD9, 0xFE, 0x43, 0x96, 0x64, 0x65, 0x6C, 0x74, 0x61, 0x00, 0x95, 0x07, 0x64,
        0x96, 0x69, 0x72, 0x69, 0x73, 0x44, 0x65, 0x70, 0x74, 0x68, 0x00, 0x5E, 0x9E, 0x96, 0x96, 0x76,
        0x43, 0x6F, 0x6E, 0x63, 0x61, 0x76, 0x69, 0x74, 0x79, 0x4E, 0x6F, 0x72, 0x6D, 0x61, 0x6C, 0x00,
        0xD6, 0x8A, 0x7C, 0x97, 0x66, 0x4E, 0x64, 0x6F, 0x74, 0x4C, 0x56, 0x65, 0x72, 0x74, 0x65, 0x78,
        0x00, 0xDC, 0x44, 0x01, 0x99, 0x36, 0x36, 0x36, 0x00, 0x83, 0x5C, 0xB8, 0x99, 0x6E, 0x75, 0x6D,
        0x53, 0x74, 0x65, 0x70, 0x73, 0x00, 0x46, 0xF3, 0x9F, 0x9A, 0x73, 0x6D, 0x6F, 0x6F, 0x74, 0x68,
        0x6E, 0x65, 0x73, 0x73, 0x54, 0x65, 0x78, 0x00, 0xDD, 0x7C, 0xD3, 0x9B, 0x47, 0x65, 0x74, 0x53,
        0x6D, 0x6F, 0x6F, 0x74, 0x68, 0x6E, 0x65, 0x73, 0x73, 0x54, 0x65, 0x78, 0x00, 0x37, 0xBC, 0xBF,
        0x9C, 0x72, 0x65, 0x66, 0x72, 0x61, 0x63, 0x74, 0x69, 0x6F, 0x6E, 0x00, 0xDE, 0xD3, 0x44, 0x9E,
        0x74, 0x63, 0x53, 0x63, 0x72, 0x65, 0x65, 0x6E, 0x00, 0x70, 0xD1, 0xA5, 0xA0, 0x6E, 0x6F, 0x72,
        0x6D, 0x61, 0x6C, 0x54, 0x65, 0x78, 0x52, 0x65, 0x73, 0x00, 0x49, 0x2C, 0x82, 0xA1, 0x76, 0x50,
        0x69, 0x78, 0x43, 0x6F, 0x6F, 0x72, 0x64, 0x00, 0x05, 0x30, 0x09, 0xA3, 0x63, 0x6F, 0x72, 0x6E,
        0x65, 0x61, 0x4E, 0x6F, 0x72, 0x6D, 0x61, 0x6C, 0x00, 0x1C, 0x02, 0xE8, 0xA5, 0x63, 0x6C, 0x69,
        0x70, 0x70, 0x69, 0x6E, 0x67, 0x00, 0x3E, 0x0E, 0xA0, 0xA6, 0x76, 0x73, 0x5F, 0x73, 0x68, 0x61,
        0x72, 0x65, 0x64, 0x5F, 0x6F, 0x75, 0x74, 0x70, 0x75, 0x74, 0x00, 0xF7, 0x79, 0x13, 0xA8, 0x46,
        0x6F, 0x72, 0x77, 0x61, 0x72, 0x64, 0x4C, 0x69, 0x67, 0x68, 0x74, 0x50, 0x61, 0x72, 0x61, 0x6D,
        0x73, 0x00, 0x60, 0x52, 0x8A, 0xA9, 0x25, 0x5F, 0x52, 0x54, 0x5F, 0x41, 0x52, 0x45, 0x41, 0x5F,
        0x4C, 0x49, 0x47, 0x48, 0x54, 0x00, 0x45, 0x4B, 0xF7, 0xAA, 0x75, 0x76, 0x00, 0x87, 0x13, 0x4B,
        0xAB, 0x66, 0x6C, 0x61, 0x74, 0x74, 0x65, 0x6E, 0x00, 0x5B, 0xEC, 0xE0, 0xAB, 0x4D, 0x61, 0x70,
        0x00, 0x67, 0x14, 0x20, 0xAD, 0x63, 0x6C, 0x69, 0x70, 0x00, 0xFE, 0x4F, 0x26, 0xAD, 0x54, 0x69,
        0x6C, 0x65, 0x64, 0x46, 0x6F, 0x72, 0x77, 0x61, 0x72, 0x64, 0x53, 0x68, 0x61, 0x64, 0x69, 0x6E,
        0x67, 0x00, 0x71, 0xD6, 0xA1, 0xAE, 0x64, 0x69, 0x66, 0x66, 0x75, 0x73, 0x65, 0x00, 0xF2, 0x52,
        0x89, 0xAF, 0x73, 0x76, 0x6F, 0x67, 0x69, 0x4D, 0x6F, 0x64, 0x65, 0x00, 0x83, 0x13, 0x0A, 0xB0,
        0x47, 0x65, 0x74, 0x4E, 0x6F, 0x72, 0x6D, 0x61, 0x6C, 0x4D, 0x61, 0x70, 0x00, 0x6B, 0x4B, 0xD6,
        0xB2, 0x73, 0x73, 0x46, 0x77, 0x64, 0x43, 0x6F, 0x6D, 0x70, 0x61, 0x72, 0x69, 0x73, 0x6F, 0x6E,
        0x00, 0xCC, 0x1F, 0x8E, 0xB6, 0x77, 0x77, 0x79, 0x77, 0x00, 0x33, 0x22, 0xBA, 0xB6, 0x55, 0x49,
        0x4D, 0x69, 0x6E, 0x00, 0x67, 0x9B, 0x32, 0xB8, 0x76, 0x69, 0x65, 0x77, 0x56, 0x65, 0x63, 0x54,
        0x53, 0x00, 0x23, 0xF4, 0x7D, 0xB8, 0x6C, 0x6F, 0x63, 0x61, 0x6C, 0x4C, 0x69, 0x67, 0x68, 0x74,
        0x53, 0x68, 0x61, 0x64, 0x6F, 0x77, 0x73, 0x4D, 0x6F, 0x64, 0x65, 0x00, 0x8F, 0xCF, 0x0E, 0xB9,
        0x6F, 0x63, 0x63, 0x6C, 0x75, 0x73, 0x69, 0x6F, 0x6E, 0x00, 0x99, 0x6D, 0xEA, 0xB9, 0x6F, 0x75,
        0x74, 0x00, 0x76, 0x5B, 0x5D, 0xBB, 0x72, 0x65, 0x66, 0x6C, 0x65, 0x63, 0x74, 0x61, 0x6E, 0x63,
        0x65, 0x00, 0x40, 0x79, 0xF5, 0xBB, 0x6C, 0x69, 0x67, 0x68, 0x74, 0x44, 0x65, 0x6C, 0x74, 0x61,
        0x00, 0x58, 0xE1, 0x5B, 0xBC, 0x61, 0x70, 0x70, 0x6C, 0x79, 0x4E, 0x6F, 0x6E, 0x50, 0x72, 0x6F,
        0x62, 0x65, 0x73, 0x00, 0x6A, 0xF3, 0x23, 0xBD, 0x68, 0x31, 0x00, 0x80, 0x5A, 0x2B, 0xBE, 0x53,
        0x70, 0x65, 0x63, 0x4F, 0x63, 0x63, 0x53, 0x74, 0x72, 0x65, 0x6E, 0x67, 0x74, 0x68, 0x00, 0x64,
        0xD2, 0xE1, 0xBE, 0x69, 0x72, 0x69, 0x73, 0x4D, 0x61, 0x73, 0x6B, 0x00, 0xE8, 0xA2, 0xAB, 0xBF,
        0x49, 0x72, 0x69, 0x73, 0x53, 0x68, 0x61, 0x64, 0x6F, 0x77, 0x69, 0x6E, 0x67, 0x00, 0xA9, 0x28,
        0xAC, 0xC0, 0x61, 0x72, 0x65, 0x61, 0x43, 0x6F, 0x72, 0x6E, 0x65, 0x61, 0x44, 0x69, 0x66, 0x66,
        0x00, 0xC7, 0x81, 0x35, 0xC2, 0x42, 0x75, 0x6D, 0x70, 0x00, 0xAE, 0x3E, 0xF3, 0xC3, 0x63, 0x61,
        0x75, 0x73, 0x65, 0x64, 0x00, 0xEF, 0x35, 0xB3, 0xC5, 0x47, 0x65, 0x74, 0x54, 0x65, 0x78, 0x74,
        0x75, 0x72, 0x65, 0x32, 0x44, 0x50, 0x72, 0x6F, 0x6A, 0x00, 0xDC, 0xD3, 0x9A, 0xC6, 0x46, 0x77,
        0x64, 0x5F, 0x53, 0x70, 0x6F, 0x74, 0x54, 0x65, 0x78, 0x41, 0x72, 0x72, 0x61, 0x79, 0x00, 0xA6,
        0x85, 0xE2, 0xC6, 0x70, 0x69, 0x78, 0x6F, 0x75, 0x74, 0x00, 0xA2, 0x48, 0x36, 0xC7, 0x63, 0x44,
        0x69, 0x66, 0x66, 0x75, 0x73, 0x65, 0x00, 0x9E, 0x66, 0xB4, 0xC8, 0x64, 0x69, 0x73, 0x70, 0x6C,
        0x61, 0x63, 0x65, 0x6D, 0x65, 0x6E, 0x74, 0x00, 0x75, 0x59, 0x34, 0xC9, 0x43, 0x6F, 0x72, 0x6E,
        0x65, 0x61, 0x53, 0x6D, 0x6F, 0x6F, 0x74, 0x68, 0x6E, 0x65, 0x73, 0x73, 0x00, 0xFC, 0xC3, 0x24,
        0xCA, 0x68, 0x30, 0x00, 0xB3, 0x87, 0x33, 0xCB, 0x53, 0x68, 0x61, 0x64, 0x65, 0x4C, 0x69, 0x62,
        0x00, 0x26, 0x79, 0x0A, 0xCC, 0x76, 0x69, 0x65, 0x77, 0x44, 0x69, 0x72, 0x4E, 0x72, 0x6D, 0x00,
        0x4F, 0xA7, 0xD2, 0xCC, 0x41, 0x72, 0x65, 0x61, 0x4C, 0x69, 0x67, 0x68, 0x74, 0x4C, 0x54, 0x43,
        0x5F, 0x47, 0x47, 0x58, 0x00, 0xDB, 0x33, 0x91, 0xCD, 0x4D, 0x6F, 0x64, 0x65, 0x5F, 0x44, 0x69,
        0x73, 0x61, 0x62, 0x6C, 0x65, 0x64, 0x00, 0x3D, 0x89, 0x39, 0xCE, 0x61, 0x72, 0x65, 0x61, 0x53,
        0x63, 0x6C, 0x65, 0x72, 0x61, 0x41, 0x6E, 0x64, 0x49, 0x72, 0x69, 0x73, 0x53, 0x70, 0x65, 0x63,
        0x00, 0x4B, 0xC3, 0x52, 0xCE, 0x6E, 0x6F, 0x72, 0x6D, 0x61, 0x6C, 0x69, 0x7A, 0x65, 0x00, 0x27,
        0x20, 0x74, 0xCE, 0x42, 0x6C, 0x69, 0x6E, 0x6E, 0x42, 0x52, 0x44, 0x46, 0x00, 0xDE, 0x39, 0x3B,
        0xCF, 0x76, 0x56, 0x69, 0x65, 0x77, 0x00, 0x36, 0x24, 0x41, 0xCF, 0x30, 0x31, 0x00, 0xA3, 0x09,
        0x71, 0xCF, 0x61, 0x70, 0x70, 0x32, 0x76, 0x65, 0x72, 0x74, 0x47, 0x65, 0x6E, 0x65, 0x72, 0x61,
        0x6C, 0x00, 0x07, 0x10, 0xC7, 0xCF, 0x73, 0x6C, 0x69, 0x64, 0x65, 0x72, 0x00, 0xEE, 0xD9, 0x7B,
        0xD2, 0x76, 0x6F, 0x69, 0x64, 0x00, 0x5B, 0xA8, 0x6B, 0xD3, 0x35, 0x31, 0x32, 0x00, 0xE7, 0xBF,
        0xE2, 0xD3, 0x52, 0x65, 0x66, 0x72, 0x61, 0x63, 0x74, 0x69, 0x6F, 0x6E, 0x00, 0x88, 0x58, 0x94,
        0xD4, 0x63, 0x46, 0x69, 0x6E, 0x61, 0x6C, 0x00, 0x89, 0x4B, 0x0D, 0xD5, 0x43, 0x6F, 0x6D, 0x6D,
        0x6F, 0x6E, 0x56, 0x69, 0x65, 0x77, 0x73, 0x50, 0x61, 0x73, 0x73, 0x00, 0xD8, 0xE1, 0xB9, 0xD6,
        0x73, 0x74, 0x72, 0x65, 0x6E, 0x67, 0x74, 0x68, 0x00, 0xC4, 0xD2, 0x87, 0xD7, 0x74, 0x6F, 0x00,
        0xDC, 0x2C, 0x85, 0xD8, 0x37, 0x35, 0x66, 0x00, 0x2A, 0x4B, 0xC1, 0xDC, 0x76, 0x65, 0x72, 0x74,
        0x50, 0x61, 0x73, 0x73, 0x50, 0x6F, 0x73, 0x00, 0x66, 0xCD, 0xF6, 0xDD, 0x30, 0x68, 0x00, 0x9F,
        0x2B, 0x2B, 0xDE, 0x25, 0x5F, 0x52, 0x54, 0x5F, 0x54, 0x49, 0x4C, 0x45, 0x44, 0x5F, 0x53, 0x48,
        0x41, 0x44, 0x49, 0x4E, 0x47, 0x00, 0x3C, 0x63, 0x59, 0xDE, 0x53, 0x65, 0x74, 0x00, 0x9F, 0x26,
        0xAE, 0xDE, 0x44, 0x65, 0x62, 0x75, 0x67, 0x50, 0x61, 0x73, 0x73, 0x00, 0x60, 0x5A, 0x8B, 0xE1,
        0x4D, 0x6F, 0x64, 0x65, 0x5F, 0x46, 0x6F, 0x72, 0x77, 0x61, 0x72, 0x64, 0x00, 0x5E, 0xF7, 0xEE,
        0xE1, 0x73, 0x63, 0x72, 0x65, 0x65, 0x6E, 0x55, 0x56, 0x00, 0x67, 0x75, 0x40, 0xE2, 0x43, 0x6F,
        0x6D, 0x6D, 0x6F, 0x6E, 0x00, 0xA1, 0xD8, 0xAE, 0xE3, 0x74, 0x65, 0x78, 0x4F, 0x66, 0x66, 0x73,
        0x65, 0x74, 0x00, 0x15, 0x4E, 0x0B, 0xE5, 0x4C, 0x49, 0x47, 0x48, 0x54, 0x5F, 0x54, 0x59, 0x50,
        0x45, 0x5F, 0x53, 0x55, 0x4E, 0x00, 0x92, 0x0E, 0x2D, 0xE6, 0x73, 0x75, 0x6E, 0x53, 0x70, 0x65,
        0x63, 0x75, 0x6C, 0x61, 0x72, 0x00, 0x71, 0x36, 0x6C, 0xE6, 0x69, 0x00, 0x89, 0x5C, 0x1C, 0xE7,
        0x52, 0x45, 0x47, 0x5F, 0x50, 0x4D, 0x5F, 0x50, 0x41, 0x52, 0x41, 0x4D, 0x5F, 0x30, 0x00, 0x05,
        0xA1, 0xD0, 0xE9, 0x4D, 0x61, 0x74, 0x44, 0x69, 0x66, 0x43, 0x6F, 0x6C, 0x6F, 0x72, 0x00, 0xA2,
        0xB5, 0x0B, 0xEA, 0x4D, 0x6F, 0x64, 0x65, 0x5F, 0x44, 0x65, 0x66, 0x65, 0x72, 0x72, 0x65, 0x64,
        0x00, 0xC4, 0xCB, 0x1B, 0xEA, 0x53, 0x63, 0x6C, 0x65, 0x72, 0x61, 0x53, 0x53, 0x53, 0x00, 0xD9,
        0x56, 0x53, 0xEA, 0x6F, 0x63, 0x63, 0x6C, 0x75, 0x73, 0x69, 0x6F, 0x6E, 0x4D, 0x61, 0x70, 0x00,
        0x60, 0xC7, 0xB3, 0xEA, 0x49, 0x72, 0x69, 0x73, 0x53, 0x53, 0x53, 0x00, 0x67, 0xBA, 0x8E, 0xEB,
        0x78, 0x79, 0x7A, 0x00, 0x6F, 0xBC, 0x9D, 0xEB, 0x73, 0x73, 0x54, 0x72, 0x69, 0x6C, 0x69, 0x6E,
        0x65, 0x61, 0x72, 0x43, 0x6C, 0x61, 0x6D, 0x70, 0x00, 0x84, 0x25, 0x46, 0xEC, 0x73, 0x63, 0x61,
        0x6C, 0x65, 0x00, 0x06, 0xB4, 0xBD, 0xEC, 0x63, 0x53, 0x63, 0x6C, 0x65, 0x72, 0x61, 0x53, 0x68,
        0x61, 0x64, 0x69, 0x6E, 0x67, 0x00, 0xFD, 0x84, 0x1E, 0xED, 0x49, 0x72, 0x69, 0x73, 0x00, 0xA9,
        0x36, 0x4C, 0xED, 0x63, 0x53, 0x70, 0x65, 0x63, 0x75, 0x6C, 0x61, 0x72, 0x00, 0xB8, 0xF8, 0x58,
        0xED, 0x54, 0x4D, 0x5F, 0x43, 0x75, 0x73, 0x74, 0x6F, 0x6D, 0x00, 0xF8, 0x09, 0x75, 0xEF, 0x66,
        0x6F, 0x72, 0x00, 0x73, 0xF8, 0x9F, 0xEF, 0x43, 0x6F, 0x6D, 0x70, 0x75, 0x74, 0x65, 0x54, 0x65,
        0x78, 0x74, 0x75, 0x72, 0x65, 0x4C, 0x4F, 0x44, 0x00, 0x11, 0x22, 0x85, 0xF0, 0x73, 0x63, 0x61,
        0x74, 0x74, 0x65, 0x72, 0x69, 0x6E, 0x67, 0x00, 0x24, 0x8A, 0x06, 0xF1, 0x49, 0x4E, 0x00, 0xBC,
        0xCA, 0x20, 0xF1, 0x64, 0x69, 0x66, 0x66, 0x75, 0x73, 0x65, 0x54, 0x65, 0x78, 0x00, 0x7A, 0x67,
        0x43, 0xF2, 0x6D, 0x61, 0x73, 0x6B, 0x56, 0x61, 0x6C, 0x75, 0x65, 0x00, 0x22, 0x47, 0x4F, 0xF2,
        0x53, 0x53, 0x53, 0x00, 0xDE, 0x44, 0x98, 0xF2, 0x68, 0x65, 0x69, 0x67, 0x68, 0x74, 0x54, 0x65,
        0x78, 0x00, 0x59, 0x22, 0xFF, 0xF2, 0x73, 0x70, 0x65, 0x63, 0x75, 0x6C, 0x61, 0x72, 0x00, 0x15,
        0xEA, 0x55, 0xF3, 0x66, 0x53, 0x70, 0x65, 0x63, 0x4F, 0x63, 0x63, 0x00, 0x27, 0x29, 0xDF, 0xF4,
        0x6E, 0x6F, 0x72, 0x6D, 0x61, 0x6C, 0x53, 0x70, 0x65, 0x63, 0x50, 0x72, 0x6F, 0x62, 0x65, 0x00,
        0x0F, 0xE5, 0x4D, 0xF5, 0x68, 0x65, 0x69, 0x67, 0x68, 0x74, 0x00, 0x9B, 0x16, 0x84, 0xF5, 0x63,
        0x75, 0x73, 0x74, 0x6F, 0x6D, 0x00, 0xA1, 0x36, 0x23, 0xF7, 0x73, 0x75, 0x62, 0x73, 0x75, 0x72,
        0x66, 0x61, 0x63, 0x65, 0x00, 0x69, 0x1C, 0xA3, 0xFA, 0x64, 0x65, 0x70, 0x74, 0x68, 0x00, 0x9B,
        0xD8, 0xB6, 0xFA, 0x73, 0x63, 0x6C, 0x65, 0x72, 0x61, 0x00, 0x39, 0x8F, 0x0D, 0xFB, 0x66, 0x4E,
        0x64, 0x6F, 0x74, 0x4C, 0x43, 0x6F, 0x72, 0x6E, 0x65, 0x61, 0x00, 0x71, 0x84, 0x87, 0xFB, 0x5A,
        0x50, 0x61, 0x73, 0x73, 0x00, 0x1D, 0x5E, 0x8D, 0xFC, 0x54, 0x53, 0x5F, 0x53, 0x68, 0x61, 0x64,
        0x6F, 0x77, 0x4D, 0x61, 0x73, 0x6B, 0x00, 0xAD, 0xDD, 0x1A, 0xFD, 0x53, 0x63, 0x6C, 0x65, 0x72,
        0x61, 0x00, 0x03, 0x8A, 0xAF, 0xFD, 0x73, 0x70, 0x65, 0x63, 0x75, 0x6C, 0x61, 0x72, 0x41, 0x63,
        0x63, 0x00, 0xBA, 0xA9, 0x61, 0xFE, 0x43, 0x56, 0x5F, 0x44, 0x65, 0x63, 0x61, 0x6C, 0x5A, 0x46,
        0x69, 0x67, 0x68, 0x74, 0x69, 0x6E, 0x67, 0x52, 0x65, 0x6D, 0x65, 0x64, 0x79, 0x00, 0x9B, 0xBE,
        0x5E, 0xFF, 0x25, 0x56, 0x45, 0x52, 0x54, 0x43, 0x4F, 0x4C, 0x4F, 0x52, 0x53, 0x00,
    };
    // tpvcamera_hair_72074c2c.cfxb: 26826 bytes, 5101 tokens, crc 0x72074C2C
    inline constexpr unsigned char k_blob1[] = {
        0x46, 0x58, 0x42, 0x30, 0x2C, 0x4C, 0x07, 0x72, 0x03, 0x00, 0x04, 0x00, 0xD0, 0x4F, 0x00, 0x00,
        0xCA, 0x68, 0x00, 0x00, 0xED, 0x13, 0x00, 0x00, 0x00, 0x00, 0x00, 0x00, 0x01, 0x00, 0x00, 0x00,
        0x67, 0x75, 0x40, 0xE2, 0x01, 0x00, 0x00, 0x00, 0x7E, 0x0E, 0x0B, 0x96, 0x02, 0x00, 0x00, 0x00,
        0x48, 0x1A, 0xCC, 0x10, 0x00, 0x00, 0x00, 0x00, 0x53, 0x00, 0x00, 0x00, 0x0A, 0x01, 0x00, 0x00,
        0x24, 0x00, 0x00, 0x00, 0xE8, 0x00, 0x00, 0x00, 0x20, 0x00, 0x00, 0x00, 0xEA, 0x00, 0x00, 0x00,
        0x0A, 0x01, 0x00, 0x00, 0x2A, 0x00, 0x00, 0x00, 0x27, 0x00, 0x00, 0x00, 0x7B, 0x01, 0x00, 0x00,
        0x25, 0x00, 0x00, 0x00, 0x27, 0x00, 0x00, 0x00, 0x06, 0x00, 0x00, 0x00, 0x26, 0x00, 0x00, 0x00,
        0xDD, 0x39, 0x9C, 0x4A, 0x27, 0x00, 0x00, 0x00, 0x89, 0x01, 0x00, 0x00, 0x25, 0x00, 0x00, 0x00,
        0x27, 0x00, 0x00, 0x00, 0x0F, 0x00, 0x00, 0x00, 0x27, 0x00, 0x00, 0x00, 0x8E, 0x01, 0x00, 0x00,
        0x25, 0x00, 0x00, 0x00, 0x27, 0x00, 0x00, 0x00, 0x0E, 0x00, 0x00, 0x00, 0x27, 0x00, 0x00, 0x00,
        0x93, 0x01, 0x00, 0x00, 0x25, 0x00, 0x00, 0x00, 0x27, 0x00, 0x00, 0x00, 0x27, 0x00, 0x00, 0x00,
        0xA4, 0x01, 0x00, 0x00, 0x25, 0x00, 0x00, 0x00, 0x27, 0x00, 0x00, 0x00, 0x27, 0x00, 0x00, 0x00,
        0x7C, 0x01, 0x00, 0x00, 0x25, 0x00, 0x00, 0x00, 0x27, 0x00, 0x00, 0x00, 0x27, 0x00, 0x00, 0x00,
        0x7F, 0x01, 0x00, 0x00, 0x25, 0x00, 0x00, 0x00, 0x27, 0x00, 0x00, 0x00, 0x06, 0x00, 0x00, 0x00,
        0xC5, 0x78, 0x75, 0x4D, 0x27, 0x00, 0x00, 0x00, 0x34, 0x02, 0x00, 0x00, 0x25, 0x00, 0x00, 0x00,
        0x27, 0x00, 0x00, 0x00, 0x0E, 0x00, 0x00, 0x00, 0x27, 0x00, 0x00, 0x00, 0x79, 0x01, 0x00, 0x00,
        0x2A, 0x00, 0x00, 0x00, 0x9A, 0x01, 0x00, 0x00, 0x25, 0x00, 0x00, 0x00, 0x27, 0x00, 0x00, 0x00,
        0x27, 0x00, 0x00, 0x00, 0x78, 0x01, 0x00, 0x00, 0x2A, 0x00, 0x00, 0x00, 0x9D, 0x01, 0x00, 0x00,
        0x25, 0x00, 0x00, 0x00, 0x27, 0x00, 0x00, 0x00, 0x27, 0x00, 0x00, 0x00, 0x7E, 0x01, 0x00, 0x00,
        0x2A, 0x00, 0x00, 0x00, 0xFE, 0x00, 0x00, 0x00, 0x25, 0x00, 0x00, 0x00, 0x27, 0x00, 0x00, 0x00,
        0x06, 0x00, 0x00, 0x00, 0x48, 0x1A, 0xCC, 0x10, 0x27, 0x00, 0x00, 0x00, 0x96, 0x01, 0x00, 0x00,
        0x27, 0x00, 0x00, 0x00, 0x0E, 0x00, 0x00, 0x00, 0x21, 0x00, 0x00, 0x00, 0x25, 0x00, 0x00, 0x00,
        0x02, 0x00, 0x00, 0x00, 0x20, 0x08, 0xE5, 0xDA, 0x00, 0x00, 0x00, 0x00, 0x01, 0x00, 0x00, 0x00,
        0x28, 0xD8, 0x54, 0x05, 0x8E, 0x00, 0x00, 0x00, 0x48, 0x84, 0xF8, 0x06, 0x1E, 0x00, 0x00, 0x00,
        0x63, 0x00, 0x00, 0x00, 0x1E, 0xBA, 0x48, 0xEF, 0x25, 0x00, 0x00, 0x00, 0x55, 0x00, 0x00, 0x00,
        0x9F, 0xE3, 0xB5, 0x1E, 0x25, 0x00, 0x00, 0x00, 0x55, 0x00, 0x00, 0x00, 0xE8, 0x0B, 0x1A, 0x24,
        0x25, 0x00, 0x00, 0x00, 0x55, 0x00, 0x00, 0x00, 0x76, 0x47, 0xED, 0xE4, 0x25, 0x00, 0x00, 0x00,
        0x56, 0x00, 0x00, 0x00, 0xBF, 0x53, 0x1E, 0x96, 0x25, 0x00, 0x00, 0x00, 0x1F, 0x00, 0x00, 0x00,
        0x25, 0x00, 0x00, 0x00, 0x01, 0x00, 0x00, 0x00, 0xB3, 0x87, 0x33, 0xCB, 0x01, 0x00, 0x00, 0x00,
        0x0C, 0xF2, 0x29, 0xC9, 0xDF, 0x00, 0x00, 0x00, 0x20, 0x00, 0x00, 0x00, 0x03, 0xC6, 0xB4, 0xC0,
        0x21, 0x00, 0x00, 0x00, 0x91, 0xDA, 0xF5, 0x5A, 0x24, 0x00, 0x00, 0x00, 0xD7, 0x00, 0x00, 0x00,
        0x1A, 0x00, 0x00, 0x00, 0x2A, 0xE8, 0x69, 0xF4, 0x1B, 0x00, 0x00, 0x00, 0x25, 0x00, 0x00, 0x00,
        0x01, 0x00, 0x00, 0x00, 0x1D, 0xFD, 0xBA, 0x8C, 0x01, 0x00, 0x00, 0x00, 0xBE, 0xA9, 0x66, 0xA7,
        0xF9, 0x7F, 0x20, 0x46, 0x3D, 0x96, 0x10, 0x19, 0x1E, 0x9B, 0x37, 0xC7, 0x7A, 0x78, 0xE4, 0x78,
        0x89, 0x00, 0x00, 0x00, 0x2B, 0xB7, 0x91, 0x27, 0x2A, 0x00, 0x00, 0x00, 0x47, 0x00, 0x00, 0x00,
        0x1E, 0x00, 0x00, 0x00, 0xF2, 0x00, 0x00, 0x00, 0x2A, 0x00, 0x00, 0x00, 0xF4, 0xD8, 0xFC, 0xD3,
        0x25, 0x00, 0x00, 0x00, 0xF4, 0x00, 0x00, 0x00, 0x2A, 0x00, 0x00, 0x00, 0xFC, 0x00, 0x00, 0x00,
        0x25, 0x00, 0x00, 0x00, 0xF5, 0x00, 0x00, 0x00, 0x2A, 0x00, 0x00, 0x00, 0xFC, 0x00, 0x00, 0x00,
        0x25, 0x00, 0x00, 0x00, 0xF6, 0x00, 0x00, 0x00, 0x2A, 0x00, 0x00, 0x00, 0xFC, 0x00, 0x00, 0x00,
        0x25, 0x00, 0x00, 0x00, 0xF7, 0x00, 0x00, 0x00, 0x2A, 0x00, 0x00, 0x00, 0x06, 0x01, 0x00, 0x00,
        0x25, 0x00, 0x00, 0x00, 0xF8, 0x00, 0x00, 0x00, 0x2A, 0x00, 0x00, 0x00, 0x06, 0x01, 0x00, 0x00,
        0x25, 0x00, 0x00, 0x00, 0x1F, 0x00, 0x00, 0x00, 0x25, 0x00, 0x00, 0x00, 0x4B, 0x00, 0x00, 0x00,
        0x20, 0x00, 0x00, 0x00, 0x56, 0x00, 0x00, 0x00, 0x21, 0x00, 0x00, 0x00, 0x74, 0xF9, 0x68, 0x2C,
        0x2A, 0x00, 0x00, 0x00, 0x1D, 0x5E, 0x8D, 0xFC, 0x25, 0x00, 0x00, 0x00, 0x48, 0x00, 0x00, 0x00,
        0xCD, 0xFE, 0xA3, 0x03, 0x24, 0x00, 0x00, 0x00, 0xD7, 0x00, 0x00, 0x00, 0x1A, 0x00, 0x00, 0x00,
        0x4A, 0x02, 0x00, 0x00, 0x1B, 0x00, 0x00, 0x00, 0x20, 0x00, 0x00, 0x00, 0xEB, 0x00, 0x00, 0x00,
        0x2A, 0x00, 0x00, 0x00, 0x27, 0x00, 0x00, 0x00, 0x10, 0x53, 0xBB, 0xBC, 0x5B, 0xEC, 0xE0, 0xAB,
        0x27, 0x00, 0x00, 0x00, 0x25, 0x00, 0x00, 0x00, 0xEC, 0x00, 0x00, 0x00, 0x2A, 0x00, 0x00, 0x00,
        0x27, 0x00, 0x00, 0x00, 0x74, 0x32, 0xA7, 0xEB, 0x3A, 0xC1, 0x72, 0x29, 0xBB, 0xAA, 0xAD, 0x93,
        0xF8, 0x09, 0x75, 0xEF, 0x5C, 0x29, 0xD5, 0x16, 0x19, 0x61, 0xF7, 0x9C, 0xB3, 0xD1, 0x4A, 0x3E,
        0x27, 0x00, 0x00, 0x00, 0x25, 0x00, 0x00, 0x00, 0x21, 0x00, 0x00, 0x00, 0x2A, 0x00, 0x00, 0x00,
        0xB0, 0x91, 0xDA, 0x36, 0x25, 0x00, 0x00, 0x00, 0x53, 0x00, 0x00, 0x00, 0x1A, 0x81, 0x9A, 0x0D,
        0x20, 0x00, 0x00, 0x00, 0xD7, 0x00, 0x00, 0x00, 0x2A, 0x00, 0x00, 0x00, 0x89, 0x5C, 0x1C, 0xE7,
        0x23, 0x00, 0x00, 0x00, 0x0F, 0x02, 0x00, 0x00, 0x25, 0x00, 0x00, 0x00, 0xEA, 0x00, 0x00, 0x00,
        0xEB, 0x00, 0x00, 0x00, 0x2A, 0x00, 0x00, 0x00, 0x27, 0x00, 0x00, 0x00, 0x49, 0x8A, 0xB8, 0xDF,
        0x45, 0x24, 0x81, 0x63, 0x27, 0x00, 0x00, 0x00, 0x25, 0x00, 0x00, 0x00, 0xEA, 0x00, 0x00, 0x00,
        0x51, 0x2E, 0x93, 0x31, 0x2A, 0x00, 0x00, 0x00, 0x27, 0x00, 0x00, 0x00, 0x3E, 0x97, 0x20, 0x34,
        0x6A, 0x39, 0xE0, 0xD0, 0x46, 0x93, 0x8F, 0x1D, 0x19, 0x61, 0xF7, 0x9C, 0x97, 0xE2, 0xEA, 0x3C,
        0xC4, 0x81, 0x01, 0x13, 0xC4, 0xD2, 0x87, 0xD7, 0x20, 0x35, 0x58, 0xD9, 0xAB, 0x0E, 0x52, 0x95,
        0x27, 0x00, 0x00, 0x00, 0x25, 0x00, 0x00, 0x00, 0xEA, 0x00, 0x00, 0x00, 0xED, 0x00, 0x00, 0x00,
        0x2A, 0x00, 0x00, 0x00, 0x27, 0x00, 0x00, 0x00, 0x07, 0x10, 0xC7, 0xCF, 0x27, 0x00, 0x00, 0x00,
        0x25, 0x00, 0x00, 0x00, 0x53, 0x00, 0x00, 0x00, 0x33, 0x22, 0xBA, 0xB6, 0x2A, 0x00, 0x00, 0x00,
        0x19, 0x02, 0x00, 0x00, 0x23, 0x00, 0x00, 0x00, 0x19, 0x02, 0x00, 0x00, 0x25, 0x00, 0x00, 0x00,
        0x53, 0x00, 0x00, 0x00, 0x6A, 0x1D, 0xB7, 0x8A, 0x2A, 0x00, 0x00, 0x00, 0x1B, 0x02, 0x00, 0x00,
        0x23, 0x00, 0x00, 0x00, 0x19, 0x02, 0x00, 0x00, 0x25, 0x00, 0x00, 0x00, 0x53, 0x00, 0x00, 0x00,
        0xC1, 0x8C, 0xAD, 0x7A, 0x2A, 0x00, 0x00, 0x00, 0x19, 0x02, 0x00, 0x00, 0x23, 0x00, 0x00, 0x00,
        0x36, 0x24, 0x41, 0xCF, 0x25, 0x00, 0x00, 0x00, 0x21, 0x00, 0x00, 0x00, 0x2A, 0x00, 0x00, 0x00,
        0x19, 0x02, 0x00, 0x00, 0x23, 0x00, 0x00, 0x00, 0x19, 0x02, 0x00, 0x00, 0x25, 0x00, 0x00, 0x00,
        0x53, 0x00, 0x00, 0x00, 0xBC, 0x3F, 0x11, 0xE1, 0x20, 0x00, 0x00, 0x00, 0xD7, 0x00, 0x00, 0x00,
        0x2A, 0x00, 0x00, 0x00, 0x89, 0x5C, 0x1C, 0xE7, 0x23, 0x00, 0x00, 0x00, 0x10, 0x02, 0x00, 0x00,
        0x25, 0x00, 0x00, 0x00, 0xEA, 0x00, 0x00, 0x00, 0xEB, 0x00, 0x00, 0x00, 0x2A, 0x00, 0x00, 0x00,
        0x27, 0x00, 0x00, 0x00, 0x6E, 0x16, 0x21, 0x11, 0x2C, 0x5E, 0x5C, 0x6A, 0x8B, 0xAA, 0xC7, 0xEB,
        0x27, 0x00, 0x00, 0x00, 0x25, 0x00, 0x00, 0x00, 0xEA, 0x00, 0x00, 0x00, 0x51, 0x2E, 0x93, 0x31,
        0x2A, 0x00, 0x00, 0x00, 0x27, 0x00, 0x00, 0x00, 0x8B, 0xAA, 0xC7, 0xEB, 0xF8, 0x09, 0x75, 0xEF,
        0x41, 0x9B, 0xE6, 0xF7, 0x27, 0x00, 0x00, 0x00, 0x25, 0x00, 0x00, 0x00, 0xEA, 0x00, 0x00, 0x00,
        0xED, 0x00, 0x00, 0x00, 0x2A, 0x00, 0x00, 0x00, 0x27, 0x00, 0x00, 0x00, 0x07, 0x10, 0xC7, 0xCF,
        0x27, 0x00, 0x00, 0x00, 0x25, 0x00, 0x00, 0x00, 0x53, 0x00, 0x00, 0x00, 0x33, 0x22, 0xBA, 0xB6,
        0x2A, 0x00, 0x00, 0x00, 0x1A, 0x02, 0x00, 0x00, 0x23, 0x00, 0x00, 0x00, 0x19, 0x02, 0x00, 0x00,
        0x25, 0x00, 0x00, 0x00, 0x53, 0x00, 0x00, 0x00, 0x6A, 0x1D, 0xB7, 0x8A, 0x2A, 0x00, 0x00, 0x00,
        0x1D, 0x02, 0x00, 0x00, 0x23, 0x00, 0x00, 0x00, 0x19, 0x02, 0x00, 0x00, 0x25, 0x00, 0x00, 0x00,
        0x53, 0x00, 0x00, 0x00, 0xC1, 0x8C, 0xAD, 0x7A, 0x2A, 0x00, 0x00, 0x00, 0x19, 0x02, 0x00, 0x00,
        0x23, 0x00, 0x00, 0x00, 0x1A, 0x02, 0x00, 0x00, 0x25, 0x00, 0x00, 0x00, 0x21, 0x00, 0x00, 0x00,
        0x2A, 0x00, 0x00, 0x00, 0x1A, 0x02, 0x00, 0x00, 0x23, 0x00, 0x00, 0x00, 0x19, 0x02, 0x00, 0x00,
        0x25, 0x00, 0x00, 0x00, 0x53, 0x00, 0x00, 0x00, 0x74, 0x9B, 0x4D, 0x82, 0x20, 0x00, 0x00, 0x00,
        0xD7, 0x00, 0x00, 0x00, 0x2A, 0x00, 0x00, 0x00, 0x89, 0x5C, 0x1C, 0xE7, 0x23, 0x00, 0x00, 0x00,
        0x11, 0x02, 0x00, 0x00, 0x25, 0x00, 0x00, 0x00, 0xEA, 0x00, 0x00, 0x00, 0x51, 0x2E, 0x93, 0x31,
        0x2A, 0x00, 0x00, 0x00, 0x27, 0x00, 0x00, 0x00, 0x3C, 0x63, 0x59, 0xDE, 0x2F, 0x45, 0x1A, 0x8C,
        0xFA, 0xA1, 0x6D, 0x07, 0xE6, 0x6D, 0x45, 0x3C, 0x15, 0x74, 0x53, 0x1B, 0x34, 0xD8, 0x98, 0xC9,
        0x27, 0x00, 0x00, 0x00, 0x25, 0x00, 0x00, 0x00, 0xEA, 0x00, 0x00, 0x00, 0xEB, 0x00, 0x00, 0x00,
        0x2A, 0x00, 0x00, 0x00, 0x27, 0x00, 0x00, 0x00, 0xB6, 0xF6, 0xA2, 0x99, 0x2B, 0x6A, 0xDB, 0x4D,
        0x27, 0x00, 0x00, 0x00, 0x25, 0x00, 0x00, 0x00, 0xEA, 0x00, 0x00, 0x00, 0xED, 0x00, 0x00, 0x00,
        0x2A, 0x00, 0x00, 0x00, 0x27, 0x00, 0x00, 0x00, 0x07, 0x10, 0xC7, 0xCF, 0x27, 0x00, 0x00, 0x00,
        0x25, 0x00, 0x00, 0x00, 0x53, 0x00, 0x00, 0x00, 0x33, 0x22, 0xBA, 0xB6, 0x2A, 0x00, 0x00, 0x00,
        0x1A, 0x02, 0x00, 0x00, 0x25, 0x00, 0x00, 0x00, 0x53, 0x00, 0x00, 0x00, 0x6A, 0x1D, 0xB7, 0x8A,
        0x2A, 0x00, 0x00, 0x00, 0x1D, 0x02, 0x00, 0x00, 0x25, 0x00, 0x00, 0x00, 0x53, 0x00, 0x00, 0x00,
        0xC1, 0x8C, 0xAD, 0x7A, 0x2A, 0x00, 0x00, 0x00, 0x19, 0x02, 0x00, 0x00, 0x23, 0x00, 0x00, 0x00,
        0x36, 0x24, 0x41, 0xCF, 0x25, 0x00, 0x00, 0x00, 0x21, 0x00, 0x00, 0x00, 0x2A, 0x00, 0x00, 0x00,
        0x1A, 0x02, 0x00, 0x00, 0x23, 0x00, 0x00, 0x00, 0x1E, 0x02, 0x00, 0x00, 0x25, 0x00, 0x00, 0x00,
        0x56, 0x00, 0x00, 0x00, 0xAB, 0x5C, 0x13, 0x04, 0x20, 0x00, 0x00, 0x00, 0xD7, 0x00, 0x00, 0x00,
        0x2A, 0x00, 0x00, 0x00, 0x89, 0x5C, 0x1C, 0xE7, 0x23, 0x00, 0x00, 0x00, 0x12, 0x02, 0x00, 0x00,
        0x25, 0x00, 0x00, 0x00, 0xEA, 0x00, 0x00, 0x00, 0x51, 0x2E, 0x93, 0x31, 0x2A, 0x00, 0x00, 0x00,
        0x27, 0x00, 0x00, 0x00, 0x3C, 0x63, 0x59, 0xDE, 0x45, 0x3B, 0x0B, 0xA5, 0xFA, 0xA1, 0x6D, 0x07,
        0xE6, 0x6D, 0x45, 0x3C, 0x15, 0x74, 0x53, 0x1B, 0x34, 0xD8, 0x98, 0xC9, 0x27, 0x00, 0x00, 0x00,
        0x25, 0x00, 0x00, 0x00, 0xEA, 0x00, 0x00, 0x00, 0xEB, 0x00, 0x00, 0x00, 0x2A, 0x00, 0x00, 0x00,
        0x27, 0x00, 0x00, 0x00, 0xB6, 0xF6, 0xA2, 0x99, 0x41, 0x14, 0xCA, 0x64, 0x27, 0x00, 0x00, 0x00,
        0x25, 0x00, 0x00, 0x00, 0xEA, 0x00, 0x00, 0x00, 0xED, 0x00, 0x00, 0x00, 0x2A, 0x00, 0x00, 0x00,
        0x27, 0x00, 0x00, 0x00, 0x07, 0x10, 0xC7, 0xCF, 0x27, 0x00, 0x00, 0x00, 0x25, 0x00, 0x00, 0x00,
        0x53, 0x00, 0x00, 0x00, 0x33, 0x22, 0xBA, 0xB6, 0x2A, 0x00, 0x00, 0x00, 0x2C, 0x00, 0x00, 0x00,
        0x19, 0x02, 0x00, 0x00, 0x23, 0x00, 0x00, 0x00, 0x1E, 0x02, 0x00, 0x00, 0x25, 0x00, 0x00, 0x00,
        0x53, 0x00, 0x00, 0x00, 0x6A, 0x1D, 0xB7, 0x8A, 0x2A, 0x00, 0x00, 0x00, 0x19, 0x02, 0x00, 0x00,
        0x23, 0x00, 0x00, 0x00, 0x1E, 0x02, 0x00, 0x00, 0x25, 0x00, 0x00, 0x00, 0x53, 0x00, 0x00, 0x00,
        0xC1, 0x8C, 0xAD, 0x7A, 0x2A, 0x00, 0x00, 0x00, 0x19, 0x02, 0x00, 0x00, 0x23, 0x00, 0x00, 0x00,
        0x36, 0x24, 0x41, 0xCF, 0x25, 0x00, 0x00, 0x00, 0x21, 0x00, 0x00, 0x00, 0x2A, 0x00, 0x00, 0x00,
        0x19, 0x02, 0x00, 0x00, 0x23, 0x00, 0x00, 0x00, 0x1A, 0x02, 0x00, 0x00, 0x25, 0x00, 0x00, 0x00,
        0x56, 0x00, 0x00, 0x00, 0xB2, 0x96, 0x01, 0x68, 0x20, 0x00, 0x00, 0x00, 0xD7, 0x00, 0x00, 0x00,
        0x2A, 0x00, 0x00, 0x00, 0x1F, 0x6C, 0x1B, 0x90, 0x25, 0x00, 0x00, 0x00, 0xEA, 0x00, 0x00, 0x00,
        0x51, 0x2E, 0x93, 0x31, 0x2A, 0x00, 0x00, 0x00, 0x27, 0x00, 0x00, 0x00, 0x3C, 0x63, 0x59, 0xDE,
        0x1D, 0x5F, 0xC4, 0x7F, 0xE5, 0x00, 0x00, 0x00, 0xF8, 0x09, 0x75, 0xEF, 0x15, 0x74, 0x53, 0x1B,
        0x34, 0xD8, 0x98, 0xC9, 0x27, 0x00, 0x00, 0x00, 0x25, 0x00, 0x00, 0x00, 0xEA, 0x00, 0x00, 0x00,
        0xEB, 0x00, 0x00, 0x00, 0x2A, 0x00, 0x00, 0x00, 0x27, 0x00, 0x00, 0x00, 0xB6, 0xF6, 0xA2, 0x99,
        0x31, 0x01, 0x00, 0x00, 0x27, 0x00, 0x00, 0x00, 0x25, 0x00, 0x00, 0x00, 0xEA, 0x00, 0x00, 0x00,
        0x16, 0xDE, 0xF5, 0xAE, 0x2A, 0x00, 0x00, 0x00, 0x27, 0x00, 0x00, 0x00, 0xB6, 0xA0, 0x2E, 0x75,
        0x27, 0x00, 0x00, 0x00, 0x25, 0x00, 0x00, 0x00, 0xEA, 0x00, 0x00, 0x00, 0x4B, 0x09, 0x1C, 0x36,
        0x2A, 0x00, 0x00, 0x00, 0x27, 0x00, 0x00, 0x00, 0x1D, 0x02, 0x00, 0x00, 0x27, 0x00, 0x00, 0x00,
        0x25, 0x00, 0x00, 0x00, 0xEA, 0x00, 0x00, 0x00, 0xED, 0x00, 0x00, 0x00, 0x2A, 0x00, 0x00, 0x00,
        0x27, 0x00, 0x00, 0x00, 0xE5, 0x00, 0x00, 0x00, 0x27, 0x00, 0x00, 0x00, 0x25, 0x00, 0x00, 0x00,
        0x21, 0x00, 0x00, 0x00, 0x2A, 0x00, 0x00, 0x00, 0x1E, 0x00, 0x00, 0x00, 0x19, 0x02, 0x00, 0x00,
        0x23, 0x00, 0x00, 0x00, 0x20, 0x02, 0x00, 0x00, 0x22, 0x00, 0x00, 0x00, 0x19, 0x02, 0x00, 0x00,
        0x23, 0x00, 0x00, 0x00, 0x20, 0x02, 0x00, 0x00, 0x22, 0x00, 0x00, 0x00, 0x19, 0x02, 0x00, 0x00,
        0x23, 0x00, 0x00, 0x00, 0x20, 0x02, 0x00, 0x00, 0x22, 0x00, 0x00, 0x00, 0x1A, 0x02, 0x00, 0x00,
        0x23, 0x00, 0x00, 0x00, 0x19, 0x02, 0x00, 0x00, 0x1F, 0x00, 0x00, 0x00, 0x25, 0x00, 0x00, 0x00,
        0x6C, 0x00, 0x00, 0x00, 0x55, 0x14, 0x7A, 0x2A, 0x20, 0x00, 0x00, 0x00, 0xD7, 0x00, 0x00, 0x00,
        0x2A, 0x00, 0x00, 0x00, 0xA5, 0x3D, 0x12, 0x09, 0x23, 0x00, 0x00, 0x00, 0x0F, 0x02, 0x00, 0x00,
        0x25, 0x00, 0x00, 0x00, 0xEA, 0x00, 0x00, 0x00, 0x51, 0x2E, 0x93, 0x31, 0x2A, 0x00, 0x00, 0x00,
        0x27, 0x00, 0x00, 0x00, 0x3C, 0x63, 0x59, 0xDE, 0x34, 0xD8, 0x98, 0xC9, 0x51, 0xE2, 0xDE, 0x4D,
        0xEA, 0x33, 0x9B, 0x62, 0xFC, 0xAF, 0xA8, 0xA2, 0xC8, 0x29, 0xB6, 0x09, 0xE6, 0x6D, 0x45, 0x3C,
        0xB3, 0xD1, 0x4A, 0x3E, 0xBB, 0xAA, 0xAD, 0x93, 0x27, 0x00, 0x00, 0x00, 0x25, 0x00, 0x00, 0x00,
        0xEA, 0x00, 0x00, 0x00, 0xEB, 0x00, 0x00, 0x00, 0x2A, 0x00, 0x00, 0x00, 0x27, 0x00, 0x00, 0x00,
        0x41, 0x14, 0xCA, 0x64, 0x49, 0xB1, 0x6A, 0xE0, 0x27, 0x00, 0x00, 0x00, 0x25, 0x00, 0x00, 0x00,
        0xEA, 0x00, 0x00, 0x00, 0x16, 0xDE, 0xF5, 0xAE, 0x2A, 0x00, 0x00, 0x00, 0x27, 0x00, 0x00, 0x00,
        0xB6, 0xA0, 0x2E, 0x75, 0x23, 0x00, 0x00, 0x00, 0x41, 0x14, 0xCA, 0x64, 0x27, 0x00, 0x00, 0x00,
        0x25, 0x00, 0x00, 0x00, 0xEA, 0x00, 0x00, 0x00, 0x4B, 0x09, 0x1C, 0x36, 0x2A, 0x00, 0x00, 0x00,
        0x27, 0x00, 0x00, 0x00, 0x1B, 0x02, 0x00, 0x00, 0x27, 0x00, 0x00, 0x00, 0x25, 0x00, 0x00, 0x00,
        0xEA, 0x00, 0x00, 0x00, 0xED, 0x00, 0x00, 0x00, 0x2A, 0x00, 0x00, 0x00, 0x27, 0x00, 0x00, 0x00,
        0x07, 0x10, 0xC7, 0xCF, 0x27, 0x00, 0x00, 0x00, 0x25, 0x00, 0x00, 0x00, 0x53, 0x00, 0x00, 0x00,
        0x33, 0x22, 0xBA, 0xB6, 0x2A, 0x00, 0x00, 0x00, 0x19, 0x02, 0x00, 0x00, 0x25, 0x00, 0x00, 0x00,
        0x53, 0x00, 0x00, 0x00, 0x6A, 0x1D, 0xB7, 0x8A, 0x2A, 0x00, 0x00, 0x00, 0x1D, 0x02, 0x00, 0x00,
        0x23, 0x00, 0x00, 0x00, 0x19, 0x02, 0x00, 0x00, 0x25, 0x00, 0x00, 0x00, 0x53, 0x00, 0x00, 0x00,
        0xC1, 0x8C, 0xAD, 0x7A, 0x2A, 0x00, 0x00, 0x00, 0x19, 0x02, 0x00, 0x00, 0x23, 0x00, 0x00, 0x00,
        0x4B, 0x0A, 0xB2, 0x55, 0x25, 0x00, 0x00, 0x00, 0x21, 0x00, 0x00, 0x00, 0x2A, 0x00, 0x00, 0x00,
        0x19, 0x02, 0x00, 0x00, 0x23, 0x00, 0x00, 0x00, 0x19, 0x02, 0x00, 0x00, 0x25, 0x00, 0x00, 0x00,
        0x6C, 0x00, 0x00, 0x00, 0x08, 0x7D, 0x61, 0x56, 0x20, 0x00, 0x00, 0x00, 0xD7, 0x00, 0x00, 0x00,
        0x2A, 0x00, 0x00, 0x00, 0xA5, 0x3D, 0x12, 0x09, 0x23, 0x00, 0x00, 0x00, 0x10, 0x02, 0x00, 0x00,
        0x25, 0x00, 0x00, 0x00, 0xEA, 0x00, 0x00, 0x00, 0x51, 0x2E, 0x93, 0x31, 0x2A, 0x00, 0x00, 0x00,
        0x27, 0x00, 0x00, 0x00, 0x3C, 0x63, 0x59, 0xDE, 0x71, 0xD6, 0xA1, 0xAE, 0x33, 0x58, 0xAB, 0x86,
        0xC4, 0xD2, 0x87, 0xD7, 0x08, 0x92, 0x8C, 0x33, 0x96, 0x24, 0xF4, 0xFC, 0x73, 0x15, 0x08, 0xCB,
        0x27, 0x00, 0x00, 0x00, 0x25, 0x00, 0x00, 0x00, 0xEA, 0x00, 0x00, 0x00, 0xEB, 0x00, 0x00, 0x00,
        0x2A, 0x00, 0x00, 0x00, 0x27, 0x00, 0x00, 0x00, 0xED, 0xEF, 0x1C, 0x61, 0x08, 0x01, 0x00, 0x00,
        0x27, 0x00, 0x00, 0x00, 0x25, 0x00, 0x00, 0x00, 0xEA, 0x00, 0x00, 0x00, 0xED, 0x00, 0x00, 0x00,
        0x2A, 0x00, 0x00, 0x00, 0x27, 0x00, 0x00, 0x00, 0x07, 0x10, 0xC7, 0xCF, 0x27, 0x00, 0x00, 0x00,
        0x25, 0x00, 0x00, 0x00, 0x53, 0x00, 0x00, 0x00, 0x33, 0x22, 0xBA, 0xB6, 0x2A, 0x00, 0x00, 0x00,
        0x19, 0x02, 0x00, 0x00, 0x23, 0x00, 0x00, 0x00, 0x19, 0x02, 0x00, 0x00, 0x25, 0x00, 0x00, 0x00,
        0x53, 0x00, 0x00, 0x00, 0x6A, 0x1D, 0xB7, 0x8A, 0x2A, 0x00, 0x00, 0x00, 0x1A, 0x02, 0x00, 0x00,
        0x25, 0x00, 0x00, 0x00, 0x53, 0x00, 0x00, 0x00, 0xC1, 0x8C, 0xAD, 0x7A, 0x2A, 0x00, 0x00, 0x00,
        0x19, 0x02, 0x00, 0x00, 0x23, 0x00, 0x00, 0x00, 0x4B, 0x0A, 0xB2, 0x55, 0x25, 0x00, 0x00, 0x00,
        0x21, 0x00, 0x00, 0x00, 0x2A, 0x00, 0x00, 0x00, 0x19, 0x02, 0x00, 0x00, 0x23, 0x00, 0x00, 0x00,
        0x1E, 0x02, 0x00, 0x00, 0x25, 0x00, 0x00, 0x00, 0x06, 0x00, 0x00, 0x00, 0xDA, 0xC0, 0xA8, 0x86,
        0x53, 0x00, 0x00, 0x00, 0x9F, 0x83, 0x78, 0x74, 0x20, 0x00, 0x00, 0x00, 0xD7, 0x00, 0x00, 0x00,
        0x2A, 0x00, 0x00, 0x00, 0xA5, 0x3D, 0x12, 0x09, 0x23, 0x00, 0x00, 0x00, 0x11, 0x02, 0x00, 0x00,
        0x25, 0x00, 0x00, 0x00, 0xEA, 0x00, 0x00, 0x00, 0xEB, 0x00, 0x00, 0x00, 0x2A, 0x00, 0x00, 0x00,
        0x27, 0x00, 0x00, 0x00, 0x9D, 0xB7, 0x08, 0x0E, 0x2B, 0x6A, 0xDB, 0x4D, 0x27, 0x00, 0x00, 0x00,
        0x25, 0x00, 0x00, 0x00, 0xEA, 0x00, 0x00, 0x00, 0xED, 0x00, 0x00, 0x00, 0x2A, 0x00, 0x00, 0x00,
        0x27, 0x00, 0x00, 0x00, 0x07, 0x10, 0xC7, 0xCF, 0x27, 0x00, 0x00, 0x00, 0x25, 0x00, 0x00, 0x00,
        0x53, 0x00, 0x00, 0x00, 0x33, 0x22, 0xBA, 0xB6, 0x2A, 0x00, 0x00, 0x00, 0x19, 0x02, 0x00, 0x00,
        0x23, 0x00, 0x00, 0x00, 0x19, 0x02, 0x00, 0x00, 0x25, 0x00, 0x00, 0x00, 0x53, 0x00, 0x00, 0x00,
        0x6A, 0x1D, 0xB7, 0x8A, 0x2A, 0x00, 0x00, 0x00, 0x19, 0x02, 0x00, 0x00, 0x23, 0x00, 0x00, 0x00,
        0xB9, 0xD0, 0x2B, 0xBF, 0x25, 0x00, 0x00, 0x00, 0x53, 0x00, 0x00, 0x00, 0xC1, 0x8C, 0xAD, 0x7A,
        0x2A, 0x00, 0x00, 0x00, 0x19, 0x02, 0x00, 0x00, 0x23, 0x00, 0x00, 0x00, 0x4B, 0x0A, 0xB2, 0x55,
        0x25, 0x00, 0x00, 0x00, 0x21, 0x00, 0x00, 0x00, 0x2A, 0x00, 0x00, 0x00, 0x19, 0x02, 0x00, 0x00,
        0x23, 0x00, 0x00, 0x00, 0x36, 0x24, 0x41, 0xCF, 0x25, 0x00, 0x00, 0x00, 0x0E, 0x00, 0x00, 0x00,
        0x06, 0x00, 0x00, 0x00, 0xDD, 0x39, 0x9C, 0x4A, 0x53, 0x00, 0x00, 0x00, 0x34, 0x93, 0x76, 0xCB,
        0x20, 0x00, 0x00, 0x00, 0xD7, 0x00, 0x00, 0x00, 0x2A, 0x00, 0x00, 0x00, 0xA5, 0x3D, 0x12, 0x09,
        0x23, 0x00, 0x00, 0x00, 0x12, 0x02, 0x00, 0x00, 0x25, 0x00, 0x00, 0x00, 0xEA, 0x00, 0x00, 0x00,
        0xEB, 0x00, 0x00, 0x00, 0x2A, 0x00, 0x00, 0x00, 0x27, 0x00, 0x00, 0x00, 0xC0, 0x41, 0xDA, 0x3D,
        0xA4, 0x01, 0x00, 0x00, 0x35, 0xA8, 0x8B, 0x69, 0x27, 0x00, 0x00, 0x00, 0x25, 0x00, 0x00, 0x00,
        0xEA, 0x00, 0x00, 0x00, 0xED, 0x00, 0x00, 0x00, 0x2A, 0x00, 0x00, 0x00, 0x27, 0x00, 0x00, 0x00,
        0x07, 0x10, 0xC7, 0xCF, 0x27, 0x00, 0x00, 0x00, 0x25, 0x00, 0x00, 0x00, 0x53, 0x00, 0x00, 0x00,
        0x33, 0x22, 0xBA, 0xB6, 0x2A, 0x00, 0x00, 0x00, 0x19, 0x02, 0x00, 0x00, 0x23, 0x00, 0x00, 0x00,
        0x19, 0x02, 0x00, 0x00, 0x25, 0x00, 0x00, 0x00, 0x53, 0x00, 0x00, 0x00, 0x6A, 0x1D, 0xB7, 0x8A,
        0x2A, 0x00, 0x00, 0x00, 0x1A, 0x02, 0x00, 0x00, 0x23, 0x00, 0x00, 0x00, 0x19, 0x02, 0x00, 0x00,
        0x25, 0x00, 0x00, 0x00, 0x53, 0x00, 0x00, 0x00, 0xC1, 0x8C, 0xAD, 0x7A, 0x2A, 0x00, 0x00, 0x00,
        0x19, 0x02, 0x00, 0x00, 0x23, 0x00, 0x00, 0x00, 0x4B, 0x0A, 0xB2, 0x55, 0x25, 0x00, 0x00, 0x00,
        0x21, 0x00, 0x00, 0x00, 0x2A, 0x00, 0x00, 0x00, 0x19, 0x02, 0x00, 0x00, 0x23, 0x00, 0x00, 0x00,
        0x2F, 0xE0, 0x2C, 0xC8, 0x25, 0x00, 0x00, 0x00, 0x0E, 0x00, 0x00, 0x00, 0x8E, 0x00, 0x00, 0x00,
        0xB6, 0xB4, 0x81, 0x9D, 0x1E, 0x00, 0x00, 0x00, 0x45, 0xC9, 0x24, 0x59, 0x67, 0x75, 0x40, 0xE2,
        0x25, 0x00, 0x00, 0x00, 0x06, 0x00, 0x00, 0x00, 0xDD, 0x39, 0x9C, 0x4A, 0x11, 0x00, 0x00, 0x00,
        0x11, 0x00, 0x00, 0x00, 0x20, 0x08, 0xE5, 0xDA, 0x11, 0x00, 0x00, 0x00, 0x11, 0x00, 0x00, 0x00,
        0xFA, 0xA9, 0x74, 0x9F, 0x53, 0x00, 0x00, 0x00, 0xE9, 0xE7, 0xF7, 0x51, 0x24, 0x00, 0x00, 0x00,
        0x90, 0x00, 0x00, 0x00, 0x25, 0x00, 0x00, 0x00, 0x0E, 0x00, 0x00, 0x00, 0x1F, 0x00, 0x00, 0x00,
        0x25, 0x00, 0x00, 0x00, 0x55, 0x00, 0x00, 0x00, 0xBD, 0x46, 0x16, 0xBB, 0x1A, 0x00, 0x00, 0x00,
        0x42, 0x23, 0x38, 0x0E, 0x2A, 0x4B, 0xC1, 0xDC, 0x22, 0x00, 0x00, 0x00, 0x55, 0x00, 0x00, 0x00,
        0x5D, 0xA7, 0x8A, 0x72, 0x1B, 0x00, 0x00, 0x00, 0x1E, 0x00, 0x00, 0x00, 0x55, 0x00, 0x00, 0x00,
        0x5D, 0xDD, 0xB2, 0xB8, 0x2A, 0x00, 0x00, 0x00, 0x4B, 0xC3, 0x52, 0xCE, 0x1A, 0x00, 0x00, 0x00,
        0x39, 0x14, 0x13, 0x57, 0x1A, 0x00, 0x00, 0x00, 0x5D, 0xA7, 0x8A, 0x72, 0x22, 0x00, 0x00, 0x00,
        0x2A, 0x4B, 0xC1, 0xDC, 0x23, 0x00, 0x00, 0x00, 0x36, 0x36, 0x86, 0xAE, 0x23, 0x00, 0x00, 0x00,
        0x67, 0xBA, 0x8E, 0xEB, 0x2C, 0x00, 0x00, 0x00, 0x14, 0x8A, 0x4C, 0x1D, 0x23, 0x00, 0x00, 0x00,
        0x67, 0xBA, 0x8E, 0xEB, 0x1B, 0x00, 0x00, 0x00, 0x1B, 0x00, 0x00, 0x00, 0x25, 0x00, 0x00, 0x00,
        0xD8, 0x00, 0x00, 0x00, 0x5D, 0xDD, 0xB2, 0xB8, 0x2E, 0x00, 0x00, 0x00, 0x1A, 0x00, 0x00, 0x00,
        0x1A, 0x00, 0x00, 0x00, 0x2A, 0x4B, 0xC1, 0xDC, 0x23, 0x00, 0x00, 0x00, 0xCC, 0xDF, 0x38, 0x56,
        0x23, 0x00, 0x00, 0x00, 0x0F, 0x02, 0x00, 0x00, 0x2C, 0x00, 0x00, 0x00, 0x19, 0x02, 0x00, 0x00,
        0x23, 0x00, 0x00, 0x00, 0x1E, 0x02, 0x00, 0x00, 0x1B, 0x00, 0x00, 0x00, 0x2E, 0x00, 0x00, 0x00,
        0x9F, 0x83, 0x78, 0x74, 0x1B, 0x00, 0x00, 0x00, 0x25, 0x00, 0x00, 0x00, 0x1F, 0x00, 0x00, 0x00,
        0xB6, 0xB4, 0x81, 0x9D, 0x74, 0x89, 0x43, 0xF9, 0x1A, 0x00, 0x00, 0x00, 0xA3, 0x09, 0x71, 0xCF,
        0x24, 0x8A, 0x06, 0xF1, 0x1B, 0x00, 0x00, 0x00, 0x1E, 0x00, 0x00, 0x00, 0xB6, 0xB4, 0x81, 0x9D,
        0x13, 0x2F, 0x4D, 0x2F, 0x2A, 0x00, 0x00, 0x00, 0x1A, 0x00, 0x00, 0x00, 0xB6, 0xB4, 0x81, 0x9D,
        0x1B, 0x00, 0x00, 0x00, 0x19, 0x02, 0x00, 0x00, 0x25, 0x00, 0x00, 0x00, 0x42, 0x23, 0x38, 0x0E,
        0x2A, 0x4B, 0xC1, 0xDC, 0x2A, 0x00, 0x00, 0x00, 0x1A, 0x00, 0x00, 0x00, 0x42, 0x23, 0x38, 0x0E,
        0x1B, 0x00, 0x00, 0x00, 0x19, 0x02, 0x00, 0x00, 0x25, 0x00, 0x00, 0x00, 0x3E, 0x0E, 0xA0, 0xA6,
        0x1A, 0x00, 0x00, 0x00, 0x24, 0x8A, 0x06, 0xF1, 0x22, 0x00, 0x00, 0x00, 0x13, 0x2F, 0x4D, 0x2F,
        0x23, 0x00, 0x00, 0x00, 0x67, 0x75, 0x40, 0xE2, 0x22, 0x00, 0x00, 0x00, 0x2A, 0x4B, 0xC1, 0xDC,
        0x22, 0x00, 0x00, 0x00, 0x18, 0x02, 0x00, 0x00, 0x1B, 0x00, 0x00, 0x00, 0x25, 0x00, 0x00, 0x00,
        0x55, 0x00, 0x00, 0x00, 0xFE, 0x32, 0xEE, 0xEC, 0x2A, 0x00, 0x00, 0x00, 0x13, 0x2F, 0x4D, 0x2F,
        0x23, 0x00, 0x00, 0x00, 0x67, 0x75, 0x40, 0xE2, 0x23, 0x00, 0x00, 0x00, 0x74, 0xAA, 0xD6, 0x79,
        0x23, 0x00, 0x00, 0x00, 0x67, 0xBA, 0x8E, 0xEB, 0x25, 0x00, 0x00, 0x00, 0x55, 0x00, 0x00, 0x00,
        0x5D, 0xA7, 0x8A, 0x72, 0x2A, 0x00, 0x00, 0x00, 0x13, 0x2F, 0x4D, 0x2F, 0x23, 0x00, 0x00, 0x00,
        0x67, 0x75, 0x40, 0xE2, 0x23, 0x00, 0x00, 0x00, 0x10, 0xAB, 0x61, 0x80, 0x23, 0x00, 0x00, 0x00,
        0x67, 0xBA, 0x8E, 0xEB, 0x25, 0x00, 0x00, 0x00, 0x55, 0x00, 0x00, 0x00, 0x27, 0x5E, 0xE8, 0x8F,
        0x2A, 0x00, 0x00, 0x00, 0x4B, 0xC3, 0x52, 0xCE, 0x1A, 0x00, 0x00, 0x00, 0x39, 0x14, 0x13, 0x57,
        0x1A, 0x00, 0x00, 0x00, 0xFE, 0x32, 0xEE, 0xEC, 0x22, 0x00, 0x00, 0x00, 0x5D, 0xA7, 0x8A, 0x72,
        0x1B, 0x00, 0x00, 0x00, 0x1B, 0x00, 0x00, 0x00, 0x2E, 0x00, 0x00, 0x00, 0x13, 0x2F, 0x4D, 0x2F,
        0x23, 0x00, 0x00, 0x00, 0x67, 0x75, 0x40, 0xE2, 0x23, 0x00, 0x00, 0x00, 0x74, 0xAA, 0xD6, 0x79,
        0x23, 0x00, 0x00, 0x00, 0x12, 0x02, 0x00, 0x00, 0x25, 0x00, 0x00, 0x00, 0x06, 0x00, 0x00, 0x00,
        0xDA, 0xC0, 0xA8, 0x86, 0x2A, 0x4B, 0xC1, 0xDC, 0x23, 0x00, 0x00, 0x00, 0x36, 0x36, 0x86, 0xAE,
        0x23, 0x00, 0x00, 0x00, 0x67, 0xBA, 0x8E, 0xEB, 0x2B, 0x00, 0x00, 0x00, 0x2A, 0x00, 0x00, 0x00,
        0xBD, 0x46, 0x16, 0xBB, 0x1A, 0x00, 0x00, 0x00, 0x2A, 0x4B, 0xC1, 0xDC, 0x22, 0x00, 0x00, 0x00,
        0x5D, 0xA7, 0x8A, 0x72, 0x1B, 0x00, 0x00, 0x00, 0x25, 0x00, 0x00, 0x00, 0x13, 0x2F, 0x4D, 0x2F,
        0x23, 0x00, 0x00, 0x00, 0x67, 0x75, 0x40, 0xE2, 0x23, 0x00, 0x00, 0x00, 0x7B, 0xEC, 0x3B, 0x59,
        0x2A, 0x00, 0x00, 0x00, 0x30, 0x00, 0x00, 0x00, 0x1A, 0x00, 0x00, 0x00, 0xFD, 0x72, 0xFA, 0x55,
        0x22, 0x00, 0x00, 0x00, 0x56, 0x00, 0x00, 0x00, 0x1A, 0x00, 0x00, 0x00, 0x2A, 0x4B, 0xC1, 0xDC,
        0x23, 0x00, 0x00, 0x00, 0x36, 0x36, 0x86, 0xAE, 0x23, 0x00, 0x00, 0x00, 0x67, 0xBA, 0x8E, 0xEB,
        0x2C, 0x00, 0x00, 0x00, 0x14, 0x8A, 0x4C, 0x1D, 0x23, 0x00, 0x00, 0x00, 0x67, 0xBA, 0x8E, 0xEB,
        0x22, 0x00, 0x00, 0x00, 0x1A, 0x02, 0x00, 0x00, 0x1B, 0x00, 0x00, 0x00, 0x1B, 0x00, 0x00, 0x00,
        0x25, 0x00, 0x00, 0x00, 0x0E, 0x00, 0x00, 0x00, 0x55, 0x00, 0x00, 0x00, 0x1F, 0x38, 0x64, 0xDA,
        0x2A, 0x00, 0x00, 0x00, 0x4B, 0xC3, 0x52, 0xCE, 0x1A, 0x00, 0x00, 0x00, 0x2C, 0x00, 0x00, 0x00,
        0x13, 0x2F, 0x4D, 0x2F, 0x23, 0x00, 0x00, 0x00, 0x67, 0x75, 0x40, 0xE2, 0x23, 0x00, 0x00, 0x00,
        0xDE, 0x39, 0x3B, 0xCF, 0x23, 0x00, 0x00, 0x00, 0x67, 0xBA, 0x8E, 0xEB, 0x1B, 0x00, 0x00, 0x00,
        0x25, 0x00, 0x00, 0x00, 0x53, 0x00, 0x00, 0x00, 0xB8, 0x5A, 0xA7, 0xAC, 0x2A, 0x00, 0x00, 0x00,
        0x2F, 0x00, 0x00, 0x00, 0x1A, 0x00, 0x00, 0x00, 0x1F, 0x38, 0x64, 0xDA, 0x23, 0x00, 0x00, 0x00,
        0x67, 0xBA, 0x8E, 0xEB, 0x22, 0x00, 0x00, 0x00, 0x27, 0x5E, 0xE8, 0x8F, 0x23, 0x00, 0x00, 0x00,
        0x67, 0xBA, 0x8E, 0xEB, 0x1B, 0x00, 0x00, 0x00, 0x2E, 0x00, 0x00, 0x00, 0x19, 0x02, 0x00, 0x00,
        0x23, 0x00, 0x00, 0x00, 0x21, 0x02, 0x00, 0x00, 0x2B, 0x00, 0x00, 0x00, 0x19, 0x02, 0x00, 0x00,
        0x23, 0x00, 0x00, 0x00, 0x1B, 0x02, 0x00, 0x00, 0x25, 0x00, 0x00, 0x00, 0x13, 0x2F, 0x4D, 0x2F,
        0x23, 0x00, 0x00, 0x00, 0x67, 0x75, 0x40, 0xE2, 0x23, 0x00, 0x00, 0x00, 0x74, 0xAA, 0xD6, 0x79,
        0x23, 0x00, 0x00, 0x00, 0x12, 0x02, 0x00, 0x00, 0x2E, 0x00, 0x00, 0x00, 0x2A, 0x00, 0x00, 0x00,
        0xB8, 0x5A, 0xA7, 0xAC, 0x25, 0x00, 0x00, 0x00, 0x13, 0x2F, 0x4D, 0x2F, 0x23, 0x00, 0x00, 0x00,
        0x67, 0x75, 0x40, 0xE2, 0x23, 0x00, 0x00, 0x00, 0x10, 0xAB, 0x61, 0x80, 0x23, 0x00, 0x00, 0x00,
        0x12, 0x02, 0x00, 0x00, 0x2A, 0x00, 0x00, 0x00, 0x1A, 0x02, 0x00, 0x00, 0x23, 0x00, 0x00, 0x00,
        0x19, 0x02, 0x00, 0x00, 0x2D, 0x00, 0x00, 0x00, 0x19, 0x02, 0x00, 0x00, 0x23, 0x00, 0x00, 0x00,
        0x1E, 0x02, 0x00, 0x00, 0x25, 0x00, 0x00, 0x00, 0x06, 0x00, 0x00, 0x00, 0xDD, 0x39, 0x9C, 0x4A,
        0x11, 0x00, 0x00, 0x00, 0x11, 0x00, 0x00, 0x00, 0x20, 0x08, 0xE5, 0xDA, 0x11, 0x00, 0x00, 0x00,
        0x11, 0x00, 0x00, 0x00, 0xFA, 0xA9, 0x74, 0x9F, 0x13, 0x2F, 0x4D, 0x2F, 0x23, 0x00, 0x00, 0x00,
        0xE9, 0xE7, 0xF7, 0x51, 0x2A, 0x00, 0x00, 0x00, 0x1A, 0x02, 0x00, 0x00, 0x2C, 0x00, 0x00, 0x00,
        0x61, 0xC7, 0x00, 0x20, 0x1A, 0x00, 0x00, 0x00, 0x2A, 0x4B, 0xC1, 0xDC, 0x23, 0x00, 0x00, 0x00,
        0x36, 0x36, 0x86, 0xAE, 0x1B, 0x00, 0x00, 0x00, 0x25, 0x00, 0x00, 0x00, 0x0E, 0x00, 0x00, 0x00,
        0x06, 0x00, 0x00, 0x00, 0x9B, 0xBE, 0x5E, 0xFF, 0x64, 0x00, 0x00, 0x00, 0x91, 0xEB, 0x1A, 0xB0,
        0x2A, 0x00, 0x00, 0x00, 0x1A, 0x00, 0x00, 0x00, 0x64, 0x00, 0x00, 0x00, 0x1A, 0x00, 0x00, 0x00,
        0x2A, 0x4B, 0xC1, 0xDC, 0x23, 0x00, 0x00, 0x00, 0x31, 0x01, 0x00, 0x00, 0x23, 0x00, 0x00, 0x00,
        0x15, 0x02, 0x00, 0x00, 0x2E, 0x00, 0x00, 0x00, 0x79, 0xEE, 0x2C, 0x2C, 0x1B, 0x00, 0x00, 0x00,
        0x20, 0x00, 0x00, 0x00, 0x20, 0x00, 0x00, 0x00, 0x21, 0x02, 0x00, 0x00, 0x1B, 0x00, 0x00, 0x00,
        0x2B, 0x00, 0x00, 0x00, 0x1A, 0x00, 0x00, 0x00, 0x2A, 0x4B, 0xC1, 0xDC, 0x23, 0x00, 0x00, 0x00,
        0x31, 0x01, 0x00, 0x00, 0x23, 0x00, 0x00, 0x00, 0x14, 0x02, 0x00, 0x00, 0x2E, 0x00, 0x00, 0x00,
        0x79, 0xEE, 0x2C, 0x2C, 0x1B, 0x00, 0x00, 0x00, 0x25, 0x00, 0x00, 0x00, 0x13, 0x2F, 0x4D, 0x2F,
        0x23, 0x00, 0x00, 0x00, 0x67, 0x75, 0x40, 0xE2, 0x23, 0x00, 0x00, 0x00, 0x31, 0x01, 0x00, 0x00,
        0x23, 0x00, 0x00, 0x00, 0x38, 0x98, 0x34, 0x21, 0x2A, 0x00, 0x00, 0x00, 0x97, 0xEF, 0x17, 0x61,
        0x1A, 0x00, 0x00, 0x00, 0x91, 0xEB, 0x1A, 0xB0, 0x1B, 0x00, 0x00, 0x00, 0x25, 0x00, 0x00, 0x00,
        0x06, 0x00, 0x00, 0x00, 0x19, 0x02, 0x00, 0x00, 0x13, 0x2F, 0x4D, 0x2F, 0x23, 0x00, 0x00, 0x00,
        0x67, 0x75, 0x40, 0xE2, 0x23, 0x00, 0x00, 0x00, 0x31, 0x01, 0x00, 0x00, 0x23, 0x00, 0x00, 0x00,
        0x13, 0x02, 0x00, 0x00, 0x2A, 0x00, 0x00, 0x00, 0x19, 0x02, 0x00, 0x00, 0x2E, 0x00, 0x00, 0x00,
        0xD8, 0xF5, 0x5B, 0x9C, 0x1A, 0x00, 0x00, 0x00, 0x2A, 0x4B, 0xC1, 0xDC, 0x23, 0x00, 0x00, 0x00,
        0x31, 0x01, 0x00, 0x00, 0x1B, 0x00, 0x00, 0x00, 0x25, 0x00, 0x00, 0x00, 0x13, 0x2F, 0x4D, 0x2F,
        0x23, 0x00, 0x00, 0x00, 0x67, 0x75, 0x40, 0xE2, 0x23, 0x00, 0x00, 0x00, 0x31, 0x01, 0x00, 0x00,
        0x23, 0x00, 0x00, 0x00, 0x14, 0x02, 0x00, 0x00, 0x2A, 0x00, 0x00, 0x00, 0x19, 0x02, 0x00, 0x00,
        0x2E, 0x00, 0x00, 0x00, 0x2A, 0x4B, 0xC1, 0xDC, 0x23, 0x00, 0x00, 0x00, 0x31, 0x01, 0x00, 0x00,
        0x23, 0x00, 0x00, 0x00, 0x16, 0x02, 0x00, 0x00, 0x25, 0x00, 0x00, 0x00, 0x13, 0x2F, 0x4D, 0x2F,
        0x23, 0x00, 0x00, 0x00, 0x67, 0x75, 0x40, 0xE2, 0x23, 0x00, 0x00, 0x00, 0x31, 0x01, 0x00, 0x00,
        0x23, 0x00, 0x00, 0x00, 0x15, 0x02, 0x00, 0x00, 0x2A, 0x00, 0x00, 0x00, 0x19, 0x02, 0x00, 0x00,
        0x2E, 0x00, 0x00, 0x00, 0x5E, 0xB5, 0x44, 0xC4, 0x1A, 0x00, 0x00, 0x00, 0x2A, 0x4B, 0xC1, 0xDC,
        0x23, 0x00, 0x00, 0x00, 0x31, 0x01, 0x00, 0x00, 0x1B, 0x00, 0x00, 0x00, 0x25, 0x00, 0x00, 0x00,
        0x0E, 0x00, 0x00, 0x00, 0x0E, 0x00, 0x00, 0x00, 0x06, 0x00, 0x00, 0x00, 0x48, 0x1A, 0xCC, 0x10,
        0x86, 0x1D, 0x1B, 0x14, 0x1A, 0x00, 0x00, 0x00, 0x13, 0x2F, 0x4D, 0x2F, 0x23, 0x00, 0x00, 0x00,
        0x67, 0x75, 0x40, 0xE2, 0x23, 0x00, 0x00, 0x00, 0x7B, 0xEC, 0x3B, 0x59, 0x22, 0x00, 0x00, 0x00,
        0x2A, 0x4B, 0xC1, 0xDC, 0x23, 0x00, 0x00, 0x00, 0x31, 0x01, 0x00, 0x00, 0x1B, 0x00, 0x00, 0x00,
        0x25, 0x00, 0x00, 0x00, 0x0E, 0x00, 0x00, 0x00, 0xD8, 0x00, 0x00, 0x00, 0x13, 0x2F, 0x4D, 0x2F,
        0x25, 0x00, 0x00, 0x00, 0x1F, 0x00, 0x00, 0x00, 0xEE, 0xD9, 0x7B, 0xD2, 0x9D, 0xE3, 0x9A, 0x05,
        0x1A, 0x00, 0x00, 0x00, 0x4E, 0x8E, 0xEC, 0x5F, 0x54, 0x26, 0xCF, 0x09, 0xEC, 0x20, 0xBB, 0x34,
        0x22, 0x00, 0x00, 0x00, 0x4E, 0x8E, 0xEC, 0x5F, 0xF7, 0x79, 0x13, 0xA8, 0xF7, 0x5C, 0x1A, 0x6B,
        0x22, 0x00, 0x00, 0x00, 0x99, 0x6D, 0xEA, 0xB9, 0x55, 0x00, 0x00, 0x00, 0x4D, 0xC5, 0xF2, 0x37,
        0x22, 0x00, 0x00, 0x00, 0x99, 0x6D, 0xEA, 0xB9, 0x55, 0x00, 0x00, 0x00, 0x03, 0x8A, 0xAF, 0xFD,
        0x1B, 0x00, 0x00, 0x00, 0x1E, 0x00, 0x00, 0x00, 0x6E, 0x00, 0x00, 0x00, 0x71, 0xD3, 0x9C, 0xCA,
        0x2A, 0x00, 0x00, 0x00, 0x4B, 0xC3, 0x52, 0xCE, 0x1A, 0x00, 0x00, 0x00, 0x2C, 0x00, 0x00, 0x00,
        0x4B, 0xC3, 0x52, 0xCE, 0x1A, 0x00, 0x00, 0x00, 0xEC, 0x20, 0xBB, 0x34, 0x23, 0x00, 0x00, 0x00,
        0x60, 0x54, 0xF0, 0x57, 0x1B, 0x00, 0x00, 0x00, 0x2B, 0x00, 0x00, 0x00, 0xF7, 0x5C, 0x1A, 0x6B,
        0x23, 0x00, 0x00, 0x00, 0x0C, 0xAA, 0xA6, 0x00, 0x1B, 0x00, 0x00, 0x00, 0x25, 0x00, 0x00, 0x00,
        0x6C, 0x00, 0x00, 0x00, 0x35, 0x4C, 0x17, 0xE2, 0x2A, 0x00, 0x00, 0x00, 0x2F, 0x00, 0x00, 0x00,
        0x1A, 0x00, 0x00, 0x00, 0xEC, 0x20, 0xBB, 0x34, 0x23, 0x00, 0x00, 0x00, 0xE4, 0x68, 0x85, 0x21,
        0x22, 0x00, 0x00, 0x00, 0xF7, 0x5C, 0x1A, 0x6B, 0x23, 0x00, 0x00, 0x00, 0x0C, 0xAA, 0xA6, 0x00,
        0x1B, 0x00, 0x00, 0x00, 0x25, 0x00, 0x00, 0x00, 0x6C, 0x00, 0x00, 0x00, 0xBD, 0x34, 0x41, 0x40,
        0x2A, 0x00, 0x00, 0x00, 0x2F, 0x00, 0x00, 0x00, 0x1A, 0x00, 0x00, 0x00, 0xEC, 0x20, 0xBB, 0x34,
        0x23, 0x00, 0x00, 0x00, 0x9B, 0x16, 0x84, 0xF5, 0x23, 0x00, 0x00, 0x00, 0x9F, 0xE3, 0xB5, 0x1E,
        0x22, 0x00, 0x00, 0x00, 0xF7, 0x5C, 0x1A, 0x6B, 0x23, 0x00, 0x00, 0x00, 0x0C, 0xAA, 0xA6, 0x00,
        0x1B, 0x00, 0x00, 0x00, 0x25, 0x00, 0x00, 0x00, 0x6C, 0x00, 0x00, 0x00, 0xD0, 0x13, 0xF9, 0x88,
        0x2A, 0x00, 0x00, 0x00, 0x1A, 0x02, 0x00, 0x00, 0x2B, 0x00, 0x00, 0x00, 0x08, 0x7D, 0x61, 0x56,
        0x25, 0x00, 0x00, 0x00, 0x6C, 0x00, 0x00, 0x00, 0x40, 0xE8, 0xDC, 0x97, 0x2A, 0x00, 0x00, 0x00,
        0x06, 0xCE, 0x15, 0x35, 0x1A, 0x00, 0x00, 0x00, 0x1A, 0x00, 0x00, 0x00, 0x1A, 0x00, 0x00, 0x00,
        0x35, 0x4C, 0x17, 0xE2, 0x2B, 0x00, 0x00, 0x00, 0xBD, 0x34, 0x41, 0x40, 0x1B, 0x00, 0x00, 0x00,
        0x2E, 0x00, 0x00, 0x00, 0x19, 0x02, 0x00, 0x00, 0x23, 0x00, 0x00, 0x00, 0x1E, 0x02, 0x00, 0x00,
        0x2B, 0x00, 0x00, 0x00, 0x08, 0x7D, 0x61, 0x56, 0x1B, 0x00, 0x00, 0x00, 0x2D, 0x00, 0x00, 0x00,
        0x1A, 0x00, 0x00, 0x00, 0xD0, 0x13, 0xF9, 0x88, 0x2E, 0x00, 0x00, 0x00, 0xD0, 0x13, 0xF9, 0x88,
        0x1B, 0x00, 0x00, 0x00, 0x1B, 0x00, 0x00, 0x00, 0x25, 0x00, 0x00, 0x00, 0x6E, 0x00, 0x00, 0x00,
        0xA2, 0x48, 0x36, 0xC7, 0x2A, 0x00, 0x00, 0x00, 0x40, 0xE8, 0xDC, 0x97, 0x25, 0x00, 0x00, 0x00,
        0x6E, 0x00, 0x00, 0x00, 0x5B, 0xD1, 0x32, 0xE7, 0x2A, 0x00, 0x00, 0x00, 0x3E, 0x00, 0x00, 0x00,
        0x1A, 0x00, 0x00, 0x00, 0xEC, 0x20, 0xBB, 0x34, 0x23, 0x00, 0x00, 0x00, 0x76, 0x5B, 0x5D, 0xBB,
        0x22, 0x00, 0x00, 0x00, 0x19, 0x02, 0x00, 0x00, 0x23, 0x00, 0x00, 0x00, 0x56, 0x0B, 0xB3, 0x36,
        0x1B, 0x00, 0x00, 0x00, 0x25, 0x00, 0x00, 0x00, 0x6E, 0x00, 0x00, 0x00, 0xA9, 0x36, 0x4C, 0xED,
        0x2A, 0x00, 0x00, 0x00, 0xF8, 0xCF, 0x6B, 0xFD, 0x1A, 0x00, 0x00, 0x00, 0xEC, 0x20, 0xBB, 0x34,
        0x23, 0x00, 0x00, 0x00, 0x9B, 0x16, 0x84, 0xF5, 0x23, 0x00, 0x00, 0x00, 0xE8, 0x0B, 0x1A, 0x24,
        0x22, 0x00, 0x00, 0x00, 0x71, 0xD3, 0x9C, 0xCA, 0x22, 0x00, 0x00, 0x00, 0xB3, 0xC9, 0xB6, 0x90,
        0x1A, 0x00, 0x00, 0x00, 0x23, 0x02, 0x00, 0x00, 0x23, 0x00, 0x00, 0x00, 0x19, 0x02, 0x00, 0x00,
        0x2E, 0x00, 0x00, 0x00, 0xEC, 0x20, 0xBB, 0x34, 0x23, 0x00, 0x00, 0x00, 0x16, 0x4E, 0xE7, 0x46,
        0x2B, 0x00, 0x00, 0x00, 0x1A, 0x02, 0x00, 0x00, 0x23, 0x00, 0x00, 0x00, 0x19, 0x02, 0x00, 0x00,
        0x1B, 0x00, 0x00, 0x00, 0x1B, 0x00, 0x00, 0x00, 0x2E, 0x00, 0x00, 0x00, 0x5B, 0xD1, 0x32, 0xE7,
        0x25, 0x00, 0x00, 0x00, 0xA9, 0x36, 0x4C, 0xED, 0x23, 0x00, 0x00, 0x00, 0x67, 0xBA, 0x8E, 0xEB,
        0x2B, 0x00, 0x00, 0x00, 0x2A, 0x00, 0x00, 0x00, 0xF8, 0xCF, 0x6B, 0xFD, 0x1A, 0x00, 0x00, 0x00,
        0xEC, 0x20, 0xBB, 0x34, 0x23, 0x00, 0x00, 0x00, 0x9B, 0x16, 0x84, 0xF5, 0x23, 0x00, 0x00, 0x00,
        0x76, 0x47, 0xED, 0xE4, 0x23, 0x00, 0x00, 0x00, 0x67, 0xBA, 0x8E, 0xEB, 0x22, 0x00, 0x00, 0x00,
        0x71, 0xD3, 0x9C, 0xCA, 0x23, 0x00, 0x00, 0x00, 0x67, 0xBA, 0x8E, 0xEB, 0x22, 0x00, 0x00, 0x00,
        0xB3, 0xC9, 0xB6, 0x90, 0x1A, 0x00, 0x00, 0x00, 0x23, 0x02, 0x00, 0x00, 0x23, 0x00, 0x00, 0x00,
        0x19, 0x02, 0x00, 0x00, 0x2E, 0x00, 0x00, 0x00, 0x3F, 0x00, 0x00, 0x00, 0x1A, 0x00, 0x00, 0x00,
        0xEC, 0x20, 0xBB, 0x34, 0x23, 0x00, 0x00, 0x00, 0x16, 0x4E, 0xE7, 0x46, 0x2D, 0x00, 0x00, 0x00,
        0x74, 0x9B, 0x4D, 0x82, 0x22, 0x00, 0x00, 0x00, 0x19, 0x02, 0x00, 0x00, 0x23, 0x00, 0x00, 0x00,
        0x1D, 0x02, 0x00, 0x00, 0x1B, 0x00, 0x00, 0x00, 0x2B, 0x00, 0x00, 0x00, 0x1A, 0x02, 0x00, 0x00,
        0x23, 0x00, 0x00, 0x00, 0x19, 0x02, 0x00, 0x00, 0x1B, 0x00, 0x00, 0x00, 0x1B, 0x00, 0x00, 0x00,
        0x2E, 0x00, 0x00, 0x00, 0xB2, 0x96, 0x01, 0x68, 0x23, 0x00, 0x00, 0x00, 0x67, 0xBA, 0x8E, 0xEB,
        0x2E, 0x00, 0x00, 0x00, 0xEC, 0x20, 0xBB, 0x34, 0x23, 0x00, 0x00, 0x00, 0x39, 0x03, 0x07, 0x2D,
        0x25, 0x00, 0x00, 0x00, 0xA9, 0x36, 0x4C, 0xED, 0x23, 0x00, 0x00, 0x00, 0x67, 0xBA, 0x8E, 0xEB,
        0x2E, 0x00, 0x00, 0x00, 0x2A, 0x00, 0x00, 0x00, 0x06, 0xCE, 0x15, 0x35, 0x1A, 0x00, 0x00, 0x00,
        0x35, 0x4C, 0x17, 0xE2, 0x1B, 0x00, 0x00, 0x00, 0x25, 0x00, 0x00, 0x00, 0xA2, 0x48, 0x36, 0xC7,
        0x2E, 0x00, 0x00, 0x00, 0x2A, 0x00, 0x00, 0x00, 0xF7, 0x5C, 0x1A, 0x6B, 0x23, 0x00, 0x00, 0x00,
        0x81, 0x51, 0x3D, 0x57, 0x23, 0x00, 0x00, 0x00, 0x52, 0xD5, 0x34, 0x5C, 0x25, 0x00, 0x00, 0x00,
        0xA9, 0x36, 0x4C, 0xED, 0x2E, 0x00, 0x00, 0x00, 0x2A, 0x00, 0x00, 0x00, 0xF7, 0x5C, 0x1A, 0x6B,
        0x23, 0x00, 0x00, 0x00, 0x81, 0x51, 0x3D, 0x57, 0x23, 0x00, 0x00, 0x00, 0x52, 0xD5, 0x34, 0x5C,
        0x25, 0x00, 0x00, 0x00, 0x09, 0x00, 0x00, 0x00, 0x60, 0x52, 0x8A, 0xA9, 0x7C, 0x06, 0x37, 0x51,
        0x1A, 0x00, 0x00, 0x00, 0xF7, 0x5C, 0x1A, 0x6B, 0x23, 0x00, 0x00, 0x00, 0x29, 0x57, 0xDE, 0x8C,
        0x2A, 0x00, 0x00, 0x00, 0x2A, 0x00, 0x00, 0x00, 0x9A, 0xED, 0x4A, 0x2E, 0x10, 0x00, 0x00, 0x00,
        0x10, 0x00, 0x00, 0x00, 0xF7, 0x5C, 0x1A, 0x6B, 0x23, 0x00, 0x00, 0x00, 0x29, 0x57, 0xDE, 0x8C,
        0x2A, 0x00, 0x00, 0x00, 0x2A, 0x00, 0x00, 0x00, 0xA0, 0x7E, 0x06, 0x96, 0x1B, 0x00, 0x00, 0x00,
        0x1E, 0x00, 0x00, 0x00, 0x55, 0x00, 0x00, 0x00, 0xD3, 0x49, 0xF9, 0x3A, 0x2A, 0x00, 0x00, 0x00,
        0x19, 0x02, 0x00, 0x00, 0x25, 0x00, 0x00, 0x00, 0x55, 0x00, 0x00, 0x00, 0x46, 0x19, 0x87, 0xBF,
        0x2A, 0x00, 0x00, 0x00, 0x19, 0x02, 0x00, 0x00, 0x25, 0x00, 0x00, 0x00, 0x4F, 0xA7, 0xD2, 0xCC,
        0x1A, 0x00, 0x00, 0x00, 0xEC, 0x20, 0xBB, 0x34, 0x23, 0x00, 0x00, 0x00, 0xE4, 0x68, 0x85, 0x21,
        0x22, 0x00, 0x00, 0x00, 0x2C, 0x00, 0x00, 0x00, 0x4B, 0xC3, 0x52, 0xCE, 0x1A, 0x00, 0x00, 0x00,
        0xEC, 0x20, 0xBB, 0x34, 0x23, 0x00, 0x00, 0x00, 0x71, 0x0F, 0xBE, 0x64, 0x23, 0x00, 0x00, 0x00,
        0xF5, 0xE4, 0x2C, 0x46, 0x1B, 0x00, 0x00, 0x00, 0x22, 0x00, 0x00, 0x00, 0xEC, 0x20, 0xBB, 0x34,
        0x23, 0x00, 0x00, 0x00, 0x16, 0x4E, 0xE7, 0x46, 0x22, 0x00, 0x00, 0x00, 0x5B, 0xD1, 0x32, 0xE7,
        0x22, 0x00, 0x00, 0x00, 0xEC, 0x20, 0xBB, 0x34, 0x23, 0x00, 0x00, 0x00, 0x71, 0x0F, 0xBE, 0x64,
        0x22, 0x00, 0x00, 0x00, 0xDC, 0xD3, 0x9A, 0xC6, 0x22, 0x00, 0x00, 0x00, 0xD3, 0x49, 0xF9, 0x3A,
        0x22, 0x00, 0x00, 0x00, 0x46, 0x19, 0x87, 0xBF, 0x1B, 0x00, 0x00, 0x00, 0x25, 0x00, 0x00, 0x00,
        0xA2, 0x48, 0x36, 0xC7, 0x2A, 0x00, 0x00, 0x00, 0x31, 0x00, 0x00, 0x00, 0x1A, 0x00, 0x00, 0x00,
        0x3F, 0x00, 0x00, 0x00, 0x1A, 0x00, 0x00, 0x00, 0xA2, 0x48, 0x36, 0xC7, 0x2E, 0x00, 0x00, 0x00,
        0xD3, 0x49, 0xF9, 0x3A, 0x22, 0x00, 0x00, 0x00, 0x19, 0x02, 0x00, 0x00, 0x1B, 0x00, 0x00, 0x00,
        0x1B, 0x00, 0x00, 0x00, 0x25, 0x00, 0x00, 0x00, 0xA9, 0x36, 0x4C, 0xED, 0x2A, 0x00, 0x00, 0x00,
        0x31, 0x00, 0x00, 0x00, 0x1A, 0x00, 0x00, 0x00, 0x3F, 0x00, 0x00, 0x00, 0x1A, 0x00, 0x00, 0x00,
        0xA9, 0x36, 0x4C, 0xED, 0x2E, 0x00, 0x00, 0x00, 0x46, 0x19, 0x87, 0xBF, 0x22, 0x00, 0x00, 0x00,
        0x19, 0x02, 0x00, 0x00, 0x1B, 0x00, 0x00, 0x00, 0x1B, 0x00, 0x00, 0x00, 0x25, 0x00, 0x00, 0x00,
        0x1F, 0x00, 0x00, 0x00, 0x0E, 0x00, 0x00, 0x00, 0x7C, 0x06, 0x37, 0x51, 0x1A, 0x00, 0x00, 0x00,
        0xEC, 0x20, 0xBB, 0x34, 0x23, 0x00, 0x00, 0x00, 0x9B, 0x16, 0x84, 0xF5, 0x23, 0x00, 0x00, 0x00,
        0x1E, 0xBA, 0x48, 0xEF, 0x1B, 0x00, 0x00, 0x00, 0x1E, 0x00, 0x00, 0x00, 0x6C, 0x00, 0x00, 0x00,
        0xC3, 0x45, 0x85, 0xE2, 0x2A, 0x00, 0x00, 0x00, 0x3F, 0x00, 0x00, 0x00, 0x1A, 0x00, 0x00, 0x00,
        0x1A, 0x02, 0x00, 0x00, 0x23, 0x00, 0x00, 0x00, 0x19, 0x02, 0x00, 0x00, 0x2C, 0x00, 0x00, 0x00,
        0x06, 0xCE, 0x15, 0x35, 0x1A, 0x00, 0x00, 0x00, 0x2F, 0x00, 0x00, 0x00, 0x1A, 0x00, 0x00, 0x00,
        0x56, 0x00, 0x00, 0x00, 0x1A, 0x00, 0x00, 0x00, 0xF7, 0x5C, 0x1A, 0x6B, 0x23, 0x00, 0x00, 0x00,
        0x0C, 0xAA, 0xA6, 0x00, 0x22, 0x00, 0x00, 0x00, 0x19, 0x02, 0x00, 0x00, 0x1B, 0x00, 0x00, 0x00,
        0x22, 0x00, 0x00, 0x00, 0xEC, 0x20, 0xBB, 0x34, 0x23, 0x00, 0x00, 0x00, 0x9B, 0x16, 0x84, 0xF5,
        0x23, 0x00, 0x00, 0x00, 0xBF, 0x53, 0x1E, 0x96, 0x1B, 0x00, 0x00, 0x00, 0x1B, 0x00, 0x00, 0x00,
        0x22, 0x00, 0x00, 0x00, 0x19, 0x02, 0x00, 0x00, 0x23, 0x00, 0x00, 0x00, 0x1C, 0x02, 0x00, 0x00,
        0x1B, 0x00, 0x00, 0x00, 0x25, 0x00, 0x00, 0x00, 0xA2, 0x48, 0x36, 0xC7, 0x23, 0x00, 0x00, 0x00,
        0x67, 0xBA, 0x8E, 0xEB, 0x2E, 0x00, 0x00, 0x00, 0x2A, 0x00, 0x00, 0x00, 0xC3, 0x45, 0x85, 0xE2,
        0x25, 0x00, 0x00, 0x00, 0xA9, 0x36, 0x4C, 0xED, 0x23, 0x00, 0x00, 0x00, 0x67, 0xBA, 0x8E, 0xEB,
        0x2E, 0x00, 0x00, 0x00, 0x2A, 0x00, 0x00, 0x00, 0xC3, 0x45, 0x85, 0xE2, 0x25, 0x00, 0x00, 0x00,
        0x1F, 0x00, 0x00, 0x00, 0x4D, 0xC5, 0xF2, 0x37, 0x2A, 0x00, 0x00, 0x00, 0xA2, 0x48, 0x36, 0xC7,
        0x23, 0x00, 0x00, 0x00, 0x67, 0xBA, 0x8E, 0xEB, 0x2E, 0x00, 0x00, 0x00, 0xF7, 0x5C, 0x1A, 0x6B,
        0x23, 0x00, 0x00, 0x00, 0x81, 0x51, 0x3D, 0x57, 0x23, 0x00, 0x00, 0x00, 0xE5, 0x00, 0x00, 0x00,
        0x2E, 0x00, 0x00, 0x00, 0xF7, 0x5C, 0x1A, 0x6B, 0x23, 0x00, 0x00, 0x00, 0x81, 0x51, 0x3D, 0x57,
        0x23, 0x00, 0x00, 0x00, 0x1C, 0x02, 0xE8, 0xA5, 0x25, 0x00, 0x00, 0x00, 0x03, 0x8A, 0xAF, 0xFD,
        0x2A, 0x00, 0x00, 0x00, 0xA9, 0x36, 0x4C, 0xED, 0x23, 0x00, 0x00, 0x00, 0x67, 0xBA, 0x8E, 0xEB,
        0x2E, 0x00, 0x00, 0x00, 0xF7, 0x5C, 0x1A, 0x6B, 0x23, 0x00, 0x00, 0x00, 0x81, 0x51, 0x3D, 0x57,
        0x23, 0x00, 0x00, 0x00, 0xE5, 0x00, 0x00, 0x00, 0x2E, 0x00, 0x00, 0x00, 0xF7, 0x5C, 0x1A, 0x6B,
        0x23, 0x00, 0x00, 0x00, 0x81, 0x51, 0x3D, 0x57, 0x23, 0x00, 0x00, 0x00, 0x1C, 0x02, 0xE8, 0xA5,
        0x25, 0x00, 0x00, 0x00, 0x1F, 0x00, 0x00, 0x00, 0x01, 0x00, 0x00, 0x00, 0x65, 0xBA, 0xD8, 0x63,
        0x8E, 0x00, 0x00, 0x00, 0x7E, 0xA7, 0x74, 0xAD, 0x1E, 0x00, 0x00, 0x00, 0x6F, 0x00, 0x00, 0x00,
        0x31, 0x01, 0x00, 0x00, 0x24, 0x00, 0x00, 0x00, 0x70, 0x64, 0xA0, 0x2E, 0x25, 0x00, 0x00, 0x00,
        0x1F, 0x00, 0x00, 0x00, 0x25, 0x00, 0x00, 0x00, 0x8E, 0x00, 0x00, 0x00, 0x91, 0x96, 0xC5, 0xAD,
        0x1E, 0x00, 0x00, 0x00, 0x6F, 0x00, 0x00, 0x00, 0x31, 0x01, 0x00, 0x00, 0x24, 0x00, 0x00, 0x00,
        0x70, 0x64, 0xA0, 0x2E, 0x25, 0x00, 0x00, 0x00, 0x06, 0x00, 0x00, 0x00, 0xDD, 0x39, 0x9C, 0x4A,
        0x0E, 0x00, 0x00, 0x00, 0x1F, 0x00, 0x00, 0x00, 0x25, 0x00, 0x00, 0x00, 0x56, 0x00, 0x00, 0x00,
        0xD3, 0x85, 0xBE, 0xAE, 0x1A, 0x00, 0x00, 0x00, 0xB6, 0xB4, 0x81, 0x9D, 0x24, 0x8A, 0x06, 0xF1,
        0x22, 0x00, 0x00, 0x00, 0x63, 0x00, 0x00, 0x00, 0x1E, 0xBA, 0x48, 0xEF, 0x1B, 0x00, 0x00, 0x00,
        0x1E, 0x00, 0x00, 0x00, 0x6F, 0x00, 0x00, 0x00, 0x75, 0x1F, 0x60, 0x88, 0x2A, 0x00, 0x00, 0x00,
        0x02, 0x4A, 0x77, 0x6C, 0x1A, 0x00, 0x00, 0x00, 0xBC, 0xCA, 0x20, 0xF1, 0x22, 0x00, 0x00, 0x00,
        0x24, 0x8A, 0x06, 0xF1, 0x23, 0x00, 0x00, 0x00, 0x67, 0x75, 0x40, 0xE2, 0x23, 0x00, 0x00, 0x00,
        0xCC, 0xDF, 0x38, 0x56, 0x23, 0x00, 0x00, 0x00, 0x99, 0x28, 0xE6, 0x8F, 0x1B, 0x00, 0x00, 0x00,
        0x25, 0x00, 0x00, 0x00, 0x6C, 0x00, 0x00, 0x00, 0x97, 0xAC, 0x6C, 0xB8, 0x2A, 0x00, 0x00, 0x00,
        0x06, 0xCE, 0x15, 0x35, 0x1A, 0x00, 0x00, 0x00, 0x75, 0x1F, 0x60, 0x88, 0x23, 0x00, 0x00, 0x00,
        0x12, 0x02, 0x00, 0x00, 0x2E, 0x00, 0x00, 0x00, 0xBC, 0x3F, 0x11, 0xE1, 0x1B, 0x00, 0x00, 0x00,
        0x25, 0x00, 0x00, 0x00, 0x06, 0x00, 0x00, 0x00, 0x26, 0x00, 0x00, 0x00, 0xDD, 0x39, 0x9C, 0x4A,
        0x7C, 0x06, 0x37, 0x51, 0x1A, 0x00, 0x00, 0x00, 0x26, 0x00, 0x00, 0x00, 0x1E, 0xBA, 0x48, 0xEF,
        0x1B, 0x00, 0x00, 0x00, 0x67, 0x14, 0x20, 0xAD, 0x1A, 0x00, 0x00, 0x00, 0x97, 0xAC, 0x6C, 0xB8,
        0x2C, 0x00, 0x00, 0x00, 0x19, 0x02, 0x00, 0x00, 0x23, 0x00, 0x00, 0x00, 0x2F, 0xE0, 0x2C, 0xC8,
        0x1B, 0x00, 0x00, 0x00, 0x25, 0x00, 0x00, 0x00, 0x0E, 0x00, 0x00, 0x00, 0x6E, 0x00, 0x00, 0x00,
        0x1E, 0xF6, 0x3F, 0x85, 0x2A, 0x00, 0x00, 0x00, 0x39, 0x14, 0x13, 0x57, 0x1A, 0x00, 0x00, 0x00,
        0x24, 0x8A, 0x06, 0xF1, 0x23, 0x00, 0x00, 0x00, 0x67, 0x75, 0x40, 0xE2, 0x23, 0x00, 0x00, 0x00,
        0x74, 0xAA, 0xD6, 0x79, 0x23, 0x00, 0x00, 0x00, 0x67, 0xBA, 0x8E, 0xEB, 0x22, 0x00, 0x00, 0x00,
        0x24, 0x8A, 0x06, 0xF1, 0x23, 0x00, 0x00, 0x00, 0x67, 0x75, 0x40, 0xE2, 0x23, 0x00, 0x00, 0x00,
        0x10, 0xAB, 0x61, 0x80, 0x23, 0x00, 0x00, 0x00, 0x67, 0xBA, 0x8E, 0xEB, 0x1B, 0x00, 0x00, 0x00,
        0x2E, 0x00, 0x00, 0x00, 0x24, 0x8A, 0x06, 0xF1, 0x23, 0x00, 0x00, 0x00, 0x67, 0x75, 0x40, 0xE2,
        0x23, 0x00, 0x00, 0x00, 0x74, 0xAA, 0xD6, 0x79, 0x23, 0x00, 0x00, 0x00, 0x12, 0x02, 0x00, 0x00,
        0x25, 0x00, 0x00, 0x00, 0x62, 0x00, 0x00, 0x00, 0xCB, 0x99, 0x26, 0x41, 0x2A, 0x00, 0x00, 0x00,
        0x5A, 0x00, 0x00, 0x00, 0x1A, 0x00, 0x00, 0x00, 0x24, 0x8A, 0x06, 0xF1, 0x23, 0x00, 0x00, 0x00,
        0x67, 0x75, 0x40, 0xE2, 0x23, 0x00, 0x00, 0x00, 0x74, 0xAA, 0xD6, 0x79, 0x23, 0x00, 0x00, 0x00,
        0x67, 0xBA, 0x8E, 0xEB, 0x22, 0x00, 0x00, 0x00, 0x24, 0x8A, 0x06, 0xF1, 0x23, 0x00, 0x00, 0x00,
        0x67, 0x75, 0x40, 0xE2, 0x23, 0x00, 0x00, 0x00, 0x10, 0xAB, 0x61, 0x80, 0x23, 0x00, 0x00, 0x00,
        0x67, 0xBA, 0x8E, 0xEB, 0x22, 0x00, 0x00, 0x00, 0x1E, 0xF6, 0x3F, 0x85, 0x1B, 0x00, 0x00, 0x00,
        0x25, 0x00, 0x00, 0x00, 0x54, 0x26, 0xCF, 0x09, 0xEC, 0x20, 0xBB, 0x34, 0x25, 0x00, 0x00, 0x00,
        0xEC, 0x20, 0xBB, 0x34, 0x23, 0x00, 0x00, 0x00, 0x5E, 0xF7, 0xEE, 0xE1, 0x2A, 0x00, 0x00, 0x00,
        0x24, 0x8A, 0x06, 0xF1, 0x23, 0x00, 0x00, 0x00, 0x67, 0x75, 0x40, 0xE2, 0x23, 0x00, 0x00, 0x00,
        0x54, 0x05, 0xA0, 0x01, 0x23, 0x00, 0x00, 0x00, 0x99, 0x28, 0xE6, 0x8F, 0x2D, 0x00, 0x00, 0x00,
        0x24, 0x8A, 0x06, 0xF1, 0x23, 0x00, 0x00, 0x00, 0x67, 0x75, 0x40, 0xE2, 0x23, 0x00, 0x00, 0x00,
        0x54, 0x05, 0xA0, 0x01, 0x23, 0x00, 0x00, 0x00, 0x12, 0x02, 0x00, 0x00, 0x25, 0x00, 0x00, 0x00,
        0xEC, 0x20, 0xBB, 0x34, 0x23, 0x00, 0x00, 0x00, 0x60, 0x54, 0xF0, 0x57, 0x2A, 0x00, 0x00, 0x00,
        0x24, 0x8A, 0x06, 0xF1, 0x23, 0x00, 0x00, 0x00, 0x67, 0x75, 0x40, 0xE2, 0x23, 0x00, 0x00, 0x00,
        0xDE, 0x39, 0x3B, 0xCF, 0x23, 0x00, 0x00, 0x00, 0x67, 0xBA, 0x8E, 0xEB, 0x25, 0x00, 0x00, 0x00,
        0xEC, 0x20, 0xBB, 0x34, 0x23, 0x00, 0x00, 0x00, 0x9B, 0x16, 0x84, 0xF5, 0x23, 0x00, 0x00, 0x00,
        0x1E, 0xBA, 0x48, 0xEF, 0x2A, 0x00, 0x00, 0x00, 0x1E, 0xBA, 0x48, 0xEF, 0x25, 0x00, 0x00, 0x00,
        0xEC, 0x20, 0xBB, 0x34, 0x23, 0x00, 0x00, 0x00, 0x9B, 0x16, 0x84, 0xF5, 0x23, 0x00, 0x00, 0x00,
        0x9F, 0xE3, 0xB5, 0x1E, 0x2A, 0x00, 0x00, 0x00, 0x1E, 0xF6, 0x3F, 0x85, 0x23, 0x00, 0x00, 0x00,
        0x67, 0xBA, 0x8E, 0xEB, 0x25, 0x00, 0x00, 0x00, 0xEC, 0x20, 0xBB, 0x34, 0x23, 0x00, 0x00, 0x00,
        0x9B, 0x16, 0x84, 0xF5, 0x23, 0x00, 0x00, 0x00, 0xBF, 0x53, 0x1E, 0x96, 0x2A, 0x00, 0x00, 0x00,
        0x19, 0x02, 0x00, 0x00, 0x25, 0x00, 0x00, 0x00, 0xEC, 0x20, 0xBB, 0x34, 0x23, 0x00, 0x00, 0x00,
        0x39, 0x03, 0x07, 0x2D, 0x2A, 0x00, 0x00, 0x00, 0x75, 0x1F, 0x60, 0x88, 0x23, 0x00, 0x00, 0x00,
        0x38, 0x98, 0x34, 0x21, 0x2E, 0x00, 0x00, 0x00, 0x05, 0xA1, 0xD0, 0xE9, 0x23, 0x00, 0x00, 0x00,
        0x67, 0xBA, 0x8E, 0xEB, 0x25, 0x00, 0x00, 0x00, 0xEC, 0x20, 0xBB, 0x34, 0x23, 0x00, 0x00, 0x00,
        0x39, 0x03, 0x07, 0x2D, 0x2E, 0x00, 0x00, 0x00, 0x2A, 0x00, 0x00, 0x00, 0x91, 0xDA, 0xF5, 0x5A,
        0x1C, 0x00, 0x00, 0x00, 0x91, 0x11, 0x31, 0xD4, 0x1D, 0x00, 0x00, 0x00, 0x23, 0x00, 0x00, 0x00,
        0x5E, 0x38, 0x70, 0x5D, 0x25, 0x00, 0x00, 0x00, 0x06, 0x00, 0x00, 0x00, 0x9B, 0xBE, 0x5E, 0xFF,
        0xEC, 0x20, 0xBB, 0x34, 0x23, 0x00, 0x00, 0x00, 0x39, 0x03, 0x07, 0x2D, 0x2E, 0x00, 0x00, 0x00,
        0x2A, 0x00, 0x00, 0x00, 0x24, 0x8A, 0x06, 0xF1, 0x23, 0x00, 0x00, 0x00, 0x67, 0x75, 0x40, 0xE2,
        0x23, 0x00, 0x00, 0x00, 0x31, 0x01, 0x00, 0x00, 0x23, 0x00, 0x00, 0x00, 0x38, 0x98, 0x34, 0x21,
        0x25, 0x00, 0x00, 0x00, 0x0E, 0x00, 0x00, 0x00, 0xEC, 0x20, 0xBB, 0x34, 0x23, 0x00, 0x00, 0x00,
        0x76, 0x5B, 0x5D, 0xBB, 0x2A, 0x00, 0x00, 0x00, 0xF9, 0x4C, 0x39, 0x17, 0x1A, 0x00, 0x00, 0x00,
        0xF2, 0x85, 0x7D, 0x3B, 0x22, 0x00, 0x00, 0x00, 0x24, 0x8A, 0x06, 0xF1, 0x23, 0x00, 0x00, 0x00,
        0x67, 0x75, 0x40, 0xE2, 0x23, 0x00, 0x00, 0x00, 0xCC, 0xDF, 0x38, 0x56, 0x23, 0x00, 0x00, 0x00,
        0x99, 0x28, 0xE6, 0x8F, 0x1B, 0x00, 0x00, 0x00, 0x23, 0x00, 0x00, 0x00, 0x38, 0x98, 0x34, 0x21,
        0x2E, 0x00, 0x00, 0x00, 0x0E, 0x7E, 0x35, 0x6A, 0x23, 0x00, 0x00, 0x00, 0x67, 0xBA, 0x8E, 0xEB,
        0x25, 0x00, 0x00, 0x00, 0xEC, 0x20, 0xBB, 0x34, 0x23, 0x00, 0x00, 0x00, 0x16, 0x4E, 0xE7, 0x46,
        0x2A, 0x00, 0x00, 0x00, 0x3D, 0x00, 0x00, 0x00, 0x1A, 0x00, 0x00, 0x00, 0x0E, 0x7E, 0x35, 0x6A,
        0x23, 0x00, 0x00, 0x00, 0x12, 0x02, 0x00, 0x00, 0x22, 0x00, 0x00, 0x00, 0x19, 0x02, 0x00, 0x00,
        0x23, 0x00, 0x00, 0x00, 0x1E, 0x02, 0x00, 0x00, 0x22, 0x00, 0x00, 0x00, 0x19, 0x02, 0x00, 0x00,
        0x23, 0x00, 0x00, 0x00, 0x22, 0x02, 0x00, 0x00, 0x1B, 0x00, 0x00, 0x00, 0x25, 0x00, 0x00, 0x00,
        0x6E, 0x00, 0x00, 0x00, 0x06, 0x02, 0xFD, 0x35, 0x2A, 0x00, 0x00, 0x00, 0x83, 0x13, 0x0A, 0xB0,
        0x1A, 0x00, 0x00, 0x00, 0x49, 0x00, 0x6B, 0x60, 0x22, 0x00, 0x00, 0x00, 0x24, 0x8A, 0x06, 0xF1,
        0x23, 0x00, 0x00, 0x00, 0x67, 0x75, 0x40, 0xE2, 0x23, 0x00, 0x00, 0x00, 0xCC, 0xDF, 0x38, 0x56,
        0x23, 0x00, 0x00, 0x00, 0x99, 0x28, 0xE6, 0x8F, 0x1B, 0x00, 0x00, 0x00, 0x25, 0x00, 0x00, 0x00,
        0xEC, 0x20, 0xBB, 0x34, 0x23, 0x00, 0x00, 0x00, 0xE4, 0x68, 0x85, 0x21, 0x2A, 0x00, 0x00, 0x00,
        0x4B, 0xC3, 0x52, 0xCE, 0x1A, 0x00, 0x00, 0x00, 0x30, 0x00, 0x00, 0x00, 0x1A, 0x00, 0x00, 0x00,
        0x06, 0x02, 0xFD, 0x35, 0x23, 0x00, 0x00, 0x00, 0x67, 0xBA, 0x8E, 0xEB, 0x22, 0x00, 0x00, 0x00,
        0xCB, 0x99, 0x26, 0x41, 0x1B, 0x00, 0x00, 0x00, 0x1B, 0x00, 0x00, 0x00, 0x25, 0x00, 0x00, 0x00,
        0xEC, 0x20, 0xBB, 0x34, 0x23, 0x00, 0x00, 0x00, 0x27, 0x29, 0xDF, 0xF4, 0x2A, 0x00, 0x00, 0x00,
        0xEC, 0x20, 0xBB, 0x34, 0x23, 0x00, 0x00, 0x00, 0xE4, 0x68, 0x85, 0x21, 0x25, 0x00, 0x00, 0x00,
        0x6C, 0x00, 0x00, 0x00, 0xB6, 0x7F, 0xDB, 0x08, 0x2A, 0x00, 0x00, 0x00, 0x19, 0x02, 0x00, 0x00,
        0x25, 0x00, 0x00, 0x00, 0x6E, 0x00, 0x00, 0x00, 0xCA, 0x99, 0x2E, 0xCE, 0x2A, 0x00, 0x00, 0x00,
        0x24, 0x8A, 0x06, 0xF1, 0x23, 0x00, 0x00, 0x00, 0x67, 0x75, 0x40, 0xE2, 0x23, 0x00, 0x00, 0x00,
        0x10, 0xAB, 0x61, 0x80, 0x23, 0x00, 0x00, 0x00, 0x67, 0xBA, 0x8E, 0xEB, 0x25, 0x00, 0x00, 0x00,
        0x06, 0x00, 0x00, 0x00, 0x3D, 0x33, 0xCB, 0x87, 0x6E, 0x00, 0x00, 0x00, 0x17, 0xDA, 0x6F, 0x42,
        0x2A, 0x00, 0x00, 0x00, 0x83, 0x13, 0x0A, 0xB0, 0x1A, 0x00, 0x00, 0x00, 0xCD, 0xFE, 0xA3, 0x03,
        0x22, 0x00, 0x00, 0x00, 0x24, 0x8A, 0x06, 0xF1, 0x23, 0x00, 0x00, 0x00, 0x67, 0x75, 0x40, 0xE2,
        0x23, 0x00, 0x00, 0x00, 0xCC, 0xDF, 0x38, 0x56, 0x23, 0x00, 0x00, 0x00, 0x99, 0x28, 0xE6, 0x8F,
        0x1B, 0x00, 0x00, 0x00, 0x25, 0x00, 0x00, 0x00, 0xCA, 0x99, 0x2E, 0xCE, 0x2A, 0x00, 0x00, 0x00,
        0x30, 0x00, 0x00, 0x00, 0x1A, 0x00, 0x00, 0x00, 0x17, 0xDA, 0x6F, 0x42, 0x23, 0x00, 0x00, 0x00,
        0x67, 0xBA, 0x8E, 0xEB, 0x22, 0x00, 0x00, 0x00, 0xCB, 0x99, 0x26, 0x41, 0x1B, 0x00, 0x00, 0x00,
        0x25, 0x00, 0x00, 0x00, 0xB6, 0x7F, 0xDB, 0x08, 0x2A, 0x00, 0x00, 0x00, 0x17, 0xDA, 0x6F, 0x42,
        0x23, 0x00, 0x00, 0x00, 0x11, 0x02, 0x00, 0x00, 0x2E, 0x00, 0x00, 0x00, 0x55, 0x14, 0x7A, 0x2A,
        0x25, 0x00, 0x00, 0x00, 0x0E, 0x00, 0x00, 0x00, 0x8C, 0x00, 0x00, 0x00, 0x6C, 0x00, 0x00, 0x00,
        0x8B, 0x56, 0x00, 0xEC, 0x2A, 0x00, 0x00, 0x00, 0x19, 0x02, 0x00, 0x00, 0x25, 0x00, 0x00, 0x00,
        0xEC, 0x20, 0xBB, 0x34, 0x23, 0x00, 0x00, 0x00, 0x9B, 0x16, 0x84, 0xF5, 0x23, 0x00, 0x00, 0x00,
        0xE8, 0x0B, 0x1A, 0x24, 0x2A, 0x00, 0x00, 0x00, 0x78, 0xC8, 0x88, 0x1B, 0x1A, 0x00, 0x00, 0x00,
        0xCA, 0x99, 0x2E, 0xCE, 0x23, 0x00, 0x00, 0x00, 0x67, 0xBA, 0x8E, 0xEB, 0x22, 0x00, 0x00, 0x00,
        0xEC, 0x20, 0xBB, 0x34, 0x23, 0x00, 0x00, 0x00, 0xE4, 0x68, 0x85, 0x21, 0x23, 0x00, 0x00, 0x00,
        0x67, 0xBA, 0x8E, 0xEB, 0x2E, 0x00, 0x00, 0x00, 0x24, 0x8A, 0x06, 0xF1, 0x23, 0x00, 0x00, 0x00,
        0x67, 0x75, 0x40, 0xE2, 0x23, 0x00, 0x00, 0x00, 0x74, 0xAA, 0xD6, 0x79, 0x23, 0x00, 0x00, 0x00,
        0x12, 0x02, 0x00, 0x00, 0x22, 0x00, 0x00, 0x00, 0xB6, 0x7F, 0xDB, 0x08, 0x2B, 0x00, 0x00, 0x00,
        0x8B, 0x56, 0x00, 0xEC, 0x1B, 0x00, 0x00, 0x00, 0x25, 0x00, 0x00, 0x00, 0xEC, 0x20, 0xBB, 0x34,
        0x23, 0x00, 0x00, 0x00, 0x9B, 0x16, 0x84, 0xF5, 0x23, 0x00, 0x00, 0x00, 0x76, 0x47, 0xED, 0xE4,
        0x2A, 0x00, 0x00, 0x00, 0x78, 0xC8, 0x88, 0x1B, 0x1A, 0x00, 0x00, 0x00, 0xCA, 0x99, 0x2E, 0xCE,
        0x23, 0x00, 0x00, 0x00, 0x67, 0xBA, 0x8E, 0xEB, 0x22, 0x00, 0x00, 0x00, 0xEC, 0x20, 0xBB, 0x34,
        0x23, 0x00, 0x00, 0x00, 0xE4, 0x68, 0x85, 0x21, 0x23, 0x00, 0x00, 0x00, 0x67, 0xBA, 0x8E, 0xEB,
        0x2E, 0x00, 0x00, 0x00, 0x24, 0x8A, 0x06, 0xF1, 0x23, 0x00, 0x00, 0x00, 0x67, 0x75, 0x40, 0xE2,
        0x23, 0x00, 0x00, 0x00, 0x74, 0xAA, 0xD6, 0x79, 0x23, 0x00, 0x00, 0x00, 0x12, 0x02, 0x00, 0x00,
        0x22, 0x00, 0x00, 0x00, 0xB6, 0x7F, 0xDB, 0x08, 0x2B, 0x00, 0x00, 0x00, 0xAB, 0x5C, 0x13, 0x04,
        0x1B, 0x00, 0x00, 0x00, 0x25, 0x00, 0x00, 0x00, 0x7C, 0x06, 0x37, 0x51, 0x1A, 0x00, 0x00, 0x00,
        0x1A, 0x81, 0x9A, 0x0D, 0x21, 0x00, 0x00, 0x00, 0x19, 0x02, 0x00, 0x00, 0x1B, 0x00, 0x00, 0x00,
        0x1E, 0x00, 0x00, 0x00, 0x54, 0x00, 0x00, 0x00, 0x5B, 0xAF, 0x99, 0x2C, 0x2A, 0x00, 0x00, 0x00,
        0x1A, 0x00, 0x00, 0x00, 0x24, 0x8A, 0x06, 0xF1, 0x23, 0x00, 0x00, 0x00, 0x67, 0x75, 0x40, 0xE2,
        0x23, 0x00, 0x00, 0x00, 0x54, 0x05, 0xA0, 0x01, 0x23, 0x00, 0x00, 0x00, 0x99, 0x28, 0xE6, 0x8F,
        0x2D, 0x00, 0x00, 0x00, 0x24, 0x8A, 0x06, 0xF1, 0x23, 0x00, 0x00, 0x00, 0x67, 0x75, 0x40, 0xE2,
        0x23, 0x00, 0x00, 0x00, 0x54, 0x05, 0xA0, 0x01, 0x23, 0x00, 0x00, 0x00, 0x12, 0x02, 0x00, 0x00,
        0x1B, 0x00, 0x00, 0x00, 0x25, 0x00, 0x00, 0x00, 0x66, 0x00, 0x00, 0x00, 0x49, 0x2C, 0x82, 0xA1,
        0x2A, 0x00, 0x00, 0x00, 0x66, 0x00, 0x00, 0x00, 0x1A, 0x00, 0x00, 0x00, 0x3F, 0x00, 0x00, 0x00,
        0x1A, 0x00, 0x00, 0x00, 0x3E, 0x00, 0x00, 0x00, 0x1A, 0x00, 0x00, 0x00, 0x5B, 0xAF, 0x99, 0x2C,
        0x2E, 0x00, 0x00, 0x00, 0xE1, 0x1B, 0x88, 0x3F, 0x23, 0x00, 0x00, 0x00, 0x99, 0x28, 0xE6, 0x8F,
        0x22, 0x00, 0x00, 0x00, 0xE1, 0x1B, 0x88, 0x3F, 0x23, 0x00, 0x00, 0x00, 0x99, 0x28, 0xE6, 0x8F,
        0x2C, 0x00, 0x00, 0x00, 0x54, 0x00, 0x00, 0x00, 0x1A, 0x00, 0x00, 0x00, 0x1A, 0x02, 0x00, 0x00,
        0x23, 0x00, 0x00, 0x00, 0x61, 0xE0, 0x4E, 0x3A, 0x22, 0x00, 0x00, 0x00, 0x1A, 0x02, 0x00, 0x00,
        0x23, 0x00, 0x00, 0x00, 0x61, 0xE0, 0x4E, 0x3A, 0x1B, 0x00, 0x00, 0x00, 0x1B, 0x00, 0x00, 0x00,
        0x22, 0x00, 0x00, 0x00, 0x54, 0x00, 0x00, 0x00, 0x1A, 0x00, 0x00, 0x00, 0x19, 0x02, 0x00, 0x00,
        0x23, 0x00, 0x00, 0x00, 0x61, 0xE0, 0x4E, 0x3A, 0x22, 0x00, 0x00, 0x00, 0x19, 0x02, 0x00, 0x00,
        0x23, 0x00, 0x00, 0x00, 0x61, 0xE0, 0x4E, 0x3A, 0x1B, 0x00, 0x00, 0x00, 0x1B, 0x00, 0x00, 0x00,
        0x22, 0x00, 0x00, 0x00, 0x19, 0x02, 0x00, 0x00, 0x1B, 0x00, 0x00, 0x00, 0x25, 0x00, 0x00, 0x00,
        0x53, 0x00, 0x00, 0x00, 0x94, 0x89, 0x2F, 0x92, 0x2A, 0x00, 0x00, 0x00, 0x1D, 0x82, 0x63, 0xBE,
        0x23, 0x00, 0x00, 0x00, 0x57, 0x02, 0x00, 0x00, 0x1A, 0x00, 0x00, 0x00, 0x49, 0x2C, 0x82, 0xA1,
        0x1B, 0x00, 0x00, 0x00, 0x23, 0x00, 0x00, 0x00, 0x0F, 0x02, 0x00, 0x00, 0x2E, 0x00, 0x00, 0x00,
        0xCA, 0xB2, 0xC8, 0x4B, 0x23, 0x00, 0x00, 0x00, 0x10, 0x02, 0x00, 0x00, 0x25, 0x00, 0x00, 0x00,
        0x53, 0x00, 0x00, 0x00, 0x20, 0xFE, 0x12, 0x6E, 0x2A, 0x00, 0x00, 0x00, 0x3C, 0x00, 0x00, 0x00,
        0x1A, 0x00, 0x00, 0x00, 0x24, 0x8A, 0x06, 0xF1, 0x23, 0x00, 0x00, 0x00, 0x67, 0x75, 0x40, 0xE2,
        0x23, 0x00, 0x00, 0x00, 0x54, 0x05, 0xA0, 0x01, 0x23, 0x00, 0x00, 0x00, 0x12, 0x02, 0x00, 0x00,
        0x2C, 0x00, 0x00, 0x00, 0x94, 0x89, 0x2F, 0x92, 0x1B, 0x00, 0x00, 0x00, 0x25, 0x00, 0x00, 0x00,
        0x97, 0xAC, 0x6C, 0xB8, 0x2E, 0x00, 0x00, 0x00, 0x2A, 0x00, 0x00, 0x00, 0x06, 0xCE, 0x15, 0x35,
        0x1A, 0x00, 0x00, 0x00, 0x3B, 0x00, 0x00, 0x00, 0x1A, 0x00, 0x00, 0x00, 0x1A, 0x02, 0x00, 0x00,
        0x22, 0x00, 0x00, 0x00, 0x06, 0xCE, 0x15, 0x35, 0x1A, 0x00, 0x00, 0x00, 0x20, 0xFE, 0x12, 0x6E,
        0x2E, 0x00, 0x00, 0x00, 0xEA, 0x50, 0x77, 0x23, 0x1B, 0x00, 0x00, 0x00, 0x22, 0x00, 0x00, 0x00,
        0x1A, 0x81, 0x9A, 0x0D, 0x1B, 0x00, 0x00, 0x00, 0x1B, 0x00, 0x00, 0x00, 0x25, 0x00, 0x00, 0x00,
        0x1F, 0x00, 0x00, 0x00, 0x6E, 0x00, 0x00, 0x00, 0x4D, 0xC5, 0xF2, 0x37, 0x2A, 0x00, 0x00, 0x00,
        0x19, 0x02, 0x00, 0x00, 0x25, 0x00, 0x00, 0x00, 0x6E, 0x00, 0x00, 0x00, 0x03, 0x8A, 0xAF, 0xFD,
        0x2A, 0x00, 0x00, 0x00, 0x19, 0x02, 0x00, 0x00, 0x25, 0x00, 0x00, 0x00, 0x6E, 0x00, 0x00, 0x00,
        0x6D, 0x52, 0xD1, 0x7D, 0x2A, 0x00, 0x00, 0x00, 0x19, 0x02, 0x00, 0x00, 0x25, 0x00, 0x00, 0x00,
        0x6E, 0x00, 0x00, 0x00, 0x92, 0x0E, 0x2D, 0xE6, 0x2A, 0x00, 0x00, 0x00, 0x19, 0x02, 0x00, 0x00,
        0x25, 0x00, 0x00, 0x00, 0x1E, 0x00, 0x00, 0x00, 0x6C, 0x00, 0x00, 0x00, 0xD7, 0x14, 0x95, 0x4B,
        0x2A, 0x00, 0x00, 0x00, 0x19, 0x02, 0x00, 0x00, 0x25, 0x00, 0x00, 0x00, 0x06, 0x00, 0x00, 0x00,
        0xDD, 0x39, 0x9C, 0x4A, 0x11, 0x00, 0x00, 0x00, 0x11, 0x00, 0x00, 0x00, 0x20, 0x08, 0xE5, 0xDA,
        0x11, 0x00, 0x00, 0x00, 0x11, 0x00, 0x00, 0x00, 0xFA, 0xA9, 0x74, 0x9F, 0x7C, 0x06, 0x37, 0x51,
        0x1A, 0x00, 0x00, 0x00, 0x26, 0x00, 0x00, 0x00, 0x1E, 0xBA, 0x48, 0xEF, 0x1B, 0x00, 0x00, 0x00,
        0xD7, 0x14, 0x95, 0x4B, 0x2A, 0x00, 0x00, 0x00, 0x24, 0x8A, 0x06, 0xF1, 0x23, 0x00, 0x00, 0x00,
        0xE9, 0xE7, 0xF7, 0x51, 0x25, 0x00, 0x00, 0x00, 0x0F, 0x00, 0x00, 0x00, 0xD7, 0x14, 0x95, 0x4B,
        0x2A, 0x00, 0x00, 0x00, 0x61, 0xC7, 0x00, 0x20, 0x1A, 0x00, 0x00, 0x00, 0x24, 0x8A, 0x06, 0xF1,
        0x23, 0x00, 0x00, 0x00, 0x67, 0x75, 0x40, 0xE2, 0x23, 0x00, 0x00, 0x00, 0xDE, 0x39, 0x3B, 0xCF,
        0x23, 0x00, 0x00, 0x00, 0x67, 0xBA, 0x8E, 0xEB, 0x2B, 0x00, 0x00, 0x00, 0xA6, 0x43, 0x8E, 0xEC,
        0x1A, 0x00, 0x00, 0x00, 0x1B, 0x00, 0x00, 0x00, 0x1B, 0x00, 0x00, 0x00, 0x25, 0x00, 0x00, 0x00,
        0x0E, 0x00, 0x00, 0x00, 0xF7, 0x79, 0x13, 0xA8, 0x94, 0x93, 0x30, 0x06, 0x2A, 0x00, 0x00, 0x00,
        0xCF, 0xFA, 0x3E, 0x1E, 0x1A, 0x00, 0x00, 0x00, 0x15, 0x4E, 0x0B, 0xE5, 0x1B, 0x00, 0x00, 0x00,
        0x25, 0x00, 0x00, 0x00, 0x94, 0x93, 0x30, 0x06, 0x23, 0x00, 0x00, 0x00, 0x0C, 0xAA, 0xA6, 0x00,
        0x2A, 0x00, 0x00, 0x00, 0x20, 0x26, 0x2B, 0x2B, 0x23, 0x00, 0x00, 0x00, 0x67, 0xBA, 0x8E, 0xEB,
        0x25, 0x00, 0x00, 0x00, 0x94, 0x93, 0x30, 0x06, 0x23, 0x00, 0x00, 0x00, 0x81, 0x51, 0x3D, 0x57,
        0x23, 0x00, 0x00, 0x00, 0xE5, 0x00, 0x00, 0x00, 0x2A, 0x00, 0x00, 0x00, 0xD9, 0x43, 0x7E, 0x0B,
        0x23, 0x00, 0x00, 0x00, 0x67, 0xBA, 0x8E, 0xEB, 0x2E, 0x00, 0x00, 0x00, 0x1A, 0x00, 0x00, 0x00,
        0x1A, 0x02, 0x00, 0x00, 0x2C, 0x00, 0x00, 0x00, 0xD7, 0x14, 0x95, 0x4B, 0x1B, 0x00, 0x00, 0x00,
        0x25, 0x00, 0x00, 0x00, 0x9D, 0xE3, 0x9A, 0x05, 0x1A, 0x00, 0x00, 0x00, 0xEC, 0x20, 0xBB, 0x34,
        0x22, 0x00, 0x00, 0x00, 0x94, 0x93, 0x30, 0x06, 0x22, 0x00, 0x00, 0x00, 0x6D, 0x52, 0xD1, 0x7D,
        0x22, 0x00, 0x00, 0x00, 0x92, 0x0E, 0x2D, 0xE6, 0x1B, 0x00, 0x00, 0x00, 0x25, 0x00, 0x00, 0x00,
        0x1F, 0x00, 0x00, 0x00, 0x09, 0x00, 0x00, 0x00, 0x9F, 0x2B, 0x2B, 0xDE, 0xE5, 0x82, 0xA0, 0x29,
        0xB7, 0xFC, 0x52, 0x2D, 0x25, 0x00, 0x00, 0x00, 0xB7, 0xFC, 0x52, 0x2D, 0x23, 0x00, 0x00, 0x00,
        0x72, 0x62, 0x8F, 0x74, 0x2A, 0x00, 0x00, 0x00, 0x17, 0x02, 0x00, 0x00, 0x25, 0x00, 0x00, 0x00,
        0xB7, 0xFC, 0x52, 0x2D, 0x23, 0x00, 0x00, 0x00, 0x58, 0xE1, 0x5B, 0xBC, 0x2A, 0x00, 0x00, 0x00,
        0x18, 0x02, 0x00, 0x00, 0x25, 0x00, 0x00, 0x00, 0xB7, 0xFC, 0x52, 0x2D, 0x23, 0x00, 0x00, 0x00,
        0x09, 0x44, 0x28, 0x43, 0x2A, 0x00, 0x00, 0x00, 0x17, 0x02, 0x00, 0x00, 0x25, 0x00, 0x00, 0x00,
        0xB7, 0xFC, 0x52, 0x2D, 0x23, 0x00, 0x00, 0x00, 0xFE, 0xA6, 0x32, 0x11, 0x2A, 0x00, 0x00, 0x00,
        0x17, 0x02, 0x00, 0x00, 0x25, 0x00, 0x00, 0x00, 0xB7, 0xFC, 0x52, 0x2D, 0x23, 0x00, 0x00, 0x00,
        0x23, 0xF4, 0x7D, 0xB8, 0x2A, 0x00, 0x00, 0x00, 0x60, 0x5A, 0x8B, 0xE1, 0x25, 0x00, 0x00, 0x00,
        0xB7, 0xFC, 0x52, 0x2D, 0x23, 0x00, 0x00, 0x00, 0x3D, 0x0F, 0xD6, 0x89, 0x2A, 0x00, 0x00, 0x00,
        0x18, 0x02, 0x00, 0x00, 0x25, 0x00, 0x00, 0x00, 0xB7, 0xFC, 0x52, 0x2D, 0x23, 0x00, 0x00, 0x00,
        0xF5, 0x19, 0xC6, 0x04, 0x2A, 0x00, 0x00, 0x00, 0xA2, 0xB5, 0x0B, 0xEA, 0x25, 0x00, 0x00, 0x00,
        0xB7, 0xFC, 0x52, 0x2D, 0x23, 0x00, 0x00, 0x00, 0xF2, 0x52, 0x89, 0xAF, 0x2A, 0x00, 0x00, 0x00,
        0xA2, 0xB5, 0x0B, 0xEA, 0x25, 0x00, 0x00, 0x00, 0xB7, 0xFC, 0x52, 0x2D, 0x23, 0x00, 0x00, 0x00,
        0x6F, 0xBC, 0x9D, 0xEB, 0x2A, 0x00, 0x00, 0x00, 0xF9, 0x20, 0xE6, 0x06, 0x25, 0x00, 0x00, 0x00,
        0xB7, 0xFC, 0x52, 0x2D, 0x23, 0x00, 0x00, 0x00, 0xE9, 0x0C, 0x5C, 0x06, 0x2A, 0x00, 0x00, 0x00,
        0x6B, 0x4B, 0xD6, 0xB2, 0x25, 0x00, 0x00, 0x00, 0xB7, 0xFC, 0x52, 0x2D, 0x23, 0x00, 0x00, 0x00,
        0x58, 0xE1, 0x5B, 0xBC, 0x2A, 0x00, 0x00, 0x00, 0x17, 0x02, 0x00, 0x00, 0x25, 0x00, 0x00, 0x00,
        0x09, 0x00, 0x00, 0x00, 0xF6, 0xD9, 0x24, 0x4B, 0xB7, 0xFC, 0x52, 0x2D, 0x23, 0x00, 0x00, 0x00,
        0x23, 0xF4, 0x7D, 0xB8, 0x2A, 0x00, 0x00, 0x00, 0xDB, 0x33, 0x91, 0xCD, 0x25, 0x00, 0x00, 0x00,
        0x0E, 0x00, 0x00, 0x00, 0xFE, 0x4F, 0x26, 0xAD, 0x1A, 0x00, 0x00, 0x00, 0xB7, 0xFC, 0x52, 0x2D,
        0x22, 0x00, 0x00, 0x00, 0xEC, 0x20, 0xBB, 0x34, 0x22, 0x00, 0x00, 0x00, 0x4D, 0xC5, 0xF2, 0x37,
        0x22, 0x00, 0x00, 0x00, 0x03, 0x8A, 0xAF, 0xFD, 0x1B, 0x00, 0x00, 0x00, 0x25, 0x00, 0x00, 0x00,
        0x0E, 0x00, 0x00, 0x00, 0x4D, 0xC5, 0xF2, 0x37, 0x2B, 0x00, 0x00, 0x00, 0x2A, 0x00, 0x00, 0x00,
        0x6D, 0x52, 0xD1, 0x7D, 0x25, 0x00, 0x00, 0x00, 0x03, 0x8A, 0xAF, 0xFD, 0x2B, 0x00, 0x00, 0x00,
        0x2A, 0x00, 0x00, 0x00, 0x92, 0x0E, 0x2D, 0xE6, 0x25, 0x00, 0x00, 0x00, 0x6F, 0x00, 0x00, 0x00,
        0x88, 0x58, 0x94, 0xD4, 0x2A, 0x00, 0x00, 0x00, 0x6F, 0x00, 0x00, 0x00, 0x1A, 0x00, 0x00, 0x00,
        0x4D, 0xC5, 0xF2, 0x37, 0x2E, 0x00, 0x00, 0x00, 0xEC, 0x20, 0xBB, 0x34, 0x23, 0x00, 0x00, 0x00,
        0x39, 0x03, 0x07, 0x2D, 0x23, 0x00, 0x00, 0x00, 0x38, 0x98, 0x34, 0x21, 0x2B, 0x00, 0x00, 0x00,
        0x03, 0x8A, 0xAF, 0xFD, 0x22, 0x00, 0x00, 0x00, 0x97, 0xAC, 0x6C, 0xB8, 0x1B, 0x00, 0x00, 0x00,
        0x25, 0x00, 0x00, 0x00, 0x80, 0xA1, 0x59, 0x0B, 0x1A, 0x00, 0x00, 0x00, 0x24, 0x8A, 0x06, 0xF1,
        0x23, 0x00, 0x00, 0x00, 0x67, 0x75, 0x40, 0xE2, 0x23, 0x00, 0x00, 0x00, 0xDE, 0x39, 0x3B, 0xCF,
        0x23, 0x00, 0x00, 0x00, 0x67, 0xBA, 0x8E, 0xEB, 0x2B, 0x00, 0x00, 0x00, 0xA6, 0x43, 0x8E, 0xEC,
        0x1A, 0x00, 0x00, 0x00, 0x1B, 0x00, 0x00, 0x00, 0x22, 0x00, 0x00, 0x00, 0x24, 0x8A, 0x06, 0xF1,
        0x23, 0x00, 0x00, 0x00, 0x67, 0x75, 0x40, 0xE2, 0x23, 0x00, 0x00, 0x00, 0xDE, 0x39, 0x3B, 0xCF,
        0x23, 0x00, 0x00, 0x00, 0x67, 0xBA, 0x8E, 0xEB, 0x22, 0x00, 0x00, 0x00, 0x24, 0x8A, 0x06, 0xF1,
        0x23, 0x00, 0x00, 0x00, 0x67, 0x75, 0x40, 0xE2, 0x23, 0x00, 0x00, 0x00, 0x59, 0x91, 0x4B, 0x30,
        0x22, 0x00, 0x00, 0x00, 0x88, 0x58, 0x94, 0xD4, 0x23, 0x00, 0x00, 0x00, 0x67, 0xBA, 0x8E, 0xEB,
        0x1B, 0x00, 0x00, 0x00, 0x25, 0x00, 0x00, 0x00, 0xD8, 0x00, 0x00, 0x00, 0x88, 0x58, 0x94, 0xD4,
        0x25, 0x00, 0x00, 0x00, 0x1F, 0x00, 0x00, 0x00, 0x06, 0x00, 0x00, 0x00, 0x26, 0x00, 0x00, 0x00,
        0x48, 0x1A, 0xCC, 0x10, 0x61, 0x02, 0x00, 0x00, 0x0E, 0x00, 0x00, 0x00, 0x7E, 0xA7, 0x74, 0xAD,
        0xE5, 0x9B, 0xAC, 0x6E, 0x1A, 0x00, 0x00, 0x00, 0xB6, 0xB4, 0x81, 0x9D, 0x24, 0x8A, 0x06, 0xF1,
        0x1B, 0x00, 0x00, 0x00, 0x1E, 0x00, 0x00, 0x00, 0x1E, 0x00, 0x00, 0x00, 0x8C, 0x00, 0x00, 0x00,
        0x53, 0x00, 0x00, 0x00, 0x6A, 0xAE, 0xD8, 0x33, 0x2A, 0x00, 0x00, 0x00, 0x5A, 0x29, 0xAB, 0x89,
        0x1A, 0x00, 0x00, 0x00, 0x1B, 0x00, 0x00, 0x00, 0x25, 0x00, 0x00, 0x00, 0x67, 0x14, 0x20, 0xAD,
        0x1A, 0x00, 0x00, 0x00, 0x1A, 0x00, 0x00, 0x00, 0x6A, 0xAE, 0xD8, 0x33, 0x21, 0x00, 0x00, 0x00,
        0x2A, 0x00, 0x00, 0x00, 0x19, 0x02, 0x00, 0x00, 0x29, 0x00, 0x00, 0x00, 0x1A, 0x02, 0x00, 0x00,
        0x23, 0x00, 0x00, 0x00, 0x19, 0x02, 0x00, 0x00, 0x24, 0x00, 0x00, 0x00, 0x2C, 0x00, 0x00, 0x00,
        0x1A, 0x02, 0x00, 0x00, 0x23, 0x00, 0x00, 0x00, 0x19, 0x02, 0x00, 0x00, 0x1B, 0x00, 0x00, 0x00,
        0x2E, 0x00, 0x00, 0x00, 0x1A, 0x00, 0x00, 0x00, 0x13, 0xF1, 0x4F, 0x26, 0x1A, 0x00, 0x00, 0x00,
        0x1A, 0x00, 0x00, 0x00, 0x65, 0x00, 0x00, 0x00, 0x1B, 0x00, 0x00, 0x00, 0x24, 0x8A, 0x06, 0xF1,
        0x23, 0x00, 0x00, 0x00, 0x67, 0x75, 0x40, 0xE2, 0x23, 0x00, 0x00, 0x00, 0x59, 0x91, 0x4B, 0x30,
        0x23, 0x00, 0x00, 0x00, 0x99, 0x28, 0xE6, 0x8F, 0x1B, 0x00, 0x00, 0x00, 0x2C, 0x00, 0x00, 0x00,
        0x3C, 0x00, 0x00, 0x00, 0x1A, 0x00, 0x00, 0x00, 0x6A, 0xAE, 0xD8, 0x33, 0x1B, 0x00, 0x00, 0x00,
        0x1B, 0x00, 0x00, 0x00, 0x1B, 0x00, 0x00, 0x00, 0x25, 0x00, 0x00, 0x00, 0x1F, 0x00, 0x00, 0x00,
        0x7E, 0xA7, 0x74, 0xAD, 0x13, 0x2F, 0x4D, 0x2F, 0x2A, 0x00, 0x00, 0x00, 0x1A, 0x00, 0x00, 0x00,
        0x7E, 0xA7, 0x74, 0xAD, 0x1B, 0x00, 0x00, 0x00, 0x19, 0x02, 0x00, 0x00, 0x25, 0x00, 0x00, 0x00,
        0x13, 0x2F, 0x4D, 0x2F, 0x23, 0x00, 0x00, 0x00, 0x31, 0x01, 0x00, 0x00, 0x2A, 0x00, 0x00, 0x00,
        0xD3, 0x85, 0xBE, 0xAE, 0x1A, 0x00, 0x00, 0x00, 0x24, 0x8A, 0x06, 0xF1, 0x22, 0x00, 0x00, 0x00,
        0x17, 0x02, 0x00, 0x00, 0x1B, 0x00, 0x00, 0x00, 0x25, 0x00, 0x00, 0x00, 0xD8, 0x00, 0x00, 0x00,
        0x13, 0x2F, 0x4D, 0x2F, 0x25, 0x00, 0x00, 0x00, 0x1F, 0x00, 0x00, 0x00, 0x06, 0x00, 0x00, 0x00,
        0x26, 0x00, 0x00, 0x00, 0x48, 0x1A, 0xCC, 0x10, 0x61, 0x02, 0x00, 0x00, 0x0E, 0x00, 0x00, 0x00,
        0x91, 0x96, 0xC5, 0xAD, 0xF2, 0x2E, 0x19, 0xAF, 0x1A, 0x00, 0x00, 0x00, 0xB6, 0xB4, 0x81, 0x9D,
        0x24, 0x8A, 0x06, 0xF1, 0x1B, 0x00, 0x00, 0x00, 0x1E, 0x00, 0x00, 0x00, 0x1E, 0x00, 0x00, 0x00,
        0x8C, 0x00, 0x00, 0x00, 0x53, 0x00, 0x00, 0x00, 0x6A, 0xAE, 0xD8, 0x33, 0x2A, 0x00, 0x00, 0x00,
        0x5A, 0x29, 0xAB, 0x89, 0x1A, 0x00, 0x00, 0x00, 0x1B, 0x00, 0x00, 0x00, 0x25, 0x00, 0x00, 0x00,
        0x67, 0x14, 0x20, 0xAD, 0x1A, 0x00, 0x00, 0x00, 0x1A, 0x00, 0x00, 0x00, 0x6A, 0xAE, 0xD8, 0x33,
        0x21, 0x00, 0x00, 0x00, 0x2A, 0x00, 0x00, 0x00, 0x19, 0x02, 0x00, 0x00, 0x29, 0x00, 0x00, 0x00,
        0x1A, 0x02, 0x00, 0x00, 0x23, 0x00, 0x00, 0x00, 0x19, 0x02, 0x00, 0x00, 0x24, 0x00, 0x00, 0x00,
        0x2C, 0x00, 0x00, 0x00, 0x1A, 0x02, 0x00, 0x00, 0x23, 0x00, 0x00, 0x00, 0x19, 0x02, 0x00, 0x00,
        0x1B, 0x00, 0x00, 0x00, 0x2E, 0x00, 0x00, 0x00, 0x1A, 0x00, 0x00, 0x00, 0x13, 0xF1, 0x4F, 0x26,
        0x1A, 0x00, 0x00, 0x00, 0x1A, 0x00, 0x00, 0x00, 0x65, 0x00, 0x00, 0x00, 0x1B, 0x00, 0x00, 0x00,
        0x24, 0x8A, 0x06, 0xF1, 0x23, 0x00, 0x00, 0x00, 0x67, 0x75, 0x40, 0xE2, 0x23, 0x00, 0x00, 0x00,
        0x59, 0x91, 0x4B, 0x30, 0x23, 0x00, 0x00, 0x00, 0x99, 0x28, 0xE6, 0x8F, 0x1B, 0x00, 0x00, 0x00,
        0x2C, 0x00, 0x00, 0x00, 0x3C, 0x00, 0x00, 0x00, 0x1A, 0x00, 0x00, 0x00, 0x6A, 0xAE, 0xD8, 0x33,
        0x1B, 0x00, 0x00, 0x00, 0x1B, 0x00, 0x00, 0x00, 0x1B, 0x00, 0x00, 0x00, 0x25, 0x00, 0x00, 0x00,
        0x1F, 0x00, 0x00, 0x00, 0x91, 0x96, 0xC5, 0xAD, 0x13, 0x2F, 0x4D, 0x2F, 0x2A, 0x00, 0x00, 0x00,
        0x1A, 0x00, 0x00, 0x00, 0x91, 0x96, 0xC5, 0xAD, 0x1B, 0x00, 0x00, 0x00, 0x19, 0x02, 0x00, 0x00,
        0x25, 0x00, 0x00, 0x00, 0x13, 0x2F, 0x4D, 0x2F, 0x23, 0x00, 0x00, 0x00, 0x31, 0x01, 0x00, 0x00,
        0x2A, 0x00, 0x00, 0x00, 0xD3, 0x85, 0xBE, 0xAE, 0x1A, 0x00, 0x00, 0x00, 0x24, 0x8A, 0x06, 0xF1,
        0x22, 0x00, 0x00, 0x00, 0x18, 0x02, 0x00, 0x00, 0x1B, 0x00, 0x00, 0x00, 0x25, 0x00, 0x00, 0x00,
        0xD8, 0x00, 0x00, 0x00, 0x13, 0x2F, 0x4D, 0x2F, 0x25, 0x00, 0x00, 0x00, 0x1F, 0x00, 0x00, 0x00,
        0x06, 0x00, 0x00, 0x00, 0x26, 0x00, 0x00, 0x00, 0x48, 0x1A, 0xCC, 0x10, 0x61, 0x02, 0x00, 0x00,
        0x0E, 0x00, 0x00, 0x00, 0x91, 0x96, 0xC5, 0xAD, 0xFA, 0x95, 0x43, 0x93, 0x1A, 0x00, 0x00, 0x00,
        0xB6, 0xB4, 0x81, 0x9D, 0x24, 0x8A, 0x06, 0xF1, 0x1B, 0x00, 0x00, 0x00, 0x1E, 0x00, 0x00, 0x00,
        0x91, 0x96, 0xC5, 0xAD, 0x13, 0x2F, 0x4D, 0x2F, 0x2A, 0x00, 0x00, 0x00, 0x1A, 0x00, 0x00, 0x00,
        0x91, 0x96, 0xC5, 0xAD, 0x1B, 0x00, 0x00, 0x00, 0x19, 0x02, 0x00, 0x00, 0x25, 0x00, 0x00, 0x00,
        0x53, 0x00, 0x00, 0x00, 0xD1, 0xFD, 0x8A, 0x62, 0x2A, 0x00, 0x00, 0x00, 0x06, 0xCE, 0x15, 0x35,
        0x1A, 0x00, 0x00, 0x00, 0x24, 0x45, 0x4F, 0xAB, 0x1A, 0x00, 0x00, 0x00, 0xBC, 0xCA, 0x20, 0xF1,
        0x22, 0x00, 0x00, 0x00, 0x24, 0x8A, 0x06, 0xF1, 0x23, 0x00, 0x00, 0x00, 0x67, 0x75, 0x40, 0xE2,
        0x23, 0x00, 0x00, 0x00, 0xCC, 0xDF, 0x38, 0x56, 0x1B, 0x00, 0x00, 0x00, 0x2E, 0x00, 0x00, 0x00,
        0xBC, 0x3F, 0x11, 0xE1, 0x1B, 0x00, 0x00, 0x00, 0x25, 0x00, 0x00, 0x00, 0x67, 0x14, 0x20, 0xAD,
        0x1A, 0x00, 0x00, 0x00, 0xD1, 0xFD, 0x8A, 0x62, 0x2C, 0x00, 0x00, 0x00, 0x34, 0x93, 0x76, 0xCB,
        0x1B, 0x00, 0x00, 0x00, 0x25, 0x00, 0x00, 0x00, 0xD8, 0x00, 0x00, 0x00, 0x13, 0x2F, 0x4D, 0x2F,
        0x25, 0x00, 0x00, 0x00, 0x1F, 0x00, 0x00, 0x00, 0xE9, 0x00, 0x00, 0x00, 0x9D, 0x01, 0x00, 0x00,
        0x20, 0x00, 0x00, 0x00, 0xEA, 0x00, 0x00, 0x00, 0x0A, 0x01, 0x00, 0x00, 0x2A, 0x00, 0x00, 0x00,
        0x27, 0x00, 0x00, 0x00, 0xB6, 0x01, 0x00, 0x00, 0x2A, 0x00, 0x00, 0x00, 0x71, 0x84, 0x87, 0xFB,
        0x25, 0x00, 0x00, 0x00, 0x27, 0x00, 0x00, 0x00, 0x27, 0x00, 0x00, 0x00, 0xBE, 0x01, 0x00, 0x00,
        0x2A, 0x00, 0x00, 0x00, 0x94, 0x01, 0x00, 0x00, 0x25, 0x00, 0x00, 0x00, 0x27, 0x00, 0x00, 0x00,
        0x27, 0x00, 0x00, 0x00, 0xB8, 0x01, 0x00, 0x00, 0x2A, 0x00, 0x00, 0x00, 0x1C, 0x3B, 0x31, 0x54,
        0x25, 0x00, 0x00, 0x00, 0x27, 0x00, 0x00, 0x00, 0x27, 0x00, 0x00, 0x00, 0xB9, 0x01, 0x00, 0x00,
        0x2A, 0x00, 0x00, 0x00, 0x2C, 0xB1, 0x34, 0x24, 0x25, 0x00, 0x00, 0x00, 0x27, 0x00, 0x00, 0x00,
        0x27, 0x00, 0x00, 0x00, 0xB7, 0x01, 0x00, 0x00, 0x2A, 0x00, 0x00, 0x00, 0xCC, 0x31, 0x65, 0x1B,
        0x25, 0x00, 0x00, 0x00, 0x27, 0x00, 0x00, 0x00, 0x21, 0x00, 0x00, 0x00, 0x1E, 0x00, 0x00, 0x00,
        0x06, 0x00, 0x00, 0x00, 0x26, 0x00, 0x00, 0x00, 0xDD, 0x39, 0x9C, 0x4A, 0x36, 0x01, 0x00, 0x00,
        0x24, 0x60, 0x1E, 0xC6, 0x1E, 0x00, 0x00, 0x00, 0x39, 0x01, 0x00, 0x00, 0x2A, 0x00, 0x00, 0x00,
        0x74, 0x89, 0x43, 0xF9, 0x1A, 0x00, 0x00, 0x00, 0x1B, 0x00, 0x00, 0x00, 0x74, 0x89, 0x43, 0xF9,
        0x25, 0x00, 0x00, 0x00, 0x3A, 0x01, 0x00, 0x00, 0x2A, 0x00, 0x00, 0x00, 0xE5, 0x9B, 0xAC, 0x6E,
        0x1A, 0x00, 0x00, 0x00, 0x1B, 0x00, 0x00, 0x00, 0xF2, 0x2E, 0x19, 0xAF, 0x25, 0x00, 0x00, 0x00,
        0x3F, 0x01, 0x00, 0x00, 0x2A, 0x00, 0x00, 0x00, 0x17, 0x02, 0x00, 0x00, 0x25, 0x00, 0x00, 0x00,
        0x40, 0x01, 0x00, 0x00, 0x2A, 0x00, 0x00, 0x00, 0x17, 0x02, 0x00, 0x00, 0x25, 0x00, 0x00, 0x00,
        0x47, 0x01, 0x00, 0x00, 0x2A, 0x00, 0x00, 0x00, 0x52, 0x01, 0x00, 0x00, 0x25, 0x00, 0x00, 0x00,
        0x41, 0x01, 0x00, 0x00, 0x2A, 0x00, 0x00, 0x00, 0x4A, 0x01, 0x00, 0x00, 0x25, 0x00, 0x00, 0x00,
        0x1F, 0x00, 0x00, 0x00, 0x0E, 0x00, 0x00, 0x00, 0x06, 0x00, 0x00, 0x00, 0xDD, 0x39, 0x9C, 0x4A,
        0x36, 0x01, 0x00, 0x00, 0x6A, 0xE7, 0xC7, 0x05, 0x1E, 0x00, 0x00, 0x00, 0x39, 0x01, 0x00, 0x00,
        0x2A, 0x00, 0x00, 0x00, 0x74, 0x89, 0x43, 0xF9, 0x1A, 0x00, 0x00, 0x00, 0x1B, 0x00, 0x00, 0x00,
        0x74, 0x89, 0x43, 0xF9, 0x25, 0x00, 0x00, 0x00, 0x3A, 0x01, 0x00, 0x00, 0x2A, 0x00, 0x00, 0x00,
        0xF2, 0x2E, 0x19, 0xAF, 0x1A, 0x00, 0x00, 0x00, 0x1B, 0x00, 0x00, 0x00, 0xF2, 0x2E, 0x19, 0xAF,
        0x25, 0x00, 0x00, 0x00, 0x3F, 0x01, 0x00, 0x00, 0x2A, 0x00, 0x00, 0x00, 0x17, 0x02, 0x00, 0x00,
        0x25, 0x00, 0x00, 0x00, 0x40, 0x01, 0x00, 0x00, 0x2A, 0x00, 0x00, 0x00, 0x18, 0x02, 0x00, 0x00,
        0x25, 0x00, 0x00, 0x00, 0x47, 0x01, 0x00, 0x00, 0x2A, 0x00, 0x00, 0x00, 0x51, 0x01, 0x00, 0x00,
        0x25, 0x00, 0x00, 0x00, 0x41, 0x01, 0x00, 0x00, 0x2A, 0x00, 0x00, 0x00, 0x4E, 0x01, 0x00, 0x00,
        0x25, 0x00, 0x00, 0x00, 0x42, 0x01, 0x00, 0x00, 0x2A, 0x00, 0x00, 0x00, 0x64, 0x01, 0x00, 0x00,
        0x25, 0x00, 0x00, 0x00, 0x43, 0x01, 0x00, 0x00, 0x2A, 0x00, 0x00, 0x00, 0x66, 0x01, 0x00, 0x00,
        0x25, 0x00, 0x00, 0x00, 0x44, 0x01, 0x00, 0x00, 0x2A, 0x00, 0x00, 0x00, 0x17, 0x02, 0x00, 0x00,
        0x25, 0x00, 0x00, 0x00, 0x49, 0x01, 0x00, 0x00, 0x2A, 0x00, 0x00, 0x00, 0x17, 0x02, 0x00, 0x00,
        0x25, 0x00, 0x00, 0x00, 0x1F, 0x00, 0x00, 0x00, 0x0E, 0x00, 0x00, 0x00, 0x1F, 0x00, 0x00, 0x00,
        0x06, 0x00, 0x00, 0x00, 0x99, 0x81, 0xB3, 0x7B, 0xE9, 0x00, 0x00, 0x00, 0x74, 0x85, 0x81, 0xCD,
        0x20, 0x00, 0x00, 0x00, 0xEA, 0x00, 0x00, 0x00, 0x0A, 0x01, 0x00, 0x00, 0x2A, 0x00, 0x00, 0x00,
        0x27, 0x00, 0x00, 0x00, 0xC0, 0x01, 0x00, 0x00, 0x2A, 0x00, 0x00, 0x00, 0x9D, 0x01, 0x00, 0x00,
        0x25, 0x00, 0x00, 0x00, 0x27, 0x00, 0x00, 0x00, 0x21, 0x00, 0x00, 0x00, 0x1E, 0x00, 0x00, 0x00,
        0x36, 0x01, 0x00, 0x00, 0xA5, 0x5B, 0x3F, 0x48, 0x1E, 0x00, 0x00, 0x00, 0x39, 0x01, 0x00, 0x00,
        0x2A, 0x00, 0x00, 0x00, 0x74, 0x89, 0x43, 0xF9, 0x1A, 0x00, 0x00, 0x00, 0x1B, 0x00, 0x00, 0x00,
        0x74, 0x89, 0x43, 0xF9, 0x25, 0x00, 0x00, 0x00, 0x3A, 0x01, 0x00, 0x00, 0x2A, 0x00, 0x00, 0x00,
        0xF2, 0x2E, 0x19, 0xAF, 0x1A, 0x00, 0x00, 0x00, 0x1B, 0x00, 0x00, 0x00, 0xF2, 0x2E, 0x19, 0xAF,
        0x25, 0x00, 0x00, 0x00, 0x3F, 0x01, 0x00, 0x00, 0x2A, 0x00, 0x00, 0x00, 0x17, 0x02, 0x00, 0x00,
        0x25, 0x00, 0x00, 0x00, 0x40, 0x01, 0x00, 0x00, 0x2A, 0x00, 0x00, 0x00, 0x18, 0x02, 0x00, 0x00,
        0x25, 0x00, 0x00, 0x00, 0x47, 0x01, 0x00, 0x00, 0x2A, 0x00, 0x00, 0x00, 0x51, 0x01, 0x00, 0x00,
        0x25, 0x00, 0x00, 0x00, 0x41, 0x01, 0x00, 0x00, 0x2A, 0x00, 0x00, 0x00, 0x4F, 0x01, 0x00, 0x00,
        0x25, 0x00, 0x00, 0x00, 0x42, 0x01, 0x00, 0x00, 0x2A, 0x00, 0x00, 0x00, 0x64, 0x01, 0x00, 0x00,
        0x25, 0x00, 0x00, 0x00, 0x43, 0x01, 0x00, 0x00, 0x2A, 0x00, 0x00, 0x00, 0x66, 0x01, 0x00, 0x00,
        0x25, 0x00, 0x00, 0x00, 0x44, 0x01, 0x00, 0x00, 0x2A, 0x00, 0x00, 0x00, 0x17, 0x02, 0x00, 0x00,
        0x25, 0x00, 0x00, 0x00, 0x49, 0x01, 0x00, 0x00, 0x2A, 0x00, 0x00, 0x00, 0x17, 0x02, 0x00, 0x00,
        0x25, 0x00, 0x00, 0x00, 0x1F, 0x00, 0x00, 0x00, 0x1F, 0x00, 0x00, 0x00, 0xE9, 0x00, 0x00, 0x00,
        0x1F, 0x97, 0xBA, 0x46, 0x20, 0x00, 0x00, 0x00, 0xEA, 0x00, 0x00, 0x00, 0x0A, 0x01, 0x00, 0x00,
        0x2A, 0x00, 0x00, 0x00, 0x27, 0x00, 0x00, 0x00, 0xC0, 0x01, 0x00, 0x00, 0x2A, 0x00, 0x00, 0x00,
        0x74, 0x85, 0x81, 0xCD, 0x25, 0x00, 0x00, 0x00, 0x27, 0x00, 0x00, 0x00, 0x21, 0x00, 0x00, 0x00,
        0x1E, 0x00, 0x00, 0x00, 0x36, 0x01, 0x00, 0x00, 0xA5, 0x5B, 0x3F, 0x48, 0x1E, 0x00, 0x00, 0x00,
        0x39, 0x01, 0x00, 0x00, 0x2A, 0x00, 0x00, 0x00, 0x74, 0x89, 0x43, 0xF9, 0x1A, 0x00, 0x00, 0x00,
        0x1B, 0x00, 0x00, 0x00, 0x74, 0x89, 0x43, 0xF9, 0x25, 0x00, 0x00, 0x00, 0x3A, 0x01, 0x00, 0x00,
        0x2A, 0x00, 0x00, 0x00, 0xF2, 0x2E, 0x19, 0xAF, 0x1A, 0x00, 0x00, 0x00, 0x1B, 0x00, 0x00, 0x00,
        0xF2, 0x2E, 0x19, 0xAF, 0x25, 0x00, 0x00, 0x00, 0x3F, 0x01, 0x00, 0x00, 0x2A, 0x00, 0x00, 0x00,
        0x17, 0x02, 0x00, 0x00, 0x25, 0x00, 0x00, 0x00, 0x40, 0x01, 0x00, 0x00, 0x2A, 0x00, 0x00, 0x00,
        0x18, 0x02, 0x00, 0x00, 0x25, 0x00, 0x00, 0x00, 0x47, 0x01, 0x00, 0x00, 0x2A, 0x00, 0x00, 0x00,
        0x51, 0x01, 0x00, 0x00, 0x25, 0x00, 0x00, 0x00, 0x41, 0x01, 0x00, 0x00, 0x2A, 0x00, 0x00, 0x00,
        0x4E, 0x01, 0x00, 0x00, 0x25, 0x00, 0x00, 0x00, 0x42, 0x01, 0x00, 0x00, 0x2A, 0x00, 0x00, 0x00,
        0x64, 0x01, 0x00, 0x00, 0x25, 0x00, 0x00, 0x00, 0x43, 0x01, 0x00, 0x00, 0x2A, 0x00, 0x00, 0x00,
        0x66, 0x01, 0x00, 0x00, 0x25, 0x00, 0x00, 0x00, 0x44, 0x01, 0x00, 0x00, 0x2A, 0x00, 0x00, 0x00,
        0x17, 0x02, 0x00, 0x00, 0x25, 0x00, 0x00, 0x00, 0x49, 0x01, 0x00, 0x00, 0x2A, 0x00, 0x00, 0x00,
        0x17, 0x02, 0x00, 0x00, 0x25, 0x00, 0x00, 0x00, 0x1F, 0x00, 0x00, 0x00, 0x1F, 0x00, 0x00, 0x00,
        0x0E, 0x00, 0x00, 0x00, 0x8E, 0x00, 0x00, 0x00, 0x79, 0xF4, 0xCF, 0xEE, 0x1E, 0x00, 0x00, 0x00,
        0x02, 0x4C, 0x63, 0x31, 0xB3, 0xB3, 0xB2, 0xE6, 0x56, 0x00, 0x00, 0x00, 0xCC, 0xDF, 0x38, 0x56,
        0x24, 0x00, 0x00, 0x00, 0x90, 0x00, 0x00, 0x00, 0x25, 0x00, 0x00, 0x00, 0x1F, 0x00, 0x00, 0x00,
        0x25, 0x00, 0x00, 0x00, 0x8E, 0x00, 0x00, 0x00, 0xF8, 0xF5, 0xC8, 0x16, 0x1E, 0x00, 0x00, 0x00,
        0x02, 0x4C, 0x63, 0x31, 0xB3, 0xB3, 0xB2, 0xE6, 0x56, 0x00, 0x00, 0x00, 0xCC, 0xDF, 0x38, 0x56,
        0x24, 0x00, 0x00, 0x00, 0x90, 0x00, 0x00, 0x00, 0x25, 0x00, 0x00, 0x00, 0x6F, 0x00, 0x00, 0x00,
        0x74, 0xAA, 0xD6, 0x79, 0x24, 0x00, 0x00, 0x00, 0x90, 0x00, 0x00, 0x00, 0x25, 0x00, 0x00, 0x00,
        0x6F, 0x00, 0x00, 0x00, 0x10, 0xAB, 0x61, 0x80, 0x24, 0x00, 0x00, 0x00, 0x90, 0x00, 0x00, 0x00,
        0x25, 0x00, 0x00, 0x00, 0x09, 0x00, 0x00, 0x00, 0x0F, 0xD7, 0x12, 0x46, 0x11, 0x00, 0x00, 0x00,
        0x11, 0x00, 0x00, 0x00, 0x26, 0x00, 0x00, 0x00, 0x2B, 0xFF, 0x10, 0x95, 0x55, 0x00, 0x00, 0x00,
        0x61, 0x30, 0xCB, 0xC6, 0x24, 0x00, 0x00, 0x00, 0x90, 0x00, 0x00, 0x00, 0x25, 0x00, 0x00, 0x00,
        0x0E, 0x00, 0x00, 0x00, 0x1F, 0x00, 0x00, 0x00, 0x25, 0x00, 0x00, 0x00, 0x79, 0xF4, 0xCF, 0xEE,
        0xC3, 0xBF, 0x77, 0x91, 0x1A, 0x00, 0x00, 0x00, 0x7A, 0x80, 0x9D, 0x1D, 0x24, 0x8A, 0x06, 0xF1,
        0x1B, 0x00, 0x00, 0x00, 0x1E, 0x00, 0x00, 0x00, 0x79, 0xF4, 0xCF, 0xEE, 0x13, 0x2F, 0x4D, 0x2F,
        0x2A, 0x00, 0x00, 0x00, 0x1A, 0x00, 0x00, 0x00, 0x79, 0xF4, 0xCF, 0xEE, 0x1B, 0x00, 0x00, 0x00,
        0x19, 0x02, 0x00, 0x00, 0x25, 0x00, 0x00, 0x00, 0x42, 0x23, 0x38, 0x0E, 0x2A, 0x4B, 0xC1, 0xDC,
        0x2A, 0x00, 0x00, 0x00, 0x1A, 0x00, 0x00, 0x00, 0x42, 0x23, 0x38, 0x0E, 0x1B, 0x00, 0x00, 0x00,
        0x19, 0x02, 0x00, 0x00, 0x25, 0x00, 0x00, 0x00, 0x95, 0xFC, 0x09, 0xB9, 0x1A, 0x00, 0x00, 0x00,
        0x24, 0x8A, 0x06, 0xF1, 0x22, 0x00, 0x00, 0x00, 0x2A, 0x4B, 0xC1, 0xDC, 0x1B, 0x00, 0x00, 0x00,
        0x25, 0x00, 0x00, 0x00, 0x42, 0x23, 0x38, 0x0E, 0xE0, 0x72, 0x14, 0xF2, 0x2A, 0x00, 0x00, 0x00,
        0x1A, 0x00, 0x00, 0x00, 0x42, 0x23, 0x38, 0x0E, 0x1B, 0x00, 0x00, 0x00, 0x2A, 0x4B, 0xC1, 0xDC,
        0x25, 0x00, 0x00, 0x00, 0x13, 0x2F, 0x4D, 0x2F, 0x23, 0x00, 0x00, 0x00, 0x7B, 0xEC, 0x3B, 0x59,
        0x2A, 0x00, 0x00, 0x00, 0xA9, 0x7D, 0x8A, 0x88, 0x1A, 0x00, 0x00, 0x00, 0xFD, 0x72, 0xFA, 0x55,
        0x22, 0x00, 0x00, 0x00, 0x2A, 0x4B, 0xC1, 0xDC, 0x1B, 0x00, 0x00, 0x00, 0x25, 0x00, 0x00, 0x00,
        0x09, 0x00, 0x00, 0x00, 0xCB, 0xA6, 0x86, 0x3B, 0x10, 0x00, 0x00, 0x00, 0x10, 0x00, 0x00, 0x00,
        0xDA, 0xC0, 0xA8, 0x86, 0x55, 0x00, 0x00, 0x00, 0xFE, 0x32, 0xEE, 0xEC, 0x2A, 0x00, 0x00, 0x00,
        0x4B, 0xC3, 0x52, 0xCE, 0x1A, 0x00, 0x00, 0x00, 0x30, 0x00, 0x00, 0x00, 0x1A, 0x00, 0x00, 0x00,
        0x1A, 0x00, 0x00, 0x00, 0x8C, 0x00, 0x00, 0x00, 0x5A, 0x00, 0x00, 0x00, 0x1B, 0x00, 0x00, 0x00,
        0x2A, 0x4B, 0xC1, 0xDC, 0x23, 0x00, 0x00, 0x00, 0x3B, 0x99, 0x21, 0x61, 0x22, 0x00, 0x00, 0x00,
        0x2A, 0x4B, 0xC1, 0xDC, 0x23, 0x00, 0x00, 0x00, 0xD6, 0x43, 0x74, 0x7A, 0x1C, 0x00, 0x00, 0x00,
        0x19, 0x02, 0x00, 0x00, 0x1D, 0x00, 0x00, 0x00, 0x1B, 0x00, 0x00, 0x00, 0x1B, 0x00, 0x00, 0x00,
        0x25, 0x00, 0x00, 0x00, 0x55, 0x00, 0x00, 0x00, 0x5D, 0xA7, 0x8A, 0x72, 0x2A, 0x00, 0x00, 0x00,
        0x4B, 0xC3, 0x52, 0xCE, 0x1A, 0x00, 0x00, 0x00, 0x30, 0x00, 0x00, 0x00, 0x1A, 0x00, 0x00, 0x00,
        0x1A, 0x00, 0x00, 0x00, 0x8C, 0x00, 0x00, 0x00, 0x5A, 0x00, 0x00, 0x00, 0x1B, 0x00, 0x00, 0x00,
        0x2A, 0x4B, 0xC1, 0xDC, 0x23, 0x00, 0x00, 0x00, 0x3B, 0x99, 0x21, 0x61, 0x22, 0x00, 0x00, 0x00,
        0x2A, 0x4B, 0xC1, 0xDC, 0x23, 0x00, 0x00, 0x00, 0xD6, 0x43, 0x74, 0x7A, 0x1C, 0x00, 0x00, 0x00,
        0x1A, 0x02, 0x00, 0x00, 0x1D, 0x00, 0x00, 0x00, 0x1B, 0x00, 0x00, 0x00, 0x1B, 0x00, 0x00, 0x00,
        0x25, 0x00, 0x00, 0x00, 0x55, 0x00, 0x00, 0x00, 0x27, 0x5E, 0xE8, 0x8F, 0x2A, 0x00, 0x00, 0x00,
        0x4B, 0xC3, 0x52, 0xCE, 0x1A, 0x00, 0x00, 0x00, 0x30, 0x00, 0x00, 0x00, 0x1A, 0x00, 0x00, 0x00,
        0x1A, 0x00, 0x00, 0x00, 0x8C, 0x00, 0x00, 0x00, 0x5A, 0x00, 0x00, 0x00, 0x1B, 0x00, 0x00, 0x00,
        0x2A, 0x4B, 0xC1, 0xDC, 0x23, 0x00, 0x00, 0x00, 0x3B, 0x99, 0x21, 0x61, 0x22, 0x00, 0x00, 0x00,
        0x2A, 0x4B, 0xC1, 0xDC, 0x23, 0x00, 0x00, 0x00, 0xD6, 0x43, 0x74, 0x7A, 0x1C, 0x00, 0x00, 0x00,
        0x1B, 0x02, 0x00, 0x00, 0x1D, 0x00, 0x00, 0x00, 0x1B, 0x00, 0x00, 0x00, 0x1B, 0x00, 0x00, 0x00,
        0x25, 0x00, 0x00, 0x00, 0x06, 0x00, 0x00, 0x00, 0xDA, 0xC0, 0xA8, 0x86, 0x2A, 0x4B, 0xC1, 0xDC,
        0x23, 0x00, 0x00, 0x00, 0x36, 0x36, 0x86, 0xAE, 0x23, 0x00, 0x00, 0x00, 0x67, 0xBA, 0x8E, 0xEB,
        0x2B, 0x00, 0x00, 0x00, 0x2A, 0x00, 0x00, 0x00, 0x14, 0x8A, 0x4C, 0x1D, 0x23, 0x00, 0x00, 0x00,
        0x67, 0xBA, 0x8E, 0xEB, 0x25, 0x00, 0x00, 0x00, 0x2A, 0x4B, 0xC1, 0xDC, 0x23, 0x00, 0x00, 0x00,
        0x36, 0x36, 0x86, 0xAE, 0x23, 0x00, 0x00, 0x00, 0x67, 0xBA, 0x8E, 0xEB, 0x2B, 0x00, 0x00, 0x00,
        0x2A, 0x00, 0x00, 0x00, 0xBD, 0x46, 0x16, 0xBB, 0x1A, 0x00, 0x00, 0x00, 0x2A, 0x4B, 0xC1, 0xDC,
        0x22, 0x00, 0x00, 0x00, 0x5D, 0xA7, 0x8A, 0x72, 0x1B, 0x00, 0x00, 0x00, 0x25, 0x00, 0x00, 0x00,
        0x13, 0x2F, 0x4D, 0x2F, 0x23, 0x00, 0x00, 0x00, 0x7B, 0xEC, 0x3B, 0x59, 0x2A, 0x00, 0x00, 0x00,
        0x30, 0x00, 0x00, 0x00, 0x1A, 0x00, 0x00, 0x00, 0xFD, 0x72, 0xFA, 0x55, 0x22, 0x00, 0x00, 0x00,
        0x56, 0x00, 0x00, 0x00, 0x1A, 0x00, 0x00, 0x00, 0x2A, 0x4B, 0xC1, 0xDC, 0x23, 0x00, 0x00, 0x00,
        0x36, 0x36, 0x86, 0xAE, 0x23, 0x00, 0x00, 0x00, 0x67, 0xBA, 0x8E, 0xEB, 0x2C, 0x00, 0x00, 0x00,
        0x14, 0x8A, 0x4C, 0x1D, 0x23, 0x00, 0x00, 0x00, 0x67, 0xBA, 0x8E, 0xEB, 0x22, 0x00, 0x00, 0x00,
        0x1A, 0x02, 0x00, 0x00, 0x1B, 0x00, 0x00, 0x00, 0x1B, 0x00, 0x00, 0x00, 0x25, 0x00, 0x00, 0x00,
        0x2A, 0x4B, 0xC1, 0xDC, 0x23, 0x00, 0x00, 0x00, 0x36, 0x36, 0x86, 0xAE, 0x23, 0x00, 0x00, 0x00,
        0x67, 0xBA, 0x8E, 0xEB, 0x2C, 0x00, 0x00, 0x00, 0x2A, 0x00, 0x00, 0x00, 0x14, 0x8A, 0x4C, 0x1D,
        0x23, 0x00, 0x00, 0x00, 0x67, 0xBA, 0x8E, 0xEB, 0x25, 0x00, 0x00, 0x00, 0x0E, 0x00, 0x00, 0x00,
        0x56, 0x00, 0x00, 0x00, 0xCC, 0xDF, 0x38, 0x56, 0x2A, 0x00, 0x00, 0x00, 0x2A, 0x4B, 0xC1, 0xDC,
        0x23, 0x00, 0x00, 0x00, 0xCC, 0xDF, 0x38, 0x56, 0x25, 0x00, 0x00, 0x00, 0xBD, 0x64, 0xF5, 0xAE,
        0x1A, 0x00, 0x00, 0x00, 0xCC, 0xDF, 0x38, 0x56, 0x22, 0x00, 0x00, 0x00, 0x13, 0x2F, 0x4D, 0x2F,
        0x23, 0x00, 0x00, 0x00, 0xCC, 0xDF, 0x38, 0x56, 0x22, 0x00, 0x00, 0x00, 0x2A, 0x4B, 0xC1, 0xDC,
        0x23, 0x00, 0x00, 0x00, 0xE6, 0x00, 0x00, 0x00, 0x22, 0x00, 0x00, 0x00, 0x2A, 0x4B, 0xC1, 0xDC,
        0x23, 0x00, 0x00, 0x00, 0xD6, 0x43, 0x74, 0x7A, 0x1C, 0x00, 0x00, 0x00, 0x1B, 0x02, 0x00, 0x00,
        0x1D, 0x00, 0x00, 0x00, 0x22, 0x00, 0x00, 0x00, 0x88, 0x25, 0x24, 0x98, 0x1B, 0x00, 0x00, 0x00,
        0x25, 0x00, 0x00, 0x00, 0x09, 0x00, 0x00, 0x00, 0xCB, 0xA6, 0x86, 0x3B, 0x10, 0x00, 0x00, 0x00,
        0x10, 0x00, 0x00, 0x00, 0x94, 0xF7, 0x41, 0x0B, 0x13, 0x2F, 0x4D, 0x2F, 0x23, 0x00, 0x00, 0x00,
        0xCC, 0xDF, 0x38, 0x56, 0x23, 0x00, 0x00, 0x00, 0xEC, 0x65, 0x77, 0x91, 0x2A, 0x00, 0x00, 0x00,
        0x54, 0x00, 0x00, 0x00, 0x1A, 0x00, 0x00, 0x00, 0xB0, 0x13, 0x1F, 0xF9, 0x1A, 0x00, 0x00, 0x00,
        0x1B, 0x00, 0x00, 0x00, 0x22, 0x00, 0x00, 0x00, 0x5A, 0x29, 0xAB, 0x89, 0x1A, 0x00, 0x00, 0x00,
        0x1B, 0x00, 0x00, 0x00, 0x1B, 0x00, 0x00, 0x00, 0x25, 0x00, 0x00, 0x00, 0x0E, 0x00, 0x00, 0x00,
        0x0E, 0x00, 0x00, 0x00, 0xD8, 0x00, 0x00, 0x00, 0x13, 0x2F, 0x4D, 0x2F, 0x25, 0x00, 0x00, 0x00,
        0x1F, 0x00, 0x00, 0x00, 0xF8, 0xF5, 0xC8, 0x16, 0x6A, 0x1C, 0xAB, 0x83, 0x1A, 0x00, 0x00, 0x00,
        0x9B, 0xC6, 0x11, 0x55, 0x24, 0x8A, 0x06, 0xF1, 0x1B, 0x00, 0x00, 0x00, 0x1E, 0x00, 0x00, 0x00,
        0xF8, 0xF5, 0xC8, 0x16, 0x13, 0x2F, 0x4D, 0x2F, 0x2A, 0x00, 0x00, 0x00, 0x1A, 0x00, 0x00, 0x00,
        0xF8, 0xF5, 0xC8, 0x16, 0x1B, 0x00, 0x00, 0x00, 0x19, 0x02, 0x00, 0x00, 0x25, 0x00, 0x00, 0x00,
        0x42, 0x23, 0x38, 0x0E, 0x2A, 0x4B, 0xC1, 0xDC, 0x2A, 0x00, 0x00, 0x00, 0x1A, 0x00, 0x00, 0x00,
        0x42, 0x23, 0x38, 0x0E, 0x1B, 0x00, 0x00, 0x00, 0x19, 0x02, 0x00, 0x00, 0x25, 0x00, 0x00, 0x00,
        0x73, 0xB8, 0x17, 0x47, 0x1A, 0x00, 0x00, 0x00, 0x24, 0x8A, 0x06, 0xF1, 0x22, 0x00, 0x00, 0x00,
        0x2A, 0x4B, 0xC1, 0xDC, 0x1B, 0x00, 0x00, 0x00, 0x25, 0x00, 0x00, 0x00, 0x42, 0x23, 0x38, 0x0E,
        0xE0, 0x72, 0x14, 0xF2, 0x2A, 0x00, 0x00, 0x00, 0x1A, 0x00, 0x00, 0x00, 0x42, 0x23, 0x38, 0x0E,
        0x1B, 0x00, 0x00, 0x00, 0x2A, 0x4B, 0xC1, 0xDC, 0x25, 0x00, 0x00, 0x00, 0x13, 0x2F, 0x4D, 0x2F,
        0x23, 0x00, 0x00, 0x00, 0x7B, 0xEC, 0x3B, 0x59, 0x2A, 0x00, 0x00, 0x00, 0xA9, 0x7D, 0x8A, 0x88,
        0x1A, 0x00, 0x00, 0x00, 0xFD, 0x72, 0xFA, 0x55, 0x22, 0x00, 0x00, 0x00, 0x2A, 0x4B, 0xC1, 0xDC,
        0x1B, 0x00, 0x00, 0x00, 0x25, 0x00, 0x00, 0x00, 0x09, 0x00, 0x00, 0x00, 0x0F, 0xD7, 0x12, 0x46,
        0x11, 0x00, 0x00, 0x00, 0x11, 0x00, 0x00, 0x00, 0x26, 0x00, 0x00, 0x00, 0x2B, 0xFF, 0x10, 0x95,
        0xE0, 0x72, 0x14, 0xF2, 0x23, 0x00, 0x00, 0x00, 0x0A, 0x43, 0x31, 0xF8, 0x2A, 0x00, 0x00, 0x00,
        0x2A, 0x4B, 0xC1, 0xDC, 0x23, 0x00, 0x00, 0x00, 0xE6, 0x00, 0x00, 0x00, 0x25, 0x00, 0x00, 0x00,
        0x13, 0x2F, 0x4D, 0x2F, 0x23, 0x00, 0x00, 0x00, 0x61, 0x30, 0xCB, 0xC6, 0x23, 0x00, 0x00, 0x00,
        0x67, 0xBA, 0x8E, 0xEB, 0x2A, 0x00, 0x00, 0x00, 0x76, 0x97, 0x8E, 0xAD, 0x1A, 0x00, 0x00, 0x00,
        0xC3, 0x05, 0x35, 0xBD, 0x1A, 0x00, 0x00, 0x00, 0xFD, 0x72, 0xFA, 0x55, 0x22, 0x00, 0x00, 0x00,
        0xE0, 0x72, 0x14, 0xF2, 0x1B, 0x00, 0x00, 0x00, 0x1B, 0x00, 0x00, 0x00, 0x23, 0x00, 0x00, 0x00,
        0xDA, 0xC6, 0x3F, 0x95, 0x25, 0x00, 0x00, 0x00, 0x0E, 0x00, 0x00, 0x00, 0x55, 0x00, 0x00, 0x00,
        0xFE, 0x32, 0xEE, 0xEC, 0x2A, 0x00, 0x00, 0x00, 0x4B, 0xC3, 0x52, 0xCE, 0x1A, 0x00, 0x00, 0x00,
        0x30, 0x00, 0x00, 0x00, 0x1A, 0x00, 0x00, 0x00, 0x1A, 0x00, 0x00, 0x00, 0x8C, 0x00, 0x00, 0x00,
        0x5A, 0x00, 0x00, 0x00, 0x1B, 0x00, 0x00, 0x00, 0x2A, 0x4B, 0xC1, 0xDC, 0x23, 0x00, 0x00, 0x00,
        0x3B, 0x99, 0x21, 0x61, 0x22, 0x00, 0x00, 0x00, 0x2A, 0x4B, 0xC1, 0xDC, 0x23, 0x00, 0x00, 0x00,
        0xD6, 0x43, 0x74, 0x7A, 0x1C, 0x00, 0x00, 0x00, 0x19, 0x02, 0x00, 0x00, 0x1D, 0x00, 0x00, 0x00,
        0x1B, 0x00, 0x00, 0x00, 0x1B, 0x00, 0x00, 0x00, 0x25, 0x00, 0x00, 0x00, 0x55, 0x00, 0x00, 0x00,
        0x5D, 0xA7, 0x8A, 0x72, 0x2A, 0x00, 0x00, 0x00, 0x4B, 0xC3, 0x52, 0xCE, 0x1A, 0x00, 0x00, 0x00,
        0x30, 0x00, 0x00, 0x00, 0x1A, 0x00, 0x00, 0x00, 0x1A, 0x00, 0x00, 0x00, 0x8C, 0x00, 0x00, 0x00,
        0x5A, 0x00, 0x00, 0x00, 0x1B, 0x00, 0x00, 0x00, 0x2A, 0x4B, 0xC1, 0xDC, 0x23, 0x00, 0x00, 0x00,
        0x3B, 0x99, 0x21, 0x61, 0x22, 0x00, 0x00, 0x00, 0x2A, 0x4B, 0xC1, 0xDC, 0x23, 0x00, 0x00, 0x00,
        0xD6, 0x43, 0x74, 0x7A, 0x1C, 0x00, 0x00, 0x00, 0x1A, 0x02, 0x00, 0x00, 0x1D, 0x00, 0x00, 0x00,
        0x1B, 0x00, 0x00, 0x00, 0x1B, 0x00, 0x00, 0x00, 0x25, 0x00, 0x00, 0x00, 0x55, 0x00, 0x00, 0x00,
        0x27, 0x5E, 0xE8, 0x8F, 0x2A, 0x00, 0x00, 0x00, 0x4B, 0xC3, 0x52, 0xCE, 0x1A, 0x00, 0x00, 0x00,
        0x30, 0x00, 0x00, 0x00, 0x1A, 0x00, 0x00, 0x00, 0x1A, 0x00, 0x00, 0x00, 0x8C, 0x00, 0x00, 0x00,
        0x5A, 0x00, 0x00, 0x00, 0x1B, 0x00, 0x00, 0x00, 0x2A, 0x4B, 0xC1, 0xDC, 0x23, 0x00, 0x00, 0x00,
        0x3B, 0x99, 0x21, 0x61, 0x22, 0x00, 0x00, 0x00, 0x2A, 0x4B, 0xC1, 0xDC, 0x23, 0x00, 0x00, 0x00,
        0xD6, 0x43, 0x74, 0x7A, 0x1C, 0x00, 0x00, 0x00, 0x1B, 0x02, 0x00, 0x00, 0x1D, 0x00, 0x00, 0x00,
        0x1B, 0x00, 0x00, 0x00, 0x1B, 0x00, 0x00, 0x00, 0x25, 0x00, 0x00, 0x00, 0x06, 0x00, 0x00, 0x00,
        0xDA, 0xC0, 0xA8, 0x86, 0x2A, 0x4B, 0xC1, 0xDC, 0x23, 0x00, 0x00, 0x00, 0x36, 0x36, 0x86, 0xAE,
        0x23, 0x00, 0x00, 0x00, 0x67, 0xBA, 0x8E, 0xEB, 0x2B, 0x00, 0x00, 0x00, 0x2A, 0x00, 0x00, 0x00,
        0x14, 0x8A, 0x4C, 0x1D, 0x23, 0x00, 0x00, 0x00, 0x67, 0xBA, 0x8E, 0xEB, 0x25, 0x00, 0x00, 0x00,
        0x2A, 0x4B, 0xC1, 0xDC, 0x23, 0x00, 0x00, 0x00, 0x36, 0x36, 0x86, 0xAE, 0x23, 0x00, 0x00, 0x00,
        0x67, 0xBA, 0x8E, 0xEB, 0x2B, 0x00, 0x00, 0x00, 0x2A, 0x00, 0x00, 0x00, 0xBD, 0x46, 0x16, 0xBB,
        0x1A, 0x00, 0x00, 0x00, 0x2A, 0x4B, 0xC1, 0xDC, 0x22, 0x00, 0x00, 0x00, 0x5D, 0xA7, 0x8A, 0x72,
        0x1B, 0x00, 0x00, 0x00, 0x25, 0x00, 0x00, 0x00, 0x13, 0x2F, 0x4D, 0x2F, 0x23, 0x00, 0x00, 0x00,
        0x7B, 0xEC, 0x3B, 0x59, 0x2A, 0x00, 0x00, 0x00, 0x30, 0x00, 0x00, 0x00, 0x1A, 0x00, 0x00, 0x00,
        0xFD, 0x72, 0xFA, 0x55, 0x22, 0x00, 0x00, 0x00, 0x56, 0x00, 0x00, 0x00, 0x1A, 0x00, 0x00, 0x00,
        0x2A, 0x4B, 0xC1, 0xDC, 0x23, 0x00, 0x00, 0x00, 0x36, 0x36, 0x86, 0xAE, 0x23, 0x00, 0x00, 0x00,
        0x67, 0xBA, 0x8E, 0xEB, 0x2C, 0x00, 0x00, 0x00, 0x14, 0x8A, 0x4C, 0x1D, 0x23, 0x00, 0x00, 0x00,
        0x67, 0xBA, 0x8E, 0xEB, 0x22, 0x00, 0x00, 0x00, 0x1A, 0x02, 0x00, 0x00, 0x1B, 0x00, 0x00, 0x00,
        0x1B, 0x00, 0x00, 0x00, 0x25, 0x00, 0x00, 0x00, 0x2A, 0x4B, 0xC1, 0xDC, 0x23, 0x00, 0x00, 0x00,
        0x36, 0x36, 0x86, 0xAE, 0x23, 0x00, 0x00, 0x00, 0x67, 0xBA, 0x8E, 0xEB, 0x2C, 0x00, 0x00, 0x00,
        0x2A, 0x00, 0x00, 0x00, 0x14, 0x8A, 0x4C, 0x1D, 0x23, 0x00, 0x00, 0x00, 0x67, 0xBA, 0x8E, 0xEB,
        0x25, 0x00, 0x00, 0x00, 0x0E, 0x00, 0x00, 0x00, 0x55, 0x00, 0x00, 0x00, 0xE2, 0x06, 0xD9, 0xF4,
        0x2A, 0x00, 0x00, 0x00, 0x4B, 0xC3, 0x52, 0xCE, 0x1A, 0x00, 0x00, 0x00, 0x2C, 0x00, 0x00, 0x00,
        0x2A, 0x4B, 0xC1, 0xDC, 0x23, 0x00, 0x00, 0x00, 0x36, 0x36, 0x86, 0xAE, 0x23, 0x00, 0x00, 0x00,
        0x67, 0xBA, 0x8E, 0xEB, 0x1B, 0x00, 0x00, 0x00, 0x25, 0x00, 0x00, 0x00, 0x53, 0x00, 0x00, 0x00,
        0x0A, 0x4F, 0x32, 0x4E, 0x2A, 0x00, 0x00, 0x00, 0x3E, 0x00, 0x00, 0x00, 0x1A, 0x00, 0x00, 0x00,
        0x2F, 0x00, 0x00, 0x00, 0x1A, 0x00, 0x00, 0x00, 0xE2, 0x06, 0xD9, 0xF4, 0x22, 0x00, 0x00, 0x00,
        0x27, 0x5E, 0xE8, 0x8F, 0x1B, 0x00, 0x00, 0x00, 0x2B, 0x00, 0x00, 0x00, 0x19, 0x02, 0x00, 0x00,
        0x23, 0x00, 0x00, 0x00, 0x1A, 0x02, 0x00, 0x00, 0x22, 0x00, 0x00, 0x00, 0x1A, 0x02, 0x00, 0x00,
        0x23, 0x00, 0x00, 0x00, 0xE0, 0x2B, 0xD3, 0x76, 0x1B, 0x00, 0x00, 0x00, 0x25, 0x00, 0x00, 0x00,
        0x2A, 0x4B, 0xC1, 0xDC, 0x23, 0x00, 0x00, 0x00, 0x74, 0x32, 0xA7, 0xEB, 0x23, 0x00, 0x00, 0x00,
        0x12, 0x02, 0x00, 0x00, 0x2E, 0x00, 0x00, 0x00, 0x2A, 0x00, 0x00, 0x00, 0x0A, 0x4F, 0x32, 0x4E,
        0x25, 0x00, 0x00, 0x00, 0x13, 0x2F, 0x4D, 0x2F, 0x23, 0x00, 0x00, 0x00, 0x74, 0xAA, 0xD6, 0x79,
        0x2A, 0x00, 0x00, 0x00, 0x56, 0x00, 0x00, 0x00, 0x1A, 0x00, 0x00, 0x00, 0xFE, 0x32, 0xEE, 0xEC,
        0x22, 0x00, 0x00, 0x00, 0x2A, 0x4B, 0xC1, 0xDC, 0x23, 0x00, 0x00, 0x00, 0x74, 0x32, 0xA7, 0xEB,
        0x23, 0x00, 0x00, 0x00, 0x12, 0x02, 0x00, 0x00, 0x1B, 0x00, 0x00, 0x00, 0x25, 0x00, 0x00, 0x00,
        0x13, 0x2F, 0x4D, 0x2F, 0x23, 0x00, 0x00, 0x00, 0x10, 0xAB, 0x61, 0x80, 0x23, 0x00, 0x00, 0x00,
        0x67, 0xBA, 0x8E, 0xEB, 0x2A, 0x00, 0x00, 0x00, 0x5D, 0xA7, 0x8A, 0x72, 0x25, 0x00, 0x00, 0x00,
        0x56, 0x00, 0x00, 0x00, 0xCC, 0xDF, 0x38, 0x56, 0x2A, 0x00, 0x00, 0x00, 0x2A, 0x4B, 0xC1, 0xDC,
        0x23, 0x00, 0x00, 0x00, 0xCC, 0xDF, 0x38, 0x56, 0x25, 0x00, 0x00, 0x00, 0xBD, 0x64, 0xF5, 0xAE,
        0x1A, 0x00, 0x00, 0x00, 0xCC, 0xDF, 0x38, 0x56, 0x22, 0x00, 0x00, 0x00, 0x13, 0x2F, 0x4D, 0x2F,
        0x23, 0x00, 0x00, 0x00, 0xCC, 0xDF, 0x38, 0x56, 0x22, 0x00, 0x00, 0x00, 0x2A, 0x4B, 0xC1, 0xDC,
        0x23, 0x00, 0x00, 0x00, 0xE6, 0x00, 0x00, 0x00, 0x22, 0x00, 0x00, 0x00, 0x2A, 0x4B, 0xC1, 0xDC,
        0x23, 0x00, 0x00, 0x00, 0xD6, 0x43, 0x74, 0x7A, 0x1C, 0x00, 0x00, 0x00, 0x1B, 0x02, 0x00, 0x00,
        0x1D, 0x00, 0x00, 0x00, 0x22, 0x00, 0x00, 0x00, 0x88, 0x25, 0x24, 0x98, 0x1B, 0x00, 0x00, 0x00,
        0x25, 0x00, 0x00, 0x00, 0x09, 0x00, 0x00, 0x00, 0xCB, 0xA6, 0x86, 0x3B, 0x10, 0x00, 0x00, 0x00,
        0x10, 0x00, 0x00, 0x00, 0x94, 0xF7, 0x41, 0x0B, 0x13, 0x2F, 0x4D, 0x2F, 0x23, 0x00, 0x00, 0x00,
        0xCC, 0xDF, 0x38, 0x56, 0x23, 0x00, 0x00, 0x00, 0xEC, 0x65, 0x77, 0x91, 0x2A, 0x00, 0x00, 0x00,
        0x54, 0x00, 0x00, 0x00, 0x1A, 0x00, 0x00, 0x00, 0xB0, 0x13, 0x1F, 0xF9, 0x1A, 0x00, 0x00, 0x00,
        0x1B, 0x00, 0x00, 0x00, 0x22, 0x00, 0x00, 0x00, 0x5A, 0x29, 0xAB, 0x89, 0x1A, 0x00, 0x00, 0x00,
        0x1B, 0x00, 0x00, 0x00, 0x1B, 0x00, 0x00, 0x00, 0x25, 0x00, 0x00, 0x00, 0x0E, 0x00, 0x00, 0x00,
        0x06, 0x00, 0x00, 0x00, 0x48, 0x1A, 0xCC, 0x10, 0x86, 0x1D, 0x1B, 0x14, 0x1A, 0x00, 0x00, 0x00,
        0x13, 0x2F, 0x4D, 0x2F, 0x23, 0x00, 0x00, 0x00, 0x7B, 0xEC, 0x3B, 0x59, 0x22, 0x00, 0x00, 0x00,
        0x2A, 0x4B, 0xC1, 0xDC, 0x23, 0x00, 0x00, 0x00, 0x31, 0x01, 0x00, 0x00, 0x1B, 0x00, 0x00, 0x00,
        0x25, 0x00, 0x00, 0x00, 0x0E, 0x00, 0x00, 0x00, 0xD8, 0x00, 0x00, 0x00, 0x13, 0x2F, 0x4D, 0x2F,
        0x25, 0x00, 0x00, 0x00, 0x1F, 0x00, 0x00, 0x00, 0x06, 0x00, 0x00, 0x00, 0x26, 0x00, 0x00, 0x00,
        0x48, 0x1A, 0xCC, 0x10, 0x63, 0x02, 0x00, 0x00, 0x0E, 0x00, 0x00, 0x00, 0x35, 0x51, 0xE5, 0x1E,
        0x45, 0x18, 0x2D, 0xC7, 0x1A, 0x00, 0x00, 0x00, 0x79, 0xF4, 0xCF, 0xEE, 0x24, 0x8A, 0x06, 0xF1,
        0x1B, 0x00, 0x00, 0x00, 0x1E, 0x00, 0x00, 0x00, 0x35, 0x51, 0xE5, 0x1E, 0x13, 0x2F, 0x4D, 0x2F,
        0x2A, 0x00, 0x00, 0x00, 0x1A, 0x00, 0x00, 0x00, 0x35, 0x51, 0xE5, 0x1E, 0x1B, 0x00, 0x00, 0x00,
        0x19, 0x02, 0x00, 0x00, 0x25, 0x00, 0x00, 0x00, 0x09, 0x00, 0x00, 0x00, 0xCB, 0xA6, 0x86, 0x3B,
        0x5B, 0x00, 0x00, 0x00, 0xF2, 0xC1, 0x14, 0xFC, 0x2A, 0x00, 0x00, 0x00, 0x24, 0x45, 0x4F, 0xAB,
        0x1A, 0x00, 0x00, 0x00, 0xBC, 0xCA, 0x20, 0xF1, 0x22, 0x00, 0x00, 0x00, 0x24, 0x8A, 0x06, 0xF1,
        0x23, 0x00, 0x00, 0x00, 0xCC, 0xDF, 0x38, 0x56, 0x23, 0x00, 0x00, 0x00, 0x99, 0x28, 0xE6, 0x8F,
        0x1B, 0x00, 0x00, 0x00, 0x25, 0x00, 0x00, 0x00, 0x09, 0x00, 0x00, 0x00, 0x0B, 0xCE, 0x8F, 0xC6,
        0x10, 0x00, 0x00, 0x00, 0x10, 0x00, 0x00, 0x00, 0xF1, 0xB9, 0xC8, 0x14, 0xEB, 0xE2, 0x6D, 0x72,
        0x1A, 0x00, 0x00, 0x00, 0xBC, 0xCA, 0x20, 0xF1, 0x22, 0x00, 0x00, 0x00, 0x24, 0x8A, 0x06, 0xF1,
        0x23, 0x00, 0x00, 0x00, 0xCC, 0xDF, 0x38, 0x56, 0x23, 0x00, 0x00, 0x00, 0x99, 0x28, 0xE6, 0x8F,
        0x22, 0x00, 0x00, 0x00, 0x24, 0x8A, 0x06, 0xF1, 0x23, 0x00, 0x00, 0x00, 0xCC, 0xDF, 0x38, 0x56,
        0x23, 0x00, 0x00, 0x00, 0x12, 0x02, 0x00, 0x00, 0x22, 0x00, 0x00, 0x00, 0xF2, 0xC1, 0x14, 0xFC,
        0x22, 0x00, 0x00, 0x00, 0x13, 0x2F, 0x4D, 0x2F, 0x23, 0x00, 0x00, 0x00, 0xAE, 0x1A, 0x53, 0xB8,
        0x1B, 0x00, 0x00, 0x00, 0x25, 0x00, 0x00, 0x00, 0x0E, 0x00, 0x00, 0x00, 0x67, 0x14, 0x20, 0xAD,
        0x1A, 0x00, 0x00, 0x00, 0xF2, 0xC1, 0x14, 0xFC, 0x2C, 0x00, 0x00, 0x00, 0x24, 0x8A, 0x06, 0xF1,
        0x23, 0x00, 0x00, 0x00, 0xCC, 0xDF, 0x38, 0x56, 0x23, 0x00, 0x00, 0x00, 0x12, 0x02, 0x00, 0x00,
        0x1B, 0x00, 0x00, 0x00, 0x25, 0x00, 0x00, 0x00, 0x0E, 0x00, 0x00, 0x00, 0x3C, 0xF2, 0xD4, 0xC4,
        0x1A, 0x00, 0x00, 0x00, 0x24, 0x8A, 0x06, 0xF1, 0x23, 0x00, 0x00, 0x00, 0xCC, 0xDF, 0x38, 0x56,
        0x23, 0x00, 0x00, 0x00, 0x11, 0x02, 0x00, 0x00, 0x22, 0x00, 0x00, 0x00, 0x1A, 0x00, 0x00, 0x00,
        0x65, 0x00, 0x00, 0x00, 0x1B, 0x00, 0x00, 0x00, 0x24, 0x8A, 0x06, 0xF1, 0x23, 0x00, 0x00, 0x00,
        0x59, 0x91, 0x4B, 0x30, 0x23, 0x00, 0x00, 0x00, 0x99, 0x28, 0xE6, 0x8F, 0x1B, 0x00, 0x00, 0x00,
        0x25, 0x00, 0x00, 0x00, 0xD8, 0x00, 0x00, 0x00, 0x13, 0x2F, 0x4D, 0x2F, 0x25, 0x00, 0x00, 0x00,
        0x1F, 0x00, 0x00, 0x00, 0x95, 0x91, 0x78, 0xAC, 0xEC, 0xBB, 0xF1, 0xD5, 0x1A, 0x00, 0x00, 0x00,
        0xF8, 0xF5, 0xC8, 0x16, 0x24, 0x8A, 0x06, 0xF1, 0x1B, 0x00, 0x00, 0x00, 0x1E, 0x00, 0x00, 0x00,
        0x95, 0x91, 0x78, 0xAC, 0x13, 0x2F, 0x4D, 0x2F, 0x2A, 0x00, 0x00, 0x00, 0x1A, 0x00, 0x00, 0x00,
        0x95, 0x91, 0x78, 0xAC, 0x1B, 0x00, 0x00, 0x00, 0x19, 0x02, 0x00, 0x00, 0x25, 0x00, 0x00, 0x00,
        0x09, 0x00, 0x00, 0x00, 0xCB, 0xA6, 0x86, 0x3B, 0x6C, 0x00, 0x00, 0x00, 0xF2, 0xC1, 0x14, 0xFC,
        0x2A, 0x00, 0x00, 0x00, 0x24, 0x45, 0x4F, 0xAB, 0x1A, 0x00, 0x00, 0x00, 0xBC, 0xCA, 0x20, 0xF1,
        0x22, 0x00, 0x00, 0x00, 0x24, 0x8A, 0x06, 0xF1, 0x23, 0x00, 0x00, 0x00, 0xCC, 0xDF, 0x38, 0x56,
        0x23, 0x00, 0x00, 0x00, 0x99, 0x28, 0xE6, 0x8F, 0x1B, 0x00, 0x00, 0x00, 0x25, 0x00, 0x00, 0x00,
        0x09, 0x00, 0x00, 0x00, 0x0B, 0xCE, 0x8F, 0xC6, 0x10, 0x00, 0x00, 0x00, 0x10, 0x00, 0x00, 0x00,
        0xF1, 0xB9, 0xC8, 0x14, 0xEB, 0xE2, 0x6D, 0x72, 0x1A, 0x00, 0x00, 0x00, 0xBC, 0xCA, 0x20, 0xF1,
        0x22, 0x00, 0x00, 0x00, 0x24, 0x8A, 0x06, 0xF1, 0x23, 0x00, 0x00, 0x00, 0xCC, 0xDF, 0x38, 0x56,
        0x23, 0x00, 0x00, 0x00, 0x99, 0x28, 0xE6, 0x8F, 0x22, 0x00, 0x00, 0x00, 0x24, 0x8A, 0x06, 0xF1,
        0x23, 0x00, 0x00, 0x00, 0xCC, 0xDF, 0x38, 0x56, 0x23, 0x00, 0x00, 0x00, 0x12, 0x02, 0x00, 0x00,
        0x22, 0x00, 0x00, 0x00, 0xF2, 0xC1, 0x14, 0xFC, 0x22, 0x00, 0x00, 0x00, 0x13, 0x2F, 0x4D, 0x2F,
        0x23, 0x00, 0x00, 0x00, 0xAE, 0x1A, 0x53, 0xB8, 0x1B, 0x00, 0x00, 0x00, 0x25, 0x00, 0x00, 0x00,
        0x0E, 0x00, 0x00, 0x00, 0x67, 0x14, 0x20, 0xAD, 0x1A, 0x00, 0x00, 0x00, 0xF2, 0xC1, 0x14, 0xFC,
        0x2C, 0x00, 0x00, 0x00, 0x24, 0x8A, 0x06, 0xF1, 0x23, 0x00, 0x00, 0x00, 0xCC, 0xDF, 0x38, 0x56,
        0x23, 0x00, 0x00, 0x00, 0x12, 0x02, 0x00, 0x00, 0x1B, 0x00, 0x00, 0x00, 0x25, 0x00, 0x00, 0x00,
        0x0E, 0x00, 0x00, 0x00, 0x3C, 0xF2, 0xD4, 0xC4, 0x1A, 0x00, 0x00, 0x00, 0x24, 0x8A, 0x06, 0xF1,
        0x23, 0x00, 0x00, 0x00, 0xCC, 0xDF, 0x38, 0x56, 0x23, 0x00, 0x00, 0x00, 0x11, 0x02, 0x00, 0x00,
        0x22, 0x00, 0x00, 0x00, 0x1A, 0x00, 0x00, 0x00, 0x65, 0x00, 0x00, 0x00, 0x1B, 0x00, 0x00, 0x00,
        0x24, 0x8A, 0x06, 0xF1, 0x23, 0x00, 0x00, 0x00, 0x59, 0x91, 0x4B, 0x30, 0x23, 0x00, 0x00, 0x00,
        0x99, 0x28, 0xE6, 0x8F, 0x1B, 0x00, 0x00, 0x00, 0x25, 0x00, 0x00, 0x00, 0xC9, 0x9D, 0x83, 0xDB,
        0xEC, 0x20, 0xBB, 0x34, 0x2A, 0x00, 0x00, 0x00, 0x44, 0x74, 0xB4, 0x1D, 0x1A, 0x00, 0x00, 0x00,
        0x1B, 0x00, 0x00, 0x00, 0x25, 0x00, 0x00, 0x00, 0x6F, 0x00, 0x00, 0x00, 0x6E, 0xBC, 0x0D, 0xB3,
        0x2A, 0x00, 0x00, 0x00, 0x19, 0x02, 0x00, 0x00, 0x25, 0x00, 0x00, 0x00, 0x6E, 0x00, 0x00, 0x00,
        0x28, 0x67, 0xF3, 0xED, 0x2A, 0x00, 0x00, 0x00, 0x5D, 0x00, 0x00, 0x00, 0x1A, 0x00, 0x00, 0x00,
        0x19, 0x02, 0x00, 0x00, 0x22, 0x00, 0x00, 0x00, 0x19, 0x02, 0x00, 0x00, 0x22, 0x00, 0x00, 0x00,
        0x1A, 0x02, 0x00, 0x00, 0x1B, 0x00, 0x00, 0x00, 0x25, 0x00, 0x00, 0x00, 0x62, 0x00, 0x00, 0x00,
        0xA7, 0x0D, 0xBB, 0x92, 0x2A, 0x00, 0x00, 0x00, 0x62, 0x00, 0x00, 0x00, 0x1A, 0x00, 0x00, 0x00,
        0x24, 0x8A, 0x06, 0xF1, 0x23, 0x00, 0x00, 0x00, 0x74, 0xAA, 0xD6, 0x79, 0x23, 0x00, 0x00, 0x00,
        0x67, 0xBA, 0x8E, 0xEB, 0x22, 0x00, 0x00, 0x00, 0x24, 0x8A, 0x06, 0xF1, 0x23, 0x00, 0x00, 0x00,
        0x10, 0xAB, 0x61, 0x80, 0x23, 0x00, 0x00, 0x00, 0x67, 0xBA, 0x8E, 0xEB, 0x22, 0x00, 0x00, 0x00,
        0x39, 0x14, 0x13, 0x57, 0x1A, 0x00, 0x00, 0x00, 0x24, 0x8A, 0x06, 0xF1, 0x23, 0x00, 0x00, 0x00,
        0x74, 0xAA, 0xD6, 0x79, 0x23, 0x00, 0x00, 0x00, 0x67, 0xBA, 0x8E, 0xEB, 0x22, 0x00, 0x00, 0x00,
        0x24, 0x8A, 0x06, 0xF1, 0x23, 0x00, 0x00, 0x00, 0x10, 0xAB, 0x61, 0x80, 0x23, 0x00, 0x00, 0x00,
        0x67, 0xBA, 0x8E, 0xEB, 0x1B, 0x00, 0x00, 0x00, 0x2E, 0x00, 0x00, 0x00, 0x24, 0x8A, 0x06, 0xF1,
        0x23, 0x00, 0x00, 0x00, 0x74, 0xAA, 0xD6, 0x79, 0x23, 0x00, 0x00, 0x00, 0x12, 0x02, 0x00, 0x00,
        0x1B, 0x00, 0x00, 0x00, 0x25, 0x00, 0x00, 0x00, 0x6E, 0x00, 0x00, 0x00, 0x1E, 0xF6, 0x3F, 0x85,
        0x2A, 0x00, 0x00, 0x00, 0x4B, 0xC3, 0x52, 0xCE, 0x1A, 0x00, 0x00, 0x00, 0xA7, 0x0D, 0xBB, 0x92,
        0x1C, 0x00, 0x00, 0x00, 0x1B, 0x02, 0x00, 0x00, 0x1D, 0x00, 0x00, 0x00, 0x1B, 0x00, 0x00, 0x00,
        0x25, 0x00, 0x00, 0x00, 0x06, 0x00, 0x00, 0x00, 0xE8, 0xCB, 0xE9, 0x1F, 0x28, 0x67, 0xF3, 0xED,
        0x2A, 0x00, 0x00, 0x00, 0x83, 0x13, 0x0A, 0xB0, 0x1A, 0x00, 0x00, 0x00, 0x49, 0x00, 0x6B, 0x60,
        0x22, 0x00, 0x00, 0x00, 0x24, 0x8A, 0x06, 0xF1, 0x23, 0x00, 0x00, 0x00, 0xCC, 0xDF, 0x38, 0x56,
        0x23, 0x00, 0x00, 0x00, 0x99, 0x28, 0xE6, 0x8F, 0x1B, 0x00, 0x00, 0x00, 0x25, 0x00, 0x00, 0x00,
        0x1E, 0xF6, 0x3F, 0x85, 0x2A, 0x00, 0x00, 0x00, 0x4B, 0xC3, 0x52, 0xCE, 0x1A, 0x00, 0x00, 0x00,
        0x30, 0x00, 0x00, 0x00, 0x1A, 0x00, 0x00, 0x00, 0x28, 0x67, 0xF3, 0xED, 0x22, 0x00, 0x00, 0x00,
        0xA7, 0x0D, 0xBB, 0x92, 0x1B, 0x00, 0x00, 0x00, 0x1B, 0x00, 0x00, 0x00, 0x25, 0x00, 0x00, 0x00,
        0x0E, 0x00, 0x00, 0x00, 0xEC, 0x20, 0xBB, 0x34, 0x23, 0x00, 0x00, 0x00, 0xEB, 0xC3, 0x8D, 0x35,
        0x2A, 0x00, 0x00, 0x00, 0x1E, 0xF6, 0x3F, 0x85, 0x25, 0x00, 0x00, 0x00, 0xEC, 0x20, 0xBB, 0x34,
        0x23, 0x00, 0x00, 0x00, 0xC6, 0x4D, 0xBA, 0x09, 0x2A, 0x00, 0x00, 0x00, 0x0E, 0x7E, 0x35, 0x6A,
        0x23, 0x00, 0x00, 0x00, 0x12, 0x02, 0x00, 0x00, 0x25, 0x00, 0x00, 0x00, 0xEC, 0x20, 0xBB, 0x34,
        0x23, 0x00, 0x00, 0x00, 0x0F, 0x06, 0xAB, 0x2A, 0x2A, 0x00, 0x00, 0x00, 0x6E, 0x00, 0x00, 0x00,
        0x1A, 0x00, 0x00, 0x00, 0x19, 0x02, 0x00, 0x00, 0x23, 0x00, 0x00, 0x00, 0x1E, 0x02, 0x00, 0x00,
        0x22, 0x00, 0x00, 0x00, 0x19, 0x02, 0x00, 0x00, 0x23, 0x00, 0x00, 0x00, 0x1E, 0x02, 0x00, 0x00,
        0x22, 0x00, 0x00, 0x00, 0x19, 0x02, 0x00, 0x00, 0x23, 0x00, 0x00, 0x00, 0x1E, 0x02, 0x00, 0x00,
        0x1B, 0x00, 0x00, 0x00, 0x25, 0x00, 0x00, 0x00, 0x09, 0x00, 0x00, 0x00, 0xF1, 0xA2, 0x58, 0x61,
        0x22, 0x40, 0xBC, 0xE5, 0x1A, 0x00, 0x00, 0x00, 0xEC, 0x20, 0xBB, 0x34, 0x22, 0x00, 0x00, 0x00,
        0x13, 0x2F, 0x4D, 0x2F, 0x23, 0x00, 0x00, 0x00, 0x34, 0xA5, 0xF0, 0x94, 0x22, 0x00, 0x00, 0x00,
        0x24, 0x8A, 0x06, 0xF1, 0x23, 0x00, 0x00, 0x00, 0x59, 0x91, 0x4B, 0x30, 0x23, 0x00, 0x00, 0x00,
        0x99, 0x28, 0xE6, 0x8F, 0x1B, 0x00, 0x00, 0x00, 0x25, 0x00, 0x00, 0x00, 0x0F, 0x00, 0x00, 0x00,
        0x0F, 0x15, 0x73, 0x18, 0x1A, 0x00, 0x00, 0x00, 0xEC, 0x20, 0xBB, 0x34, 0x22, 0x00, 0x00, 0x00,
        0x13, 0x2F, 0x4D, 0x2F, 0x23, 0x00, 0x00, 0x00, 0x34, 0xA5, 0xF0, 0x94, 0x22, 0x00, 0x00, 0x00,
        0x13, 0x2F, 0x4D, 0x2F, 0x23, 0x00, 0x00, 0x00, 0x8E, 0xF4, 0xF9, 0x0D, 0x22, 0x00, 0x00, 0x00,
        0x13, 0x2F, 0x4D, 0x2F, 0x23, 0x00, 0x00, 0x00, 0x18, 0xC4, 0xFE, 0x7A, 0x1B, 0x00, 0x00, 0x00,
        0x25, 0x00, 0x00, 0x00, 0x0E, 0x00, 0x00, 0x00, 0x09, 0x00, 0x00, 0x00, 0x0F, 0xD7, 0x12, 0x46,
        0x11, 0x00, 0x00, 0x00, 0x11, 0x00, 0x00, 0x00, 0x26, 0x00, 0x00, 0x00, 0x2B, 0xFF, 0x10, 0x95,
        0x13, 0x2F, 0x4D, 0x2F, 0x23, 0x00, 0x00, 0x00, 0x8D, 0x75, 0x7A, 0xFA, 0x2A, 0x00, 0x00, 0x00,
        0x06, 0x34, 0x21, 0xDB, 0x1A, 0x00, 0x00, 0x00, 0x24, 0x8A, 0x06, 0xF1, 0x23, 0x00, 0x00, 0x00,
        0x59, 0x91, 0x4B, 0x30, 0x23, 0x00, 0x00, 0x00, 0x99, 0x28, 0xE6, 0x8F, 0x2E, 0x00, 0x00, 0x00,
        0x1A, 0x00, 0x00, 0x00, 0xE1, 0x1B, 0x88, 0x3F, 0x23, 0x00, 0x00, 0x00, 0x1C, 0x67, 0x68, 0x5A,
        0x2E, 0x00, 0x00, 0x00, 0x1B, 0x02, 0x00, 0x00, 0x1B, 0x00, 0x00, 0x00, 0x22, 0x00, 0x00, 0x00,
        0x24, 0x8A, 0x06, 0xF1, 0x23, 0x00, 0x00, 0x00, 0x61, 0x30, 0xCB, 0xC6, 0x23, 0x00, 0x00, 0x00,
        0x99, 0x28, 0xE6, 0x8F, 0x2D, 0x00, 0x00, 0x00, 0x24, 0x8A, 0x06, 0xF1, 0x23, 0x00, 0x00, 0x00,
        0x61, 0x30, 0xCB, 0xC6, 0x23, 0x00, 0x00, 0x00, 0x11, 0x02, 0x00, 0x00, 0x1B, 0x00, 0x00, 0x00,
        0x25, 0x00, 0x00, 0x00, 0x0E, 0x00, 0x00, 0x00, 0xD8, 0x00, 0x00, 0x00, 0x13, 0x2F, 0x4D, 0x2F,
        0x25, 0x00, 0x00, 0x00, 0x1F, 0x00, 0x00, 0x00, 0xE9, 0x00, 0x00, 0x00, 0x94, 0x01, 0x00, 0x00,
        0x1E, 0x00, 0x00, 0x00, 0x36, 0x01, 0x00, 0x00, 0xA5, 0x5B, 0x3F, 0x48, 0x1E, 0x00, 0x00, 0x00,
        0x39, 0x01, 0x00, 0x00, 0x2A, 0x00, 0x00, 0x00, 0xC3, 0xBF, 0x77, 0x91, 0x1A, 0x00, 0x00, 0x00,
        0x1B, 0x00, 0x00, 0x00, 0xE8, 0x88, 0xE9, 0x80, 0x25, 0x00, 0x00, 0x00, 0x3A, 0x01, 0x00, 0x00,
        0x2A, 0x00, 0x00, 0x00, 0x45, 0x18, 0x2D, 0xC7, 0x1A, 0x00, 0x00, 0x00, 0x1B, 0x00, 0x00, 0x00,
        0x6E, 0x2F, 0xB3, 0xD6, 0x25, 0x00, 0x00, 0x00, 0x3F, 0x01, 0x00, 0x00, 0x2A, 0x00, 0x00, 0x00,
        0x17, 0x02, 0x00, 0x00, 0x25, 0x00, 0x00, 0x00, 0x40, 0x01, 0x00, 0x00, 0x2A, 0x00, 0x00, 0x00,
        0x17, 0x02, 0x00, 0x00, 0x25, 0x00, 0x00, 0x00, 0x41, 0x01, 0x00, 0x00, 0x2A, 0x00, 0x00, 0x00,
        0x4A, 0x01, 0x00, 0x00, 0x25, 0x00, 0x00, 0x00, 0x1F, 0x00, 0x00, 0x00, 0x1F, 0x00, 0x00, 0x00,
        0xE9, 0x00, 0x00, 0x00, 0x71, 0x84, 0x87, 0xFB, 0x1E, 0x00, 0x00, 0x00, 0x36, 0x01, 0x00, 0x00,
        0xA5, 0x5B, 0x3F, 0x48, 0x1E, 0x00, 0x00, 0x00, 0x39, 0x01, 0x00, 0x00, 0x2A, 0x00, 0x00, 0x00,
        0x6A, 0x1C, 0xAB, 0x83, 0x1A, 0x00, 0x00, 0x00, 0x1B, 0x00, 0x00, 0x00, 0xE8, 0x88, 0xE9, 0x80,
        0x25, 0x00, 0x00, 0x00, 0x3A, 0x01, 0x00, 0x00, 0x2A, 0x00, 0x00, 0x00, 0xEC, 0xBB, 0xF1, 0xD5,
        0x1A, 0x00, 0x00, 0x00, 0x1B, 0x00, 0x00, 0x00, 0x6E, 0x2F, 0xB3, 0xD6, 0x25, 0x00, 0x00, 0x00,
        0x3F, 0x01, 0x00, 0x00, 0x2A, 0x00, 0x00, 0x00, 0x17, 0x02, 0x00, 0x00, 0x25, 0x00, 0x00, 0x00,
        0x40, 0x01, 0x00, 0x00, 0x2A, 0x00, 0x00, 0x00, 0x17, 0x02, 0x00, 0x00, 0x25, 0x00, 0x00, 0x00,
        0x41, 0x01, 0x00, 0x00, 0x2A, 0x00, 0x00, 0x00, 0x4A, 0x01, 0x00, 0x00, 0x25, 0x00, 0x00, 0x00,
        0x1F, 0x00, 0x00, 0x00, 0x1F, 0x00, 0x00, 0x00, 0x01, 0x00, 0x00, 0x00, 0xB0, 0x6A, 0xD4, 0x63,
        0x94, 0xA6, 0x8E, 0x89, 0xE6, 0xF6, 0xD5, 0xC7, 0x1A, 0x00, 0x00, 0x00, 0xA3, 0x09, 0x71, 0xCF,
        0x24, 0x8A, 0x06, 0xF1, 0x1B, 0x00, 0x00, 0x00, 0x1E, 0x00, 0x00, 0x00, 0x94, 0xA6, 0x8E, 0x89,
        0x13, 0x2F, 0x4D, 0x2F, 0x2A, 0x00, 0x00, 0x00, 0x1A, 0x00, 0x00, 0x00, 0x94, 0xA6, 0x8E, 0x89,
        0x1B, 0x00, 0x00, 0x00, 0x19, 0x02, 0x00, 0x00, 0x25, 0x00, 0x00, 0x00, 0x42, 0x23, 0x38, 0x0E,
        0x2A, 0x4B, 0xC1, 0xDC, 0x2A, 0x00, 0x00, 0x00, 0x1A, 0x00, 0x00, 0x00, 0x42, 0x23, 0x38, 0x0E,
        0x1B, 0x00, 0x00, 0x00, 0x19, 0x02, 0x00, 0x00, 0x25, 0x00, 0x00, 0x00, 0x45, 0xC9, 0x24, 0x59,
        0x51, 0x70, 0xEC, 0xE5, 0x2A, 0x00, 0x00, 0x00, 0x1A, 0x00, 0x00, 0x00, 0x45, 0xC9, 0x24, 0x59,
        0x1B, 0x00, 0x00, 0x00, 0x19, 0x02, 0x00, 0x00, 0x25, 0x00, 0x00, 0x00, 0x3E, 0x0E, 0xA0, 0xA6,
        0x1A, 0x00, 0x00, 0x00, 0x24, 0x8A, 0x06, 0xF1, 0x22, 0x00, 0x00, 0x00, 0x51, 0x70, 0xEC, 0xE5,
        0x22, 0x00, 0x00, 0x00, 0x2A, 0x4B, 0xC1, 0xDC, 0x22, 0x00, 0x00, 0x00, 0x18, 0x02, 0x00, 0x00,
        0x22, 0x00, 0x00, 0x00, 0x18, 0x02, 0x00, 0x00, 0x1B, 0x00, 0x00, 0x00, 0x25, 0x00, 0x00, 0x00,
        0x55, 0x00, 0x00, 0x00, 0xFE, 0x32, 0xEE, 0xEC, 0x2A, 0x00, 0x00, 0x00, 0x51, 0x70, 0xEC, 0xE5,
        0x23, 0x00, 0x00, 0x00, 0x74, 0xAA, 0xD6, 0x79, 0x23, 0x00, 0x00, 0x00, 0x67, 0xBA, 0x8E, 0xEB,
        0x25, 0x00, 0x00, 0x00, 0x55, 0x00, 0x00, 0x00, 0x5D, 0xA7, 0x8A, 0x72, 0x2A, 0x00, 0x00, 0x00,
        0x51, 0x70, 0xEC, 0xE5, 0x23, 0x00, 0x00, 0x00, 0x10, 0xAB, 0x61, 0x80, 0x23, 0x00, 0x00, 0x00,
        0x67, 0xBA, 0x8E, 0xEB, 0x25, 0x00, 0x00, 0x00, 0x55, 0x00, 0x00, 0x00, 0x27, 0x5E, 0xE8, 0x8F,
        0x2A, 0x00, 0x00, 0x00, 0x1A, 0x00, 0x00, 0x00, 0x39, 0x14, 0x13, 0x57, 0x1A, 0x00, 0x00, 0x00,
        0xFE, 0x32, 0xEE, 0xEC, 0x22, 0x00, 0x00, 0x00, 0x5D, 0xA7, 0x8A, 0x72, 0x1B, 0x00, 0x00, 0x00,
        0x1B, 0x00, 0x00, 0x00, 0x2E, 0x00, 0x00, 0x00, 0x51, 0x70, 0xEC, 0xE5, 0x23, 0x00, 0x00, 0x00,
        0x74, 0xAA, 0xD6, 0x79, 0x23, 0x00, 0x00, 0x00, 0x12, 0x02, 0x00, 0x00, 0x25, 0x00, 0x00, 0x00,
        0x2A, 0x4B, 0xC1, 0xDC, 0x23, 0x00, 0x00, 0x00, 0x36, 0x36, 0x86, 0xAE, 0x2A, 0x00, 0x00, 0x00,
        0x30, 0x00, 0x00, 0x00, 0x1A, 0x00, 0x00, 0x00, 0x2A, 0x4B, 0xC1, 0xDC, 0x23, 0x00, 0x00, 0x00,
        0x3B, 0x99, 0x21, 0x61, 0x22, 0x00, 0x00, 0x00, 0x2A, 0x4B, 0xC1, 0xDC, 0x23, 0x00, 0x00, 0x00,
        0xE6, 0x00, 0x00, 0x00, 0x1B, 0x00, 0x00, 0x00, 0x25, 0x00, 0x00, 0x00, 0x06, 0x00, 0x00, 0x00,
        0xDA, 0xC0, 0xA8, 0x86, 0x2A, 0x4B, 0xC1, 0xDC, 0x23, 0x00, 0x00, 0x00, 0x36, 0x36, 0x86, 0xAE,
        0x23, 0x00, 0x00, 0x00, 0x67, 0xBA, 0x8E, 0xEB, 0x2B, 0x00, 0x00, 0x00, 0x2A, 0x00, 0x00, 0x00,
        0xBD, 0x46, 0x16, 0xBB, 0x1A, 0x00, 0x00, 0x00, 0x2A, 0x4B, 0xC1, 0xDC, 0x22, 0x00, 0x00, 0x00,
        0x5D, 0xA7, 0x8A, 0x72, 0x1B, 0x00, 0x00, 0x00, 0x25, 0x00, 0x00, 0x00, 0x0E, 0x00, 0x00, 0x00,
        0x56, 0x00, 0x00, 0x00, 0x7B, 0xEC, 0x3B, 0x59, 0x2A, 0x00, 0x00, 0x00, 0x30, 0x00, 0x00, 0x00,
        0x1A, 0x00, 0x00, 0x00, 0xAF, 0x12, 0xC9, 0x8F, 0x22, 0x00, 0x00, 0x00, 0x2A, 0x4B, 0xC1, 0xDC,
        0x23, 0x00, 0x00, 0x00, 0x36, 0x36, 0x86, 0xAE, 0x1B, 0x00, 0x00, 0x00, 0x25, 0x00, 0x00, 0x00,
        0x55, 0x00, 0x00, 0x00, 0x2B, 0xE3, 0x90, 0x83, 0x2A, 0x00, 0x00, 0x00, 0x7B, 0xEC, 0x3B, 0x59,
        0x23, 0x00, 0x00, 0x00, 0x67, 0xBA, 0x8E, 0xEB, 0x25, 0x00, 0x00, 0x00, 0x2B, 0xE3, 0x90, 0x83,
        0x23, 0x00, 0x00, 0x00, 0x11, 0x02, 0x00, 0x00, 0x2D, 0x00, 0x00, 0x00, 0x2A, 0x00, 0x00, 0x00,
        0x40, 0x2C, 0xE8, 0x08, 0x23, 0x00, 0x00, 0x00, 0x10, 0x02, 0x00, 0x00, 0x25, 0x00, 0x00, 0x00,
        0x55, 0x00, 0x00, 0x00, 0xFC, 0xE3, 0x7D, 0x6F, 0x2A, 0x00, 0x00, 0x00, 0xAA, 0x88, 0x53, 0xB5,
        0x1A, 0x00, 0x00, 0x00, 0x2A, 0x4B, 0xC1, 0xDC, 0x22, 0x00, 0x00, 0x00, 0x18, 0x02, 0x00, 0x00,
        0x1B, 0x00, 0x00, 0x00, 0x23, 0x00, 0x00, 0x00, 0x67, 0xBA, 0x8E, 0xEB, 0x25, 0x00, 0x00, 0x00,
        0xFC, 0xE3, 0x7D, 0x6F, 0x23, 0x00, 0x00, 0x00, 0x11, 0x02, 0x00, 0x00, 0x2D, 0x00, 0x00, 0x00,
        0x2A, 0x00, 0x00, 0x00, 0x40, 0x2C, 0xE8, 0x08, 0x23, 0x00, 0x00, 0x00, 0x10, 0x02, 0x00, 0x00,
        0x25, 0x00, 0x00, 0x00, 0x09, 0x00, 0x00, 0x00, 0x1F, 0xAD, 0x87, 0x33, 0x09, 0x00, 0x00, 0x00,
        0x26, 0x00, 0x00, 0x00, 0xC6, 0xC2, 0x34, 0x52, 0x09, 0x00, 0x00, 0x00, 0x26, 0x00, 0x00, 0x00,
        0x7A, 0x13, 0xAF, 0xCA, 0x7B, 0xEC, 0x3B, 0x59, 0x23, 0x00, 0x00, 0x00, 0x11, 0x02, 0x00, 0x00,
        0x2A, 0x00, 0x00, 0x00, 0x2B, 0xE3, 0x90, 0x83, 0x23, 0x00, 0x00, 0x00, 0x11, 0x02, 0x00, 0x00,
        0x25, 0x00, 0x00, 0x00, 0x0E, 0x00, 0x00, 0x00, 0x09, 0x00, 0x00, 0x00, 0xF1, 0xA2, 0x58, 0x61,
        0x13, 0x2F, 0x4D, 0x2F, 0x23, 0x00, 0x00, 0x00, 0x32, 0x01, 0x00, 0x00, 0x2A, 0x00, 0x00, 0x00,
        0x7B, 0xEC, 0x3B, 0x59, 0x23, 0x00, 0x00, 0x00, 0x11, 0x02, 0x00, 0x00, 0x2B, 0x00, 0x00, 0x00,
        0x6B, 0x37, 0x6E, 0x55, 0x23, 0x00, 0x00, 0x00, 0x0F, 0x02, 0x00, 0x00, 0x25, 0x00, 0x00, 0x00,
        0x0E, 0x00, 0x00, 0x00, 0x09, 0x00, 0x00, 0x00, 0x1A, 0x00, 0x00, 0x00, 0x26, 0x00, 0x00, 0x00,
        0x19, 0xBB, 0xAE, 0x83, 0x10, 0x00, 0x00, 0x00, 0x10, 0x00, 0x00, 0x00, 0xF1, 0xA2, 0x58, 0x61,
        0x1B, 0x00, 0x00, 0x00, 0x13, 0x2F, 0x4D, 0x2F, 0x23, 0x00, 0x00, 0x00, 0x32, 0x01, 0x00, 0x00,
        0x2B, 0x00, 0x00, 0x00, 0x2A, 0x00, 0x00, 0x00, 0xDA, 0xEE, 0x21, 0x10, 0x1A, 0x00, 0x00, 0x00,
        0xFC, 0xE3, 0x7D, 0x6F, 0x2C, 0x00, 0x00, 0x00, 0x2B, 0xE3, 0x90, 0x83, 0x1B, 0x00, 0x00, 0x00,
        0x25, 0x00, 0x00, 0x00, 0x0E, 0x00, 0x00, 0x00, 0x09, 0x00, 0x00, 0x00, 0x26, 0x00, 0x00, 0x00,
        0x7A, 0x13, 0xAF, 0xCA, 0x7B, 0xEC, 0x3B, 0x59, 0x23, 0x00, 0x00, 0x00, 0x11, 0x02, 0x00, 0x00,
        0x2E, 0x00, 0x00, 0x00, 0x2A, 0x00, 0x00, 0x00, 0x7B, 0xEC, 0x3B, 0x59, 0x23, 0x00, 0x00, 0x00,
        0x12, 0x02, 0x00, 0x00, 0x25, 0x00, 0x00, 0x00, 0x0E, 0x00, 0x00, 0x00, 0x0F, 0x00, 0x00, 0x00,
        0x13, 0x2F, 0x4D, 0x2F, 0x23, 0x00, 0x00, 0x00, 0x32, 0x01, 0x00, 0x00, 0x2A, 0x00, 0x00, 0x00,
        0x2B, 0xE3, 0x90, 0x83, 0x23, 0x00, 0x00, 0x00, 0x11, 0x02, 0x00, 0x00, 0x25, 0x00, 0x00, 0x00,
        0x13, 0x2F, 0x4D, 0x2F, 0x23, 0x00, 0x00, 0x00, 0x32, 0x01, 0x00, 0x00, 0x2B, 0x00, 0x00, 0x00,
        0x2A, 0x00, 0x00, 0x00, 0x6B, 0x37, 0x6E, 0x55, 0x23, 0x00, 0x00, 0x00, 0x0F, 0x02, 0x00, 0x00,
        0x25, 0x00, 0x00, 0x00, 0x13, 0x2F, 0x4D, 0x2F, 0x23, 0x00, 0x00, 0x00, 0x32, 0x01, 0x00, 0x00,
        0x2B, 0x00, 0x00, 0x00, 0x2A, 0x00, 0x00, 0x00, 0xDA, 0xEE, 0x21, 0x10, 0x1A, 0x00, 0x00, 0x00,
        0x2B, 0xE3, 0x90, 0x83, 0x2C, 0x00, 0x00, 0x00, 0xFC, 0xE3, 0x7D, 0x6F, 0x1B, 0x00, 0x00, 0x00,
        0x25, 0x00, 0x00, 0x00, 0x09, 0x00, 0x00, 0x00, 0x4B, 0xF3, 0x51, 0xF8, 0x13, 0x2F, 0x4D, 0x2F,
        0x23, 0x00, 0x00, 0x00, 0x32, 0x01, 0x00, 0x00, 0x2B, 0x00, 0x00, 0x00, 0x2A, 0x00, 0x00, 0x00,
        0x40, 0x2C, 0xE8, 0x08, 0x23, 0x00, 0x00, 0x00, 0x12, 0x02, 0x00, 0x00, 0x25, 0x00, 0x00, 0x00,
        0x0E, 0x00, 0x00, 0x00, 0x0E, 0x00, 0x00, 0x00, 0x0E, 0x00, 0x00, 0x00, 0x09, 0x00, 0x00, 0x00,
        0xCB, 0xA6, 0x86, 0x3B, 0x10, 0x00, 0x00, 0x00, 0x10, 0x00, 0x00, 0x00, 0x2B, 0xFF, 0x10, 0x95,
        0x13, 0x2F, 0x4D, 0x2F, 0x23, 0x00, 0x00, 0x00, 0xCC, 0xDF, 0x38, 0x56, 0x23, 0x00, 0x00, 0x00,
        0x99, 0x28, 0xE6, 0x8F, 0x2A, 0x00, 0x00, 0x00, 0x2A, 0x4B, 0xC1, 0xDC, 0x23, 0x00, 0x00, 0x00,
        0xCC, 0xDF, 0x38, 0x56, 0x23, 0x00, 0x00, 0x00, 0x99, 0x28, 0xE6, 0x8F, 0x25, 0x00, 0x00, 0x00,
        0x0E, 0x00, 0x00, 0x00, 0x09, 0x00, 0x00, 0x00, 0x0D, 0x02, 0x00, 0x00, 0x10, 0x00, 0x00, 0x00,
        0x10, 0x00, 0x00, 0x00, 0x0A, 0x02, 0x00, 0x00, 0x10, 0x00, 0x00, 0x00, 0x10, 0x00, 0x00, 0x00,
        0x26, 0x00, 0x00, 0x00, 0xD0, 0xF3, 0x1A, 0xBE, 0x10, 0x00, 0x00, 0x00, 0x10, 0x00, 0x00, 0x00,
        0x76, 0x46, 0x9F, 0x70, 0x13, 0x2F, 0x4D, 0x2F, 0x23, 0x00, 0x00, 0x00, 0x7B, 0xEC, 0x3B, 0x59,
        0x2A, 0x00, 0x00, 0x00, 0x7B, 0xEC, 0x3B, 0x59, 0x25, 0x00, 0x00, 0x00, 0x0E, 0x00, 0x00, 0x00,
        0x06, 0x00, 0x00, 0x00, 0x48, 0x1A, 0xCC, 0x10, 0x86, 0x1D, 0x1B, 0x14, 0x1A, 0x00, 0x00, 0x00,
        0x13, 0x2F, 0x4D, 0x2F, 0x23, 0x00, 0x00, 0x00, 0x7B, 0xEC, 0x3B, 0x59, 0x22, 0x00, 0x00, 0x00,
        0x2A, 0x4B, 0xC1, 0xDC, 0x23, 0x00, 0x00, 0x00, 0x31, 0x01, 0x00, 0x00, 0x22, 0x00, 0x00, 0x00,
        0x17, 0x02, 0x00, 0x00, 0x1B, 0x00, 0x00, 0x00, 0x25, 0x00, 0x00, 0x00, 0x0E, 0x00, 0x00, 0x00,
        0xD8, 0x00, 0x00, 0x00, 0x13, 0x2F, 0x4D, 0x2F, 0x25, 0x00, 0x00, 0x00, 0x1F, 0x00, 0x00, 0x00,
        0xE9, 0x00, 0x00, 0x00, 0xCC, 0x31, 0x65, 0x1B, 0x1E, 0x00, 0x00, 0x00, 0x36, 0x01, 0x00, 0x00,
        0xA5, 0x5B, 0x3F, 0x48, 0x1E, 0x00, 0x00, 0x00, 0x39, 0x01, 0x00, 0x00, 0x2A, 0x00, 0x00, 0x00,
        0xE6, 0xF6, 0xD5, 0xC7, 0x1A, 0x00, 0x00, 0x00, 0x1B, 0x00, 0x00, 0x00, 0x40, 0xEB, 0x6A, 0x86,
        0x25, 0x00, 0x00, 0x00, 0x3F, 0x01, 0x00, 0x00, 0x2A, 0x00, 0x00, 0x00, 0x17, 0x02, 0x00, 0x00,
        0x25, 0x00, 0x00, 0x00, 0x40, 0x01, 0x00, 0x00, 0x2A, 0x00, 0x00, 0x00, 0x17, 0x02, 0x00, 0x00,
        0x25, 0x00, 0x00, 0x00, 0x41, 0x01, 0x00, 0x00, 0x2A, 0x00, 0x00, 0x00, 0x4E, 0x01, 0x00, 0x00,
        0x25, 0x00, 0x00, 0x00, 0x3A, 0x01, 0x00, 0x00, 0x2A, 0x00, 0x00, 0x00, 0x27, 0xF6, 0xE2, 0x0F,
        0x1A, 0x00, 0x00, 0x00, 0x1B, 0x00, 0x00, 0x00, 0xC6, 0x4C, 0x30, 0xD0, 0x25, 0x00, 0x00, 0x00,
        0x06, 0x00, 0x00, 0x00, 0x78, 0x9F, 0xD8, 0x7F, 0x10, 0x00, 0x00, 0x00, 0x10, 0x00, 0x00, 0x00,
        0x3F, 0x02, 0x95, 0xDC, 0x10, 0x00, 0x00, 0x00, 0x10, 0x00, 0x00, 0x00, 0x4E, 0xE4, 0xB4, 0x39,
        0x10, 0x00, 0x00, 0x00, 0x10, 0x00, 0x00, 0x00, 0xCA, 0xE6, 0xF5, 0xF2, 0x41, 0x01, 0x00, 0x00,
        0x2A, 0x00, 0x00, 0x00, 0x4A, 0x01, 0x00, 0x00, 0x25, 0x00, 0x00, 0x00, 0x0E, 0x00, 0x00, 0x00,
        0x1F, 0x00, 0x00, 0x00, 0x1F, 0x00, 0x00, 0x00, 0x01, 0x00, 0x00, 0x00, 0xC9, 0xC9, 0x47, 0x07,
        0xD0, 0xCA, 0xE3, 0x1A, 0x65, 0x63, 0xEC, 0x1A, 0x1A, 0x00, 0x00, 0x00, 0xB9, 0x6C, 0x13, 0xAA,
        0x24, 0x8A, 0x06, 0xF1, 0x1B, 0x00, 0x00, 0x00, 0x1E, 0x00, 0x00, 0x00, 0xD0, 0xCA, 0xE3, 0x1A,
        0x13, 0x2F, 0x4D, 0x2F, 0x2A, 0x00, 0x00, 0x00, 0x1A, 0x00, 0x00, 0x00, 0xD0, 0xCA, 0xE3, 0x1A,
        0x1B, 0x00, 0x00, 0x00, 0x19, 0x02, 0x00, 0x00, 0x25, 0x00, 0x00, 0x00, 0x42, 0x23, 0x38, 0x0E,
        0x2A, 0x4B, 0xC1, 0xDC, 0x2A, 0x00, 0x00, 0x00, 0x1A, 0x00, 0x00, 0x00, 0x42, 0x23, 0x38, 0x0E,
        0x1B, 0x00, 0x00, 0x00, 0x19, 0x02, 0x00, 0x00, 0x25, 0x00, 0x00, 0x00, 0xFE, 0x1C, 0x3D, 0x55,
        0x1A, 0x00, 0x00, 0x00, 0x24, 0x8A, 0x06, 0xF1, 0x22, 0x00, 0x00, 0x00, 0x2A, 0x4B, 0xC1, 0xDC,
        0x1B, 0x00, 0x00, 0x00, 0x25, 0x00, 0x00, 0x00, 0x42, 0x23, 0x38, 0x0E, 0xE0, 0x72, 0x14, 0xF2,
        0x2A, 0x00, 0x00, 0x00, 0x1A, 0x00, 0x00, 0x00, 0x42, 0x23, 0x38, 0x0E, 0x1B, 0x00, 0x00, 0x00,
        0x2A, 0x4B, 0xC1, 0xDC, 0x25, 0x00, 0x00, 0x00, 0x56, 0x00, 0x00, 0x00, 0x7B, 0xEC, 0x3B, 0x59,
        0x2A, 0x00, 0x00, 0x00, 0x19, 0x02, 0x00, 0x00, 0x25, 0x00, 0x00, 0x00, 0x7B, 0xEC, 0x3B, 0x59,
        0x2A, 0x00, 0x00, 0x00, 0xA9, 0x7D, 0x8A, 0x88, 0x1A, 0x00, 0x00, 0x00, 0xFD, 0x72, 0xFA, 0x55,
        0x22, 0x00, 0x00, 0x00, 0x2A, 0x4B, 0xC1, 0xDC, 0x1B, 0x00, 0x00, 0x00, 0x25, 0x00, 0x00, 0x00,
        0x13, 0x2F, 0x4D, 0x2F, 0x23, 0x00, 0x00, 0x00, 0x67, 0xC5, 0x3C, 0x47, 0x2A, 0x00, 0x00, 0x00,
        0x76, 0x97, 0x8E, 0xAD, 0x1A, 0x00, 0x00, 0x00, 0x7B, 0xEC, 0x3B, 0x59, 0x1B, 0x00, 0x00, 0x00,
        0x25, 0x00, 0x00, 0x00, 0x06, 0x00, 0x00, 0x00, 0xDA, 0xC0, 0xA8, 0x86, 0x55, 0x00, 0x00, 0x00,
        0x5D, 0xA7, 0x8A, 0x72, 0x2A, 0x00, 0x00, 0x00, 0x4B, 0xC3, 0x52, 0xCE, 0x1A, 0x00, 0x00, 0x00,
        0x30, 0x00, 0x00, 0x00, 0x1A, 0x00, 0x00, 0x00, 0x1A, 0x00, 0x00, 0x00, 0x8C, 0x00, 0x00, 0x00,
        0x5A, 0x00, 0x00, 0x00, 0x1B, 0x00, 0x00, 0x00, 0x2A, 0x4B, 0xC1, 0xDC, 0x23, 0x00, 0x00, 0x00,
        0x3B, 0x99, 0x21, 0x61, 0x22, 0x00, 0x00, 0x00, 0x2A, 0x4B, 0xC1, 0xDC, 0x23, 0x00, 0x00, 0x00,
        0xD6, 0x43, 0x74, 0x7A, 0x1C, 0x00, 0x00, 0x00, 0x1A, 0x02, 0x00, 0x00, 0x1D, 0x00, 0x00, 0x00,
        0x1B, 0x00, 0x00, 0x00, 0x1B, 0x00, 0x00, 0x00, 0x25, 0x00, 0x00, 0x00, 0x2A, 0x4B, 0xC1, 0xDC,
        0x23, 0x00, 0x00, 0x00, 0x36, 0x36, 0x86, 0xAE, 0x23, 0x00, 0x00, 0x00, 0x67, 0xBA, 0x8E, 0xEB,
        0x2B, 0x00, 0x00, 0x00, 0x2A, 0x00, 0x00, 0x00, 0x14, 0x8A, 0x4C, 0x1D, 0x23, 0x00, 0x00, 0x00,
        0x67, 0xBA, 0x8E, 0xEB, 0x25, 0x00, 0x00, 0x00, 0x2A, 0x4B, 0xC1, 0xDC, 0x23, 0x00, 0x00, 0x00,
        0x36, 0x36, 0x86, 0xAE, 0x23, 0x00, 0x00, 0x00, 0x67, 0xBA, 0x8E, 0xEB, 0x2B, 0x00, 0x00, 0x00,
        0x2A, 0x00, 0x00, 0x00, 0xBD, 0x46, 0x16, 0xBB, 0x1A, 0x00, 0x00, 0x00, 0x2A, 0x4B, 0xC1, 0xDC,
        0x22, 0x00, 0x00, 0x00, 0x5D, 0xA7, 0x8A, 0x72, 0x1B, 0x00, 0x00, 0x00, 0x25, 0x00, 0x00, 0x00,
        0x7B, 0xEC, 0x3B, 0x59, 0x2A, 0x00, 0x00, 0x00, 0x30, 0x00, 0x00, 0x00, 0x1A, 0x00, 0x00, 0x00,
        0xFD, 0x72, 0xFA, 0x55, 0x22, 0x00, 0x00, 0x00, 0x56, 0x00, 0x00, 0x00, 0x1A, 0x00, 0x00, 0x00,
        0x2A, 0x4B, 0xC1, 0xDC, 0x23, 0x00, 0x00, 0x00, 0x36, 0x36, 0x86, 0xAE, 0x23, 0x00, 0x00, 0x00,
        0x67, 0xBA, 0x8E, 0xEB, 0x2C, 0x00, 0x00, 0x00, 0x14, 0x8A, 0x4C, 0x1D, 0x23, 0x00, 0x00, 0x00,
        0x67, 0xBA, 0x8E, 0xEB, 0x22, 0x00, 0x00, 0x00, 0x1A, 0x02, 0x00, 0x00, 0x1B, 0x00, 0x00, 0x00,
        0x1B, 0x00, 0x00, 0x00, 0x25, 0x00, 0x00, 0x00, 0x2A, 0x4B, 0xC1, 0xDC, 0x23, 0x00, 0x00, 0x00,
        0x36, 0x36, 0x86, 0xAE, 0x23, 0x00, 0x00, 0x00, 0x67, 0xBA, 0x8E, 0xEB, 0x2C, 0x00, 0x00, 0x00,
        0x2A, 0x00, 0x00, 0x00, 0x14, 0x8A, 0x4C, 0x1D, 0x23, 0x00, 0x00, 0x00, 0x67, 0xBA, 0x8E, 0xEB,
        0x25, 0x00, 0x00, 0x00, 0x0E, 0x00, 0x00, 0x00, 0xE0, 0x72, 0x14, 0xF2, 0x23, 0x00, 0x00, 0x00,
        0x0A, 0x43, 0x31, 0xF8, 0x2A, 0x00, 0x00, 0x00, 0x2A, 0x4B, 0xC1, 0xDC, 0x23, 0x00, 0x00, 0x00,
        0xE6, 0x00, 0x00, 0x00, 0x25, 0x00, 0x00, 0x00, 0x59, 0x00, 0x00, 0x00, 0x2D, 0xB8, 0x86, 0x32,
        0x25, 0x00, 0x00, 0x00, 0x56, 0x00, 0x00, 0x00, 0x5A, 0x2F, 0x13, 0x2E, 0x2A, 0x00, 0x00, 0x00,
        0xC3, 0x05, 0x35, 0xBD, 0x1A, 0x00, 0x00, 0x00, 0xFD, 0x72, 0xFA, 0x55, 0x22, 0x00, 0x00, 0x00,
        0xE0, 0x72, 0x14, 0xF2, 0x1B, 0x00, 0x00, 0x00, 0x25, 0x00, 0x00, 0x00, 0x13, 0x2F, 0x4D, 0x2F,
        0x23, 0x00, 0x00, 0x00, 0xB6, 0x11, 0x0E, 0xB6, 0x2A, 0x00, 0x00, 0x00, 0x76, 0x97, 0x8E, 0xAD,
        0x1A, 0x00, 0x00, 0x00, 0x5A, 0x2F, 0x13, 0x2E, 0x1B, 0x00, 0x00, 0x00, 0x25, 0x00, 0x00, 0x00,
        0x13, 0x2F, 0x4D, 0x2F, 0x23, 0x00, 0x00, 0x00, 0x7B, 0xEC, 0x3B, 0x59, 0x2A, 0x00, 0x00, 0x00,
        0x7B, 0xEC, 0x3B, 0x59, 0x25, 0x00, 0x00, 0x00, 0x56, 0x00, 0x00, 0x00, 0xCC, 0xDF, 0x38, 0x56,
        0x2A, 0x00, 0x00, 0x00, 0x2A, 0x4B, 0xC1, 0xDC, 0x23, 0x00, 0x00, 0x00, 0xCC, 0xDF, 0x38, 0x56,
        0x25, 0x00, 0x00, 0x00, 0xBD, 0x64, 0xF5, 0xAE, 0x1A, 0x00, 0x00, 0x00, 0xCC, 0xDF, 0x38, 0x56,
        0x22, 0x00, 0x00, 0x00, 0x13, 0x2F, 0x4D, 0x2F, 0x23, 0x00, 0x00, 0x00, 0xCC, 0xDF, 0x38, 0x56,
        0x22, 0x00, 0x00, 0x00, 0x2A, 0x4B, 0xC1, 0xDC, 0x23, 0x00, 0x00, 0x00, 0xE6, 0x00, 0x00, 0x00,
        0x22, 0x00, 0x00, 0x00, 0x2A, 0x4B, 0xC1, 0xDC, 0x23, 0x00, 0x00, 0x00, 0xD6, 0x43, 0x74, 0x7A,
        0x1C, 0x00, 0x00, 0x00, 0x1B, 0x02, 0x00, 0x00, 0x1D, 0x00, 0x00, 0x00, 0x22, 0x00, 0x00, 0x00,
        0x88, 0x25, 0x24, 0x98, 0x1B, 0x00, 0x00, 0x00, 0x25, 0x00, 0x00, 0x00, 0x13, 0x2F, 0x4D, 0x2F,
        0x23, 0x00, 0x00, 0x00, 0xCC, 0xDF, 0x38, 0x56, 0x23, 0x00, 0x00, 0x00, 0x12, 0x02, 0x00, 0x00,
        0x2A, 0x00, 0x00, 0x00, 0x19, 0x02, 0x00, 0x00, 0x25, 0x00, 0x00, 0x00, 0x13, 0x2F, 0x4D, 0x2F,
        0x23, 0x00, 0x00, 0x00, 0xCC, 0xDF, 0x38, 0x56, 0x23, 0x00, 0x00, 0x00, 0x11, 0x02, 0x00, 0x00,
        0x2A, 0x00, 0x00, 0x00, 0x19, 0x02, 0x00, 0x00, 0x25, 0x00, 0x00, 0x00, 0xD8, 0x00, 0x00, 0x00,
        0x13, 0x2F, 0x4D, 0x2F, 0x25, 0x00, 0x00, 0x00, 0x1F, 0x00, 0x00, 0x00, 0x31, 0x00, 0xF9, 0x67,
        0xE3, 0xC4, 0xB6, 0x4C, 0x1A, 0x00, 0x00, 0x00, 0xD0, 0xCA, 0xE3, 0x1A, 0x24, 0x8A, 0x06, 0xF1,
        0x1B, 0x00, 0x00, 0x00, 0x1E, 0x00, 0x00, 0x00, 0x31, 0x00, 0xF9, 0x67, 0x13, 0x2F, 0x4D, 0x2F,
        0x2A, 0x00, 0x00, 0x00, 0x1A, 0x00, 0x00, 0x00, 0x31, 0x00, 0xF9, 0x67, 0x1B, 0x00, 0x00, 0x00,
        0x1A, 0x02, 0x00, 0x00, 0x25, 0x00, 0x00, 0x00, 0x53, 0x00, 0x00, 0x00, 0xD1, 0xFD, 0x8A, 0x62,
        0x2A, 0x00, 0x00, 0x00, 0x06, 0xCE, 0x15, 0x35, 0x1A, 0x00, 0x00, 0x00, 0x24, 0x45, 0x4F, 0xAB,
        0x1A, 0x00, 0x00, 0x00, 0xBC, 0xCA, 0x20, 0xF1, 0x22, 0x00, 0x00, 0x00, 0x24, 0x8A, 0x06, 0xF1,
        0x23, 0x00, 0x00, 0x00, 0xCC, 0xDF, 0x38, 0x56, 0x1B, 0x00, 0x00, 0x00, 0x2E, 0x00, 0x00, 0x00,
        0xBC, 0x3F, 0x11, 0xE1, 0x1B, 0x00, 0x00, 0x00, 0x25, 0x00, 0x00, 0x00, 0x06, 0x00, 0x00, 0x00,
        0x26, 0x00, 0x00, 0x00, 0xDD, 0x39, 0x9C, 0x4A, 0x67, 0x14, 0x20, 0xAD, 0x1A, 0x00, 0x00, 0x00,
        0xD1, 0xFD, 0x8A, 0x62, 0x2C, 0x00, 0x00, 0x00, 0xB0, 0x13, 0x1F, 0xF9, 0x1A, 0x00, 0x00, 0x00,
        0x1B, 0x00, 0x00, 0x00, 0x1B, 0x00, 0x00, 0x00, 0x25, 0x00, 0x00, 0x00, 0x0F, 0x00, 0x00, 0x00,
        0x67, 0x14, 0x20, 0xAD, 0x1A, 0x00, 0x00, 0x00, 0xD1, 0xFD, 0x8A, 0x62, 0x2C, 0x00, 0x00, 0x00,
        0x34, 0x93, 0x76, 0xCB, 0x1B, 0x00, 0x00, 0x00, 0x25, 0x00, 0x00, 0x00, 0x0E, 0x00, 0x00, 0x00,
        0x6C, 0x00, 0x00, 0x00, 0x97, 0xAC, 0x6C, 0xB8, 0x2A, 0x00, 0x00, 0x00, 0x1A, 0x02, 0x00, 0x00,
        0x25, 0x00, 0x00, 0x00, 0x09, 0x00, 0x00, 0x00, 0x2B, 0xFF, 0x10, 0x95, 0x10, 0x00, 0x00, 0x00,
        0x10, 0x00, 0x00, 0x00, 0xDD, 0x39, 0x9C, 0x4A, 0x97, 0xAC, 0x6C, 0xB8, 0x2A, 0x00, 0x00, 0x00,
        0xD1, 0xFD, 0x8A, 0x62, 0x25, 0x00, 0x00, 0x00, 0x0E, 0x00, 0x00, 0x00, 0x13, 0x2F, 0x4D, 0x2F,
        0x23, 0x00, 0x00, 0x00, 0x8D, 0x75, 0x7A, 0xFA, 0x2A, 0x00, 0x00, 0x00, 0x06, 0x34, 0x21, 0xDB,
        0x1A, 0x00, 0x00, 0x00, 0x24, 0x8A, 0x06, 0xF1, 0x23, 0x00, 0x00, 0x00, 0x67, 0xC5, 0x3C, 0x47,
        0x23, 0x00, 0x00, 0x00, 0x99, 0x28, 0xE6, 0x8F, 0x2D, 0x00, 0x00, 0x00, 0x24, 0x8A, 0x06, 0xF1,
        0x23, 0x00, 0x00, 0x00, 0x67, 0xC5, 0x3C, 0x47, 0x23, 0x00, 0x00, 0x00, 0x12, 0x02, 0x00, 0x00,
        0x22, 0x00, 0x00, 0x00, 0x24, 0x8A, 0x06, 0xF1, 0x23, 0x00, 0x00, 0x00, 0xB6, 0x11, 0x0E, 0xB6,
        0x23, 0x00, 0x00, 0x00, 0x99, 0x28, 0xE6, 0x8F, 0x2D, 0x00, 0x00, 0x00, 0x24, 0x8A, 0x06, 0xF1,
        0x23, 0x00, 0x00, 0x00, 0xB6, 0x11, 0x0E, 0xB6, 0x23, 0x00, 0x00, 0x00, 0x12, 0x02, 0x00, 0x00,
        0x22, 0x00, 0x00, 0x00, 0x97, 0xAC, 0x6C, 0xB8, 0x1B, 0x00, 0x00, 0x00, 0x25, 0x00, 0x00, 0x00,
        0xD8, 0x00, 0x00, 0x00, 0x13, 0x2F, 0x4D, 0x2F, 0x25, 0x00, 0x00, 0x00, 0x1F, 0x00, 0x00, 0x00,
        0xE9, 0x00, 0x00, 0x00, 0x1C, 0x3B, 0x31, 0x54, 0x1E, 0x00, 0x00, 0x00, 0x36, 0x01, 0x00, 0x00,
        0xA5, 0x5B, 0x3F, 0x48, 0x1E, 0x00, 0x00, 0x00, 0x39, 0x01, 0x00, 0x00, 0x2A, 0x00, 0x00, 0x00,
        0x65, 0x63, 0xEC, 0x1A, 0x1A, 0x00, 0x00, 0x00, 0x1B, 0x00, 0x00, 0x00, 0x1A, 0xA2, 0x50, 0xC0,
        0x25, 0x00, 0x00, 0x00, 0x3A, 0x01, 0x00, 0x00, 0x2A, 0x00, 0x00, 0x00, 0xE3, 0xC4, 0xB6, 0x4C,
        0x1A, 0x00, 0x00, 0x00, 0x1B, 0x00, 0x00, 0x00, 0x9C, 0x05, 0x0A, 0x96, 0x25, 0x00, 0x00, 0x00,
        0x3F, 0x01, 0x00, 0x00, 0x2A, 0x00, 0x00, 0x00, 0x17, 0x02, 0x00, 0x00, 0x25, 0x00, 0x00, 0x00,
        0x40, 0x01, 0x00, 0x00, 0x2A, 0x00, 0x00, 0x00, 0x18, 0x02, 0x00, 0x00, 0x25, 0x00, 0x00, 0x00,
        0x41, 0x01, 0x00, 0x00, 0x2A, 0x00, 0x00, 0x00, 0x4A, 0x01, 0x00, 0x00, 0x25, 0x00, 0x00, 0x00,
        0x47, 0x01, 0x00, 0x00, 0x2A, 0x00, 0x00, 0x00, 0x53, 0x01, 0x00, 0x00, 0x25, 0x00, 0x00, 0x00,
        0x49, 0x01, 0x00, 0x00, 0x2A, 0x00, 0x00, 0x00, 0x17, 0x02, 0x00, 0x00, 0x25, 0x00, 0x00, 0x00,
        0x1F, 0x00, 0x00, 0x00, 0x1F, 0x00, 0x00, 0x00, 0x01, 0x00, 0x00, 0x00, 0x89, 0x4B, 0x0D, 0xD5,
        0x7A, 0xED, 0x77, 0xA7, 0x9B, 0x93, 0x07, 0x8F, 0x1A, 0x00, 0x00, 0x00, 0xB0, 0x40, 0x47, 0x0D,
        0x24, 0x8A, 0x06, 0xF1, 0x1B, 0x00, 0x00, 0x00, 0x1E, 0x00, 0x00, 0x00, 0x7A, 0xED, 0x77, 0xA7,
        0x13, 0x2F, 0x4D, 0x2F, 0x2A, 0x00, 0x00, 0x00, 0x1A, 0x00, 0x00, 0x00, 0x7A, 0xED, 0x77, 0xA7,
        0x1B, 0x00, 0x00, 0x00, 0x19, 0x02, 0x00, 0x00, 0x25, 0x00, 0x00, 0x00, 0x42, 0x23, 0x38, 0x0E,
        0x2A, 0x4B, 0xC1, 0xDC, 0x2A, 0x00, 0x00, 0x00, 0x1A, 0x00, 0x00, 0x00, 0x42, 0x23, 0x38, 0x0E,
        0x1B, 0x00, 0x00, 0x00, 0x19, 0x02, 0x00, 0x00, 0x25, 0x00, 0x00, 0x00, 0xF3, 0xBA, 0x00, 0xE5,
        0x1A, 0x00, 0x00, 0x00, 0x24, 0x8A, 0x06, 0xF1, 0x22, 0x00, 0x00, 0x00, 0x2A, 0x4B, 0xC1, 0xDC,
        0x1B, 0x00, 0x00, 0x00, 0x25, 0x00, 0x00, 0x00, 0x09, 0x00, 0x00, 0x00, 0x26, 0x00, 0x00, 0x00,
        0x10, 0x91, 0x6F, 0x41, 0x13, 0x2F, 0x4D, 0x2F, 0x23, 0x00, 0x00, 0x00, 0x3A, 0xB3, 0x24, 0x1F,
        0x2A, 0x00, 0x00, 0x00, 0x42, 0x01, 0x62, 0x8E, 0x1A, 0x00, 0x00, 0x00, 0x4E, 0xB4, 0xE9, 0x7B,
        0x1A, 0x00, 0x00, 0x00, 0x68, 0x41, 0xF2, 0x61, 0x23, 0x00, 0x00, 0x00, 0x11, 0x02, 0x00, 0x00,
        0x1B, 0x00, 0x00, 0x00, 0x1B, 0x00, 0x00, 0x00, 0x25, 0x00, 0x00, 0x00, 0x0F, 0x00, 0x00, 0x00,
        0x13, 0x2F, 0x4D, 0x2F, 0x23, 0x00, 0x00, 0x00, 0x3A, 0xB3, 0x24, 0x1F, 0x2A, 0x00, 0x00, 0x00,
        0x19, 0x02, 0x00, 0x00, 0x23, 0x00, 0x00, 0x00, 0x61, 0xE0, 0x4E, 0x3A, 0x25, 0x00, 0x00, 0x00,
        0x0E, 0x00, 0x00, 0x00, 0x13, 0x2F, 0x4D, 0x2F, 0x23, 0x00, 0x00, 0x00, 0x7B, 0xEC, 0x3B, 0x59,
        0x2A, 0x00, 0x00, 0x00, 0xA9, 0x7D, 0x8A, 0x88, 0x1A, 0x00, 0x00, 0x00, 0xFD, 0x72, 0xFA, 0x55,
        0x22, 0x00, 0x00, 0x00, 0x2A, 0x4B, 0xC1, 0xDC, 0x1B, 0x00, 0x00, 0x00, 0x25, 0x00, 0x00, 0x00,
        0x13, 0x2F, 0x4D, 0x2F, 0x23, 0x00, 0x00, 0x00, 0xDE, 0x39, 0x3B, 0xCF, 0x23, 0x00, 0x00, 0x00,
        0x67, 0xBA, 0x8E, 0xEB, 0x2A, 0x00, 0x00, 0x00, 0x2A, 0x4B, 0xC1, 0xDC, 0x23, 0x00, 0x00, 0x00,
        0x36, 0x36, 0x86, 0xAE, 0x23, 0x00, 0x00, 0x00, 0x67, 0xBA, 0x8E, 0xEB, 0x25, 0x00, 0x00, 0x00,
        0xBD, 0x64, 0xF5, 0xAE, 0x1A, 0x00, 0x00, 0x00, 0x2A, 0x4B, 0xC1, 0xDC, 0x23, 0x00, 0x00, 0x00,
        0xCC, 0xDF, 0x38, 0x56, 0x22, 0x00, 0x00, 0x00, 0x13, 0x2F, 0x4D, 0x2F, 0x23, 0x00, 0x00, 0x00,
        0xCC, 0xDF, 0x38, 0x56, 0x22, 0x00, 0x00, 0x00, 0x2A, 0x4B, 0xC1, 0xDC, 0x23, 0x00, 0x00, 0x00,
        0xE6, 0x00, 0x00, 0x00, 0x22, 0x00, 0x00, 0x00, 0x2A, 0x4B, 0xC1, 0xDC, 0x23, 0x00, 0x00, 0x00,
        0xD6, 0x43, 0x74, 0x7A, 0x1C, 0x00, 0x00, 0x00, 0x1B, 0x02, 0x00, 0x00, 0x1D, 0x00, 0x00, 0x00,
        0x22, 0x00, 0x00, 0x00, 0x88, 0x25, 0x24, 0x98, 0x1B, 0x00, 0x00, 0x00, 0x25, 0x00, 0x00, 0x00,
        0x13, 0x2F, 0x4D, 0x2F, 0x23, 0x00, 0x00, 0x00, 0xCC, 0xDF, 0x38, 0x56, 0x23, 0x00, 0x00, 0x00,
        0x11, 0x02, 0x00, 0x00, 0x2A, 0x00, 0x00, 0x00, 0x13, 0x2F, 0x4D, 0x2F, 0x23, 0x00, 0x00, 0x00,
        0x7B, 0xEC, 0x3B, 0x59, 0x23, 0x00, 0x00, 0x00, 0x12, 0x02, 0x00, 0x00, 0x25, 0x00, 0x00, 0x00,
        0x55, 0x00, 0x00, 0x00, 0x60, 0x54, 0xF0, 0x57, 0x2A, 0x00, 0x00, 0x00, 0x55, 0x00, 0x00, 0x00,
        0x1A, 0x00, 0x00, 0x00, 0x2A, 0x4B, 0xC1, 0xDC, 0x23, 0x00, 0x00, 0x00, 0x3B, 0x99, 0x21, 0x61,
        0x1C, 0x00, 0x00, 0x00, 0x19, 0x02, 0x00, 0x00, 0x1D, 0x00, 0x00, 0x00, 0x23, 0x00, 0x00, 0x00,
        0x12, 0x02, 0x00, 0x00, 0x22, 0x00, 0x00, 0x00, 0x2A, 0x4B, 0xC1, 0xDC, 0x23, 0x00, 0x00, 0x00,
        0x3B, 0x99, 0x21, 0x61, 0x1C, 0x00, 0x00, 0x00, 0x1A, 0x02, 0x00, 0x00, 0x1D, 0x00, 0x00, 0x00,
        0x23, 0x00, 0x00, 0x00, 0x12, 0x02, 0x00, 0x00, 0x22, 0x00, 0x00, 0x00, 0x2A, 0x4B, 0xC1, 0xDC,
        0x23, 0x00, 0x00, 0x00, 0x3B, 0x99, 0x21, 0x61, 0x1C, 0x00, 0x00, 0x00, 0x1B, 0x02, 0x00, 0x00,
        0x1D, 0x00, 0x00, 0x00, 0x23, 0x00, 0x00, 0x00, 0x12, 0x02, 0x00, 0x00, 0x1B, 0x00, 0x00, 0x00,
        0x25, 0x00, 0x00, 0x00, 0x13, 0x2F, 0x4D, 0x2F, 0x23, 0x00, 0x00, 0x00, 0xCC, 0xDF, 0x38, 0x56,
        0x23, 0x00, 0x00, 0x00, 0x12, 0x02, 0x00, 0x00, 0x2A, 0x00, 0x00, 0x00, 0x3A, 0x00, 0x00, 0x00,
        0x1A, 0x00, 0x00, 0x00, 0x40, 0x00, 0x00, 0x00, 0x1A, 0x00, 0x00, 0x00, 0x60, 0x54, 0xF0, 0x57,
        0x23, 0x00, 0x00, 0x00, 0x67, 0xBA, 0x8E, 0xEB, 0x2B, 0x00, 0x00, 0x00, 0x14, 0x8A, 0x4C, 0x1D,
        0x23, 0x00, 0x00, 0x00, 0x67, 0xBA, 0x8E, 0xEB, 0x1B, 0x00, 0x00, 0x00, 0x1B, 0x00, 0x00, 0x00,
        0x2B, 0x00, 0x00, 0x00, 0x19, 0x02, 0x00, 0x00, 0x23, 0x00, 0x00, 0x00, 0x36, 0x24, 0x41, 0xCF,
        0x25, 0x00, 0x00, 0x00, 0x13, 0x2F, 0x4D, 0x2F, 0x23, 0x00, 0x00, 0x00, 0x54, 0x05, 0xA0, 0x01,
        0x2A, 0x00, 0x00, 0x00, 0x76, 0x97, 0x8E, 0xAD, 0x1A, 0x00, 0x00, 0x00, 0x13, 0x2F, 0x4D, 0x2F,
        0x23, 0x00, 0x00, 0x00, 0x7B, 0xEC, 0x3B, 0x59, 0x1B, 0x00, 0x00, 0x00, 0x25, 0x00, 0x00, 0x00,
        0x06, 0x00, 0x00, 0x00, 0xDA, 0xC0, 0xA8, 0x86, 0x55, 0x00, 0x00, 0x00, 0x5D, 0xA7, 0x8A, 0x72,
        0x2A, 0x00, 0x00, 0x00, 0x4B, 0xC3, 0x52, 0xCE, 0x1A, 0x00, 0x00, 0x00, 0x30, 0x00, 0x00, 0x00,
        0x1A, 0x00, 0x00, 0x00, 0x1A, 0x00, 0x00, 0x00, 0x8C, 0x00, 0x00, 0x00, 0x5A, 0x00, 0x00, 0x00,
        0x1B, 0x00, 0x00, 0x00, 0x2A, 0x4B, 0xC1, 0xDC, 0x23, 0x00, 0x00, 0x00, 0x3B, 0x99, 0x21, 0x61,
        0x22, 0x00, 0x00, 0x00, 0x2A, 0x4B, 0xC1, 0xDC, 0x23, 0x00, 0x00, 0x00, 0xD6, 0x43, 0x74, 0x7A,
        0x1C, 0x00, 0x00, 0x00, 0x1A, 0x02, 0x00, 0x00, 0x1D, 0x00, 0x00, 0x00, 0x1B, 0x00, 0x00, 0x00,
        0x1B, 0x00, 0x00, 0x00, 0x25, 0x00, 0x00, 0x00, 0x0E, 0x00, 0x00, 0x00, 0x06, 0x00, 0x00, 0x00,
        0xDA, 0xC0, 0xA8, 0x86, 0x2A, 0x4B, 0xC1, 0xDC, 0x23, 0x00, 0x00, 0x00, 0x36, 0x36, 0x86, 0xAE,
        0x23, 0x00, 0x00, 0x00, 0x67, 0xBA, 0x8E, 0xEB, 0x2B, 0x00, 0x00, 0x00, 0x2A, 0x00, 0x00, 0x00,
        0x14, 0x8A, 0x4C, 0x1D, 0x23, 0x00, 0x00, 0x00, 0x67, 0xBA, 0x8E, 0xEB, 0x25, 0x00, 0x00, 0x00,
        0x2A, 0x4B, 0xC1, 0xDC, 0x23, 0x00, 0x00, 0x00, 0x36, 0x36, 0x86, 0xAE, 0x23, 0x00, 0x00, 0x00,
        0x67, 0xBA, 0x8E, 0xEB, 0x2B, 0x00, 0x00, 0x00, 0x2A, 0x00, 0x00, 0x00, 0xBD, 0x46, 0x16, 0xBB,
        0x1A, 0x00, 0x00, 0x00, 0x2A, 0x4B, 0xC1, 0xDC, 0x22, 0x00, 0x00, 0x00, 0x5D, 0xA7, 0x8A, 0x72,
        0x1B, 0x00, 0x00, 0x00, 0x25, 0x00, 0x00, 0x00, 0x13, 0x2F, 0x4D, 0x2F, 0x23, 0x00, 0x00, 0x00,
        0x7B, 0xEC, 0x3B, 0x59, 0x2A, 0x00, 0x00, 0x00, 0x30, 0x00, 0x00, 0x00, 0x1A, 0x00, 0x00, 0x00,
        0xFD, 0x72, 0xFA, 0x55, 0x22, 0x00, 0x00, 0x00, 0x56, 0x00, 0x00, 0x00, 0x1A, 0x00, 0x00, 0x00,
        0x2A, 0x4B, 0xC1, 0xDC, 0x23, 0x00, 0x00, 0x00, 0x36, 0x36, 0x86, 0xAE, 0x23, 0x00, 0x00, 0x00,
        0x67, 0xBA, 0x8E, 0xEB, 0x2C, 0x00, 0x00, 0x00, 0x14, 0x8A, 0x4C, 0x1D, 0x23, 0x00, 0x00, 0x00,
        0x67, 0xBA, 0x8E, 0xEB, 0x22, 0x00, 0x00, 0x00, 0x1A, 0x02, 0x00, 0x00, 0x1B, 0x00, 0x00, 0x00,
        0x1B, 0x00, 0x00, 0x00, 0x25, 0x00, 0x00, 0x00, 0x2A, 0x4B, 0xC1, 0xDC, 0x23, 0x00, 0x00, 0x00,
        0x36, 0x36, 0x86, 0xAE, 0x23, 0x00, 0x00, 0x00, 0x67, 0xBA, 0x8E, 0xEB, 0x2C, 0x00, 0x00, 0x00,
        0x2A, 0x00, 0x00, 0x00, 0x14, 0x8A, 0x4C, 0x1D, 0x23, 0x00, 0x00, 0x00, 0x67, 0xBA, 0x8E, 0xEB,
        0x25, 0x00, 0x00, 0x00, 0x0E, 0x00, 0x00, 0x00, 0xD8, 0x00, 0x00, 0x00, 0x13, 0x2F, 0x4D, 0x2F,
        0x25, 0x00, 0x00, 0x00, 0x1F, 0x00, 0x00, 0x00, 0xE9, 0x00, 0x00, 0x00, 0x2C, 0xB1, 0x34, 0x24,
        0x1E, 0x00, 0x00, 0x00, 0x36, 0x01, 0x00, 0x00, 0xA5, 0x5B, 0x3F, 0x48, 0x1E, 0x00, 0x00, 0x00,
        0x39, 0x01, 0x00, 0x00, 0x2A, 0x00, 0x00, 0x00, 0x9B, 0x93, 0x07, 0x8F, 0x1A, 0x00, 0x00, 0x00,
        0x1B, 0x00, 0x00, 0x00, 0xCC, 0x46, 0x98, 0x0E, 0x25, 0x00, 0x00, 0x00, 0x3A, 0x01, 0x00, 0x00,
        0x2A, 0x00, 0x00, 0x00, 0xAD, 0x5D, 0x08, 0x4E, 0x1A, 0x00, 0x00, 0x00, 0x1B, 0x00, 0x00, 0x00,
        0x4A, 0xE1, 0xC2, 0x58, 0x25, 0x00, 0x00, 0x00, 0x3F, 0x01, 0x00, 0x00, 0x2A, 0x00, 0x00, 0x00,
        0x17, 0x02, 0x00, 0x00, 0x25, 0x00, 0x00, 0x00, 0x40, 0x01, 0x00, 0x00, 0x2A, 0x00, 0x00, 0x00,
        0x18, 0x02, 0x00, 0x00, 0x25, 0x00, 0x00, 0x00, 0x41, 0x01, 0x00, 0x00, 0x2A, 0x00, 0x00, 0x00,
        0x4A, 0x01, 0x00, 0x00, 0x25, 0x00, 0x00, 0x00, 0x47, 0x01, 0x00, 0x00, 0x2A, 0x00, 0x00, 0x00,
        0x53, 0x01, 0x00, 0x00, 0x25, 0x00, 0x00, 0x00, 0x49, 0x01, 0x00, 0x00, 0x2A, 0x00, 0x00, 0x00,
        0x17, 0x02, 0x00, 0x00, 0x25, 0x00, 0x00, 0x00, 0x1F, 0x00, 0x00, 0x00, 0x1F, 0x00, 0x00, 0x00,
        0x0C, 0xAA, 0xA6, 0x00, 0x6C, 0x69, 0x67, 0x68, 0x74, 0x56, 0x65, 0x63, 0x00, 0x54, 0x05, 0xA0,
        0x01, 0x73, 0x63, 0x72, 0x65, 0x65, 0x6E, 0x50, 0x72, 0x6F, 0x6A, 0x00, 0xCD, 0xFE, 0xA3, 0x03,
        0x44, 0x69, 0x72, 0x65, 0x63, 0x74, 0x69, 0x6F, 0x6E, 0x54, 0x65, 0x78, 0x00, 0xAB, 0x5C, 0x13,
        0x04, 0x53, 0x65, 0x63, 0x6F, 0x6E, 0x64, 0x61, 0x72, 0x79, 0x48, 0x69, 0x67, 0x68, 0x6C, 0x69,
        0x67, 0x68, 0x74, 0x53, 0x68, 0x69, 0x66, 0x74, 0x41, 0x6D, 0x6F, 0x75, 0x6E, 0x74, 0x00, 0xF5,
        0x19, 0xC6, 0x04, 0x73, 0x73, 0x64, 0x6F, 0x4D, 0x6F, 0x64, 0x65, 0x00, 0x28, 0xD8, 0x54, 0x05,
        0x56, 0x65, 0x72, 0x74, 0x65, 0x78, 0x4C, 0x69, 0x62, 0x00, 0x9D, 0xE3, 0x9A, 0x05, 0x43, 0x61,
        0x6C, 0x6C, 0x62, 0x61, 0x63, 0x6B, 0x5F, 0x53, 0x68, 0x61, 0x64, 0x69, 0x6E, 0x67, 0x44, 0x69,
        0x72, 0x65, 0x63, 0x74, 0x00, 0x6A, 0xE7, 0xC7, 0x05, 0x62, 0x61, 0x63, 0x6B, 0x5F, 0x70, 0x61,
        0x73, 0x73, 0x00, 0x94, 0x93, 0x30, 0x06, 0x6C, 0x69, 0x67, 0x68, 0x74, 0x50, 0x61, 0x72, 0x61,
        0x6D, 0x73, 0x00, 0xE9, 0x0C, 0x5C, 0x06, 0x73, 0x73, 0x43, 0x6F, 0x6D, 0x70, 0x61, 0x72, 0x69,
        0x73, 0x6F, 0x6E, 0x00, 0xF9, 0x20, 0xE6, 0x06, 0x53, 0x61, 0x6D, 0x70, 0x53, 0x74, 0x61, 0x74,
        0x65, 0x54, 0x72, 0x69, 0x6C, 0x69, 0x6E, 0x65, 0x61, 0x72, 0x43, 0x6C, 0x61, 0x6D, 0x70, 0x00,
        0x48, 0x84, 0xF8, 0x06, 0x43, 0x75, 0x73, 0x74, 0x6F, 0x6D, 0x46, 0x6F, 0x72, 0x77, 0x61, 0x72,
        0x64, 0x53, 0x68, 0x61, 0x64, 0x69, 0x6E, 0x67, 0x41, 0x74, 0x74, 0x72, 0x69, 0x62, 0x73, 0x00,
        0xC9, 0xC9, 0x47, 0x07, 0x43, 0x6F, 0x6D, 0x6D, 0x6F, 0x6E, 0x4D, 0x6F, 0x74, 0x69, 0x6F, 0x6E,
        0x42, 0x6C, 0x75, 0x72, 0x50, 0x61, 0x73, 0x73, 0x00, 0xFA, 0xA1, 0x6D, 0x07, 0x6F, 0x66, 0x00,
        0xB6, 0x7F, 0xDB, 0x08, 0x73, 0x68, 0x69, 0x66, 0x74, 0x41, 0x6D, 0x6F, 0x75, 0x6E, 0x74, 0x00,
        0x40, 0x2C, 0xE8, 0x08, 0x43, 0x50, 0x5F, 0x53, 0x68, 0x61, 0x64, 0x6F, 0x77, 0x47, 0x65, 0x6E,
        0x5F, 0x46, 0x72, 0x75, 0x73, 0x74, 0x75, 0x6D, 0x49, 0x6E, 0x66, 0x6F, 0x00, 0xA5, 0x3D, 0x12,
        0x09, 0x52, 0x45, 0x47, 0x5F, 0x50, 0x4D, 0x5F, 0x50, 0x41, 0x52, 0x41, 0x4D, 0x5F, 0x32, 0x00,
        0xC8, 0x29, 0xB6, 0x09, 0x6F, 0x6E, 0x00, 0xC6, 0x4D, 0xBA, 0x09, 0x53, 0x6D, 0x6F, 0x6F, 0x74,
        0x68, 0x6E, 0x65, 0x73, 0x73, 0x00, 0x54, 0x26, 0xCF, 0x09, 0x46, 0x6F, 0x72, 0x77, 0x61, 0x72,
        0x64, 0x53, 0x68, 0x61, 0x64, 0x69, 0x6E, 0x67, 0x41, 0x74, 0x74, 0x72, 0x69, 0x62, 0x73, 0x00,
        0x94, 0xF7, 0x41, 0x0B, 0x25, 0x5F, 0x52, 0x54, 0x5F, 0x44, 0x49, 0x53, 0x53, 0x4F, 0x4C, 0x56,
        0x45, 0x00, 0x80, 0xA1, 0x59, 0x0B, 0x46, 0x77, 0x64, 0x5F, 0x41, 0x70, 0x70, 0x6C, 0x79, 0x46,
        0x6F, 0x67, 0x00, 0xD9, 0x43, 0x7E, 0x0B, 0x43, 0x56, 0x5F, 0x53, 0x75, 0x6E, 0x43, 0x6F, 0x6C,
        0x6F, 0x72, 0x00, 0xB0, 0x40, 0x47, 0x0D, 0x61, 0x70, 0x70, 0x32, 0x76, 0x65, 0x72, 0x74, 0x43,
        0x75, 0x73, 0x74, 0x6F, 0x6D, 0x56, 0x69, 0x65, 0x77, 0x73, 0x00, 0x1A, 0x81, 0x9A, 0x0D, 0x53,
        0x6F, 0x66, 0x74, 0x49, 0x6E, 0x74, 0x65, 0x72, 0x73, 0x65, 0x63, 0x74, 0x69, 0x6F, 0x6E, 0x00,
        0x8E, 0xF4, 0xF9, 0x0D, 0x47, 0x42, 0x75, 0x66, 0x66, 0x65, 0x72, 0x42, 0x00, 0x9D, 0xB7, 0x08,
        0x0E, 0x53, 0x74, 0x72, 0x61, 0x6E, 0x64, 0x00, 0x42, 0x23, 0x38, 0x0E, 0x73, 0x74, 0x72, 0x65,
        0x61, 0x6D, 0x50, 0x6F, 0x73, 0x00, 0xCC, 0x46, 0x98, 0x0E, 0x43, 0x75, 0x73, 0x74, 0x6F, 0x6D,
        0x52, 0x65, 0x6E, 0x64, 0x65, 0x72, 0x56, 0x53, 0x00, 0x27, 0xF6, 0xE2, 0x0F, 0x43, 0x6F, 0x6D,
        0x6D, 0x6F, 0x6E, 0x5F, 0x53, 0x47, 0x5F, 0x50, 0x53, 0x00, 0xDA, 0xEE, 0x21, 0x10, 0x53, 0x68,
        0x61, 0x64, 0x6F, 0x77, 0x4D, 0x6F, 0x74, 0x69, 0x6F, 0x6E, 0x42, 0x69, 0x61, 0x73, 0x00, 0x48,
        0x1A, 0xCC, 0x10, 0x48, 0x49, 0x44, 0x49, 0x4E, 0x47, 0x5F, 0x47, 0x52, 0x4F, 0x55, 0x50, 0x53,
        0x00, 0x6E, 0x16, 0x21, 0x11, 0x41, 0x6C, 0x70, 0x68, 0x61, 0x00, 0xFE, 0xA6, 0x32, 0x11, 0x61,
        0x70, 0x70, 0x6C, 0x79, 0x54, 0x68, 0x72, 0x65, 0x65, 0x50, 0x6F, 0x69, 0x6E, 0x74, 0x4C, 0x69,
        0x67, 0x68, 0x74, 0x69, 0x6E, 0x67, 0x00, 0xC4, 0x81, 0x01, 0x13, 0x63, 0x6C, 0x6F, 0x73, 0x65,
        0x00, 0x86, 0x1D, 0x1B, 0x14, 0x44, 0x69, 0x73, 0x63, 0x61, 0x72, 0x64, 0x56, 0x65, 0x72, 0x74,
        0x65, 0x78, 0x49, 0x66, 0x48, 0x69, 0x64, 0x64, 0x65, 0x6E, 0x00, 0xF1, 0xB9, 0xC8, 0x14, 0x25,
        0x5F, 0x52, 0x54, 0x5F, 0x4D, 0x53, 0x41, 0x41, 0x5F, 0x51, 0x55, 0x41, 0x4C, 0x49, 0x54, 0x59,
        0x31, 0x00, 0xF8, 0xF5, 0xC8, 0x16, 0x76, 0x65, 0x72, 0x74, 0x32, 0x66, 0x72, 0x61, 0x67, 0x5A,
        0x5F, 0x43, 0x00, 0x5C, 0x29, 0xD5, 0x16, 0x64, 0x65, 0x66, 0x69, 0x6E, 0x69, 0x6E, 0x67, 0x00,
        0xF9, 0x4C, 0x39, 0x17, 0x47, 0x65, 0x74, 0x53, 0x70, 0x65, 0x63, 0x75, 0x6C, 0x61, 0x72, 0x54,
        0x65, 0x78, 0x00, 0x0F, 0x15, 0x73, 0x18, 0x45, 0x6E, 0x63, 0x6F, 0x64, 0x65, 0x47, 0x42, 0x75,
        0x66, 0x66, 0x65, 0x72, 0x00, 0x3D, 0x96, 0x10, 0x19, 0x44, 0x45, 0x43, 0x41, 0x4C, 0x4D, 0x41,
        0x50, 0x00, 0xD0, 0xCA, 0xE3, 0x1A, 0x76, 0x65, 0x72, 0x74, 0x32, 0x66, 0x72, 0x61, 0x67, 0x4D,
        0x6F, 0x74, 0x69, 0x6F, 0x6E, 0x42, 0x6C, 0x75, 0x72, 0x00, 0x65, 0x63, 0xEC, 0x1A, 0x48, 0x61,
        0x69, 0x72, 0x5F, 0x4D, 0x6F, 0x74, 0x69, 0x6F, 0x6E, 0x42, 0x6C, 0x75, 0x72, 0x50, 0x61, 0x73,
        0x73, 0x56, 0x53, 0x00, 0x15, 0x74, 0x53, 0x1B, 0x73, 0x65, 0x63, 0x6F, 0x6E, 0x64, 0x61, 0x72,
        0x79, 0x00, 0xCC, 0x31, 0x65, 0x1B, 0x53, 0x68, 0x61, 0x64, 0x6F, 0x77, 0x47, 0x65, 0x6E, 0x48,
        0x61, 0x69, 0x72, 0x00, 0x78, 0xC8, 0x88, 0x1B, 0x53, 0x68, 0x69, 0x66, 0x74, 0x56, 0x65, 0x63,
        0x74, 0x6F, 0x72, 0x00, 0x14, 0x8A, 0x4C, 0x1D, 0x67, 0x5F, 0x56, 0x53, 0x5F, 0x57, 0x6F, 0x72,
        0x6C, 0x64, 0x56, 0x69, 0x65, 0x77, 0x50, 0x6F, 0x73, 0x00, 0x46, 0x93, 0x8F, 0x1D, 0x77, 0x68,
        0x65, 0x72, 0x65, 0x00, 0x7A, 0x80, 0x9D, 0x1D, 0x61, 0x70, 0x70, 0x32, 0x76, 0x65, 0x72, 0x74,
        0x5A, 0x47, 0x65, 0x6E, 0x65, 0x72, 0x61, 0x6C, 0x00, 0x44, 0x74, 0xB4, 0x1D, 0x4D, 0x61, 0x74,
        0x65, 0x72, 0x69, 0x61, 0x6C, 0x41, 0x74, 0x74, 0x72, 0x69, 0x62, 0x73, 0x44, 0x65, 0x66, 0x61,
        0x75, 0x6C, 0x74, 0x00, 0xCF, 0xFA, 0x3E, 0x1E, 0x43, 0x72, 0x65, 0x61, 0x74, 0x65, 0x46, 0x6F,
        0x72, 0x77, 0x61, 0x72, 0x64, 0x4C, 0x69, 0x67, 0x68, 0x74, 0x50, 0x61, 0x72, 0x61, 0x6D, 0x73,
        0x57, 0x48, 0x00, 0x9F, 0xE3, 0xB5, 0x1E, 0x76, 0x65, 0x72, 0x74, 0x65, 0x78, 0x4E, 0x6F, 0x72,
        0x6D, 0x61, 0x6C, 0x00, 0x35, 0x51, 0xE5, 0x1E, 0x70, 0x69, 0x78, 0x6F, 0x75, 0x74, 0x5F, 0x7A,
        0x70, 0x72, 0x65, 0x00, 0x3A, 0xB3, 0x24, 0x1F, 0x63, 0x56, 0x69, 0x73, 0x69, 0x6F, 0x6E, 0x00,
        0xE8, 0xCB, 0xE9, 0x1F, 0x25, 0x4E, 0x4F, 0x52, 0x4D, 0x41, 0x4C, 0x5F, 0x4D, 0x41, 0x50, 0x00,
        0x61, 0xC7, 0x00, 0x20, 0x46, 0x77, 0x64, 0x5F, 0x53, 0x61, 0x6D, 0x70, 0x6C, 0x65, 0x53, 0x75,
        0x6E, 0x53, 0x68, 0x61, 0x64, 0x6F, 0x77, 0x4D, 0x61, 0x70, 0x73, 0x00, 0x38, 0x98, 0x34, 0x21,
        0x72, 0x67, 0x62, 0x00, 0xE4, 0x68, 0x85, 0x21, 0x6E, 0x6F, 0x72, 0x6D, 0x61, 0x6C, 0x00, 0xEA,
        0x50, 0x77, 0x23, 0x31, 0x30, 0x30, 0x00, 0xE8, 0x0B, 0x1A, 0x24, 0x74, 0x61, 0x6E, 0x67, 0x65,
        0x6E, 0x74, 0x00, 0x2C, 0xB1, 0x34, 0x24, 0x43, 0x75, 0x73, 0x74, 0x6F, 0x6D, 0x52, 0x65, 0x6E,
        0x64, 0x65, 0x72, 0x48, 0x61, 0x69, 0x72, 0x00, 0x13, 0xF1, 0x4F, 0x26, 0x47, 0x65, 0x74, 0x44,
        0x69, 0x73, 0x73, 0x6F, 0x6C, 0x76, 0x65, 0x54, 0x68, 0x72, 0x65, 0x73, 0x68, 0x6F, 0x6C, 0x64,
        0x31, 0x37, 0x00, 0x2B, 0xB7, 0x91, 0x27, 0x61, 0x76, 0x67, 0x4C, 0x75, 0x6D, 0x53, 0x61, 0x6D,
        0x70, 0x6C, 0x65, 0x72, 0x00, 0x3A, 0xC1, 0x72, 0x29, 0x73, 0x70, 0x61, 0x63, 0x65, 0x00, 0xE5,
        0x82, 0xA0, 0x29, 0x54, 0x69, 0x6C, 0x65, 0x64, 0x46, 0x6F, 0x72, 0x77, 0x61, 0x72, 0x64, 0x53,
        0x68, 0x61, 0x64, 0x69, 0x6E, 0x67, 0x50, 0x61, 0x72, 0x61, 0x6D, 0x73, 0x00, 0x55, 0x14, 0x7A,
        0x2A, 0x53, 0x68, 0x69, 0x66, 0x74, 0x56, 0x61, 0x72, 0x69, 0x61, 0x74, 0x69, 0x6F, 0x6E, 0x00,
        0x0F, 0x06, 0xAB, 0x2A, 0x41, 0x6C, 0x62, 0x65, 0x64, 0x6F, 0x00, 0x20, 0x26, 0x2B, 0x2B, 0x43,
        0x56, 0x5F, 0x53, 0x75, 0x6E, 0x4C, 0x69, 0x67, 0x68, 0x74, 0x44, 0x69, 0x72, 0x00, 0x79, 0xEE,
        0x2C, 0x2C, 0x32, 0x35, 0x35, 0x00, 0x74, 0xF9, 0x68, 0x2C, 0x73, 0x75, 0x6E, 0x53, 0x68, 0x61,
        0x64, 0x6F, 0x77, 0x4D, 0x61, 0x73, 0x6B, 0x00, 0x5B, 0xAF, 0x99, 0x2C, 0x74, 0x63, 0x50, 0x72,
        0x6F, 0x6A, 0x00, 0x39, 0x03, 0x07, 0x2D, 0x61, 0x6C, 0x62, 0x65, 0x64, 0x6F, 0x00, 0xB7, 0xFC,
        0x52, 0x2D, 0x73, 0x68, 0x61, 0x64, 0x69, 0x6E, 0x67, 0x50, 0x61, 0x72, 0x61, 0x6D, 0x73, 0x00,
        0x5A, 0x2F, 0x13, 0x2E, 0x48, 0x50, 0x6F, 0x73, 0x69, 0x74, 0x69, 0x6F, 0x6E, 0x50, 0x72, 0x65,
        0x76, 0x00, 0x9A, 0xED, 0x4A, 0x2E, 0x4C, 0x49, 0x47, 0x48, 0x54, 0x5F, 0x54, 0x59, 0x50, 0x45,
        0x5F, 0x52, 0x45, 0x47, 0x55, 0x4C, 0x41, 0x52, 0x5F, 0x41, 0x52, 0x45, 0x41, 0x00, 0x70, 0x64,
        0xA0, 0x2E, 0x53, 0x56, 0x5F, 0x54, 0x61, 0x72, 0x67, 0x65, 0x74, 0x30, 0x00, 0x13, 0x2F, 0x4D,
        0x2F, 0x4F, 0x55, 0x54, 0x00, 0x59, 0x91, 0x4B, 0x30, 0x57, 0x50, 0x6F, 0x73, 0x00, 0x02, 0x4C,
        0x63, 0x31, 0x70, 0x72, 0x65, 0x63, 0x69, 0x73, 0x65, 0x00, 0x51, 0x2E, 0x93, 0x31, 0x55, 0x49,
        0x48, 0x65, 0x6C, 0x70, 0x00, 0x2D, 0xB8, 0x86, 0x32, 0x6D, 0x61, 0x74, 0x49, 0x6E, 0x73, 0x74,
        0x50, 0x72, 0x65, 0x76, 0x00, 0x1F, 0xAD, 0x87, 0x33, 0x25, 0x5F, 0x52, 0x54, 0x5F, 0x53, 0x48,
        0x41, 0x44, 0x4F, 0x57, 0x5F, 0x44, 0x45, 0x50, 0x54, 0x48, 0x5F, 0x4F, 0x55, 0x54, 0x50, 0x55,
        0x54, 0x5F, 0x4C, 0x49, 0x4E, 0x45, 0x41, 0x52, 0x00, 0x08, 0x92, 0x8C, 0x33, 0x72, 0x65, 0x64,
        0x75, 0x63, 0x65, 0x00, 0x6A, 0xAE, 0xD8, 0x33, 0x74, 0x70, 0x76, 0x46, 0x61, 0x64, 0x65, 0x00,
        0x3E, 0x97, 0x20, 0x34, 0x52, 0x65, 0x64, 0x75, 0x63, 0x65, 0x00, 0xEC, 0x20, 0xBB, 0x34, 0x61,
        0x74, 0x74, 0x72, 0x69, 0x62, 0x73, 0x00, 0x06, 0xCE, 0x15, 0x35, 0x73, 0x61, 0x74, 0x75, 0x72,
        0x61, 0x74, 0x65, 0x00, 0xEB, 0xC3, 0x8D, 0x35, 0x4E, 0x6F, 0x72, 0x6D, 0x61, 0x6C, 0x57, 0x6F,
        0x72, 0x6C, 0x64, 0x00, 0x06, 0x02, 0xFD, 0x35, 0x6E, 0x6F, 0x72, 0x6D, 0x61, 0x6C, 0x4D, 0x61,
        0x70, 0x00, 0x4B, 0x09, 0x1C, 0x36, 0x55, 0x49, 0x4F, 0x72, 0x64, 0x65, 0x72, 0x00, 0x56, 0x0B,
        0xB3, 0x36, 0x30, 0x34, 0x35, 0x00, 0xB0, 0x91, 0xDA, 0x36, 0x54, 0x4D, 0x5F, 0x44, 0x65, 0x74,
        0x61, 0x69, 0x6C, 0x00, 0x4D, 0xC5, 0xF2, 0x37, 0x64, 0x69, 0x66, 0x66, 0x75, 0x73, 0x65, 0x41,
        0x63, 0x63, 0x00, 0x4E, 0xE4, 0xB4, 0x39, 0x25, 0x48, 0x41, 0x49, 0x52, 0x5F, 0x50, 0x41, 0x53,
        0x53, 0x00, 0x61, 0xE0, 0x4E, 0x3A, 0x30, 0x66, 0x00, 0xD3, 0x49, 0xF9, 0x3A, 0x61, 0x72, 0x65,
        0x61, 0x44, 0x69, 0x66, 0x66, 0x00, 0xF2, 0x85, 0x7D, 0x3B, 0x73, 0x70, 0x65, 0x63, 0x75, 0x6C,
        0x61, 0x72, 0x54, 0x65, 0x78, 0x00, 0xCB, 0xA6, 0x86, 0x3B, 0x25, 0x5F, 0x52, 0x54, 0x5F, 0x41,
        0x4C, 0x50, 0x48, 0x41, 0x54, 0x45, 0x53, 0x54, 0x00, 0xE6, 0x6D, 0x45, 0x3C, 0x74, 0x68, 0x65,
        0x00, 0x97, 0xE2, 0xEA, 0x3C, 0x69, 0x73, 0x00, 0xC0, 0x41, 0xDA, 0x3D, 0x54, 0x68, 0x69, 0x6E,
        0x00, 0xB3, 0xD1, 0x4A, 0x3E, 0x64, 0x69, 0x72, 0x65, 0x63, 0x74, 0x69, 0x6F, 0x6E, 0x00, 0xE1,
        0x1B, 0x88, 0x3F, 0x43, 0x56, 0x5F, 0x53, 0x63, 0x72, 0x65, 0x65, 0x6E, 0x53, 0x69, 0x7A, 0x65,
        0x00, 0xBD, 0x34, 0x41, 0x40, 0x4E, 0x64, 0x6F, 0x74, 0x4C, 0x56, 0x65, 0x72, 0x74, 0x65, 0x78,
        0x00, 0xCB, 0x99, 0x26, 0x41, 0x6D, 0x61, 0x74, 0x54, 0x61, 0x6E, 0x67, 0x65, 0x6E, 0x74, 0x54,
        0x6F, 0x57, 0x53, 0x00, 0x10, 0x91, 0x6F, 0x41, 0x25, 0x5F, 0x52, 0x54, 0x5F, 0x45, 0x4E, 0x56,
        0x49, 0x52, 0x4F, 0x4E, 0x4D, 0x45, 0x4E, 0x54, 0x5F, 0x43, 0x55, 0x42, 0x45, 0x4D, 0x41, 0x50,
        0x00, 0x17, 0xDA, 0x6F, 0x42, 0x76, 0x44, 0x69, 0x72, 0x65, 0x63, 0x74, 0x69, 0x6F, 0x6E, 0x00,
        0x09, 0x44, 0x28, 0x43, 0x73, 0x6B, 0x69, 0x70, 0x53, 0x70, 0x65, 0x63, 0x75, 0x6C, 0x61, 0x72,
        0x50, 0x72, 0x6F, 0x62, 0x65, 0x73, 0x00, 0x0F, 0xD7, 0x12, 0x46, 0x25, 0x5F, 0x52, 0x54, 0x5F,
        0x4D, 0x4F, 0x54, 0x49, 0x4F, 0x4E, 0x5F, 0x42, 0x4C, 0x55, 0x52, 0x00, 0xF9, 0x7F, 0x20, 0x46,
        0x53, 0x55, 0x42, 0x53, 0x55, 0x52, 0x46, 0x41, 0x43, 0x45, 0x4D, 0x41, 0x50, 0x00, 0xF5, 0xE4,
        0x2C, 0x46, 0x70, 0x6F, 0x73, 0x69, 0x74, 0x69, 0x6F, 0x6E, 0x00, 0x1F, 0x97, 0xBA, 0x46, 0x48,
        0x61, 0x69, 0x72, 0x42, 0x61, 0x63, 0x6B, 0x50, 0x61, 0x73, 0x73, 0x00, 0x16, 0x4E, 0xE7, 0x46,
        0x73, 0x6D, 0x6F, 0x6F, 0x74, 0x68, 0x6E, 0x65, 0x73, 0x73, 0x00, 0x73, 0xB8, 0x17, 0x47, 0x73,
        0x74, 0x72, 0x65, 0x61, 0x6D, 0x50, 0x6F, 0x73, 0x5F, 0x46, 0x72, 0x6F, 0x6D, 0x47, 0x42, 0x75,
        0x66, 0x66, 0x65, 0x72, 0x00, 0x67, 0xC5, 0x3C, 0x47, 0x76, 0x56, 0x65, 0x6C, 0x6F, 0x63, 0x69,
        0x74, 0x79, 0x00, 0xA5, 0x5B, 0x3F, 0x48, 0x70, 0x30, 0x00, 0xDD, 0x39, 0x9C, 0x4A, 0x25, 0x54,
        0x48, 0x49, 0x4E, 0x5F, 0x48, 0x41, 0x49, 0x52, 0x00, 0xF6, 0xD9, 0x24, 0x4B, 0x25, 0x5F, 0x52,
        0x54, 0x5F, 0x4D, 0x4F, 0x42, 0x49, 0x4C, 0x45, 0x5F, 0x50, 0x49, 0x50, 0x45, 0x4C, 0x49, 0x4E,
        0x45, 0x00, 0xD7, 0x14, 0x95, 0x4B, 0x73, 0x68, 0x61, 0x64, 0x6F, 0x77, 0x4F, 0x63, 0x63, 0x6C,
        0x00, 0xCA, 0xB2, 0xC8, 0x4B, 0x43, 0x56, 0x5F, 0x4E, 0x65, 0x61, 0x72, 0x46, 0x61, 0x72, 0x43,
        0x6C, 0x69, 0x70, 0x44, 0x69, 0x73, 0x74, 0x00, 0xE3, 0xC4, 0xB6, 0x4C, 0x48, 0x61, 0x69, 0x72,
        0x5F, 0x4D, 0x6F, 0x74, 0x69, 0x6F, 0x6E, 0x42, 0x6C, 0x75, 0x72, 0x50, 0x61, 0x73, 0x73, 0x50,
        0x53, 0x00, 0xC5, 0x78, 0x75, 0x4D, 0x25, 0x57, 0x49, 0x4E, 0x44, 0x5F, 0x42, 0x45, 0x4E, 0x44,
        0x49, 0x4E, 0x47, 0x00, 0x2B, 0x6A, 0xDB, 0x4D, 0x57, 0x69, 0x64, 0x74, 0x68, 0x00, 0x51, 0xE2,
        0xDE, 0x4D, 0x73, 0x68, 0x69, 0x66, 0x74, 0x69, 0x6E, 0x67, 0x00, 0xAD, 0x5D, 0x08, 0x4E, 0x43,
        0x6F, 0x6D, 0x6D, 0x6F, 0x6E, 0x5F, 0x43, 0x75, 0x73, 0x74, 0x6F, 0x6D, 0x52, 0x65, 0x6E, 0x64,
        0x65, 0x72, 0x50, 0x61, 0x73, 0x73, 0x50, 0x53, 0x00, 0x0A, 0x4F, 0x32, 0x4E, 0x66, 0x46, 0x6C,
        0x69, 0x70, 0x4E, 0x6F, 0x72, 0x6D, 0x61, 0x6C, 0x00, 0x7C, 0x06, 0x37, 0x51, 0x69, 0x66, 0x00,
        0xE9, 0xE7, 0xF7, 0x51, 0x53, 0x75, 0x6E, 0x53, 0x68, 0x61, 0x64, 0x6F, 0x77, 0x00, 0xC6, 0xC2,
        0x34, 0x52, 0x25, 0x5F, 0x52, 0x54, 0x5F, 0x43, 0x55, 0x42, 0x45, 0x4D, 0x41, 0x50, 0x30, 0x00,
        0x1C, 0x3B, 0x31, 0x54, 0x4D, 0x6F, 0x74, 0x69, 0x6F, 0x6E, 0x42, 0x6C, 0x75, 0x72, 0x48, 0x61,
        0x69, 0x72, 0x00, 0x9B, 0xC6, 0x11, 0x55, 0x61, 0x70, 0x70, 0x32, 0x76, 0x65, 0x72, 0x74, 0x47,
        0x42, 0x75, 0x66, 0x66, 0x65, 0x72, 0x00, 0xFE, 0x1C, 0x3D, 0x55, 0x73, 0x74, 0x72, 0x65, 0x61,
        0x6D, 0x50, 0x6F, 0x73, 0x5F, 0x46, 0x72, 0x6F, 0x6D, 0x4D, 0x6F, 0x74, 0x69, 0x6F, 0x6E, 0x42,
        0x6C, 0x75, 0x72, 0x00, 0x6B, 0x37, 0x6E, 0x55, 0x43, 0x50, 0x5F, 0x53, 0x68, 0x61, 0x64, 0x6F,
        0x77, 0x47, 0x65, 0x6E, 0x5F, 0x44, 0x65, 0x70, 0x74, 0x68, 0x54, 0x65, 0x73, 0x74, 0x42, 0x69,
        0x61, 0x73, 0x00, 0x4B, 0x0A, 0xB2, 0x55, 0x30, 0x30, 0x31, 0x00, 0xFD, 0x72, 0xFA, 0x55, 0x67,
        0x5F, 0x56, 0x53, 0x5F, 0x56, 0x69, 0x65, 0x77, 0x50, 0x72, 0x6F, 0x6A, 0x5A, 0x65, 0x72, 0x6F,
        0x4D, 0x61, 0x74, 0x72, 0x00, 0xCC, 0xDF, 0x38, 0x56, 0x62, 0x61, 0x73, 0x65, 0x54, 0x43, 0x00,
        0x08, 0x7D, 0x61, 0x56, 0x44, 0x69, 0x66, 0x66, 0x75, 0x73, 0x65, 0x57, 0x72, 0x61, 0x70, 0x00,
        0x39, 0x14, 0x13, 0x57, 0x63, 0x72, 0x6F, 0x73, 0x73, 0x00, 0x81, 0x51, 0x3D, 0x57, 0x69, 0x6C,
        0x6C, 0x75, 0x6D, 0x69, 0x6E, 0x61, 0x6E, 0x63, 0x65, 0x57, 0x48, 0x00, 0x60, 0x54, 0xF0, 0x57,
        0x77, 0x6F, 0x72, 0x6C, 0x64, 0x50, 0x6F, 0x73, 0x00, 0x4A, 0xE1, 0xC2, 0x58, 0x43, 0x75, 0x73,
        0x74, 0x6F, 0x6D, 0x52, 0x65, 0x6E, 0x64, 0x65, 0x72, 0x50, 0x53, 0x00, 0x45, 0xC9, 0x24, 0x59,
        0x76, 0x65, 0x72, 0x74, 0x32, 0x46, 0x72, 0x61, 0x67, 0x47, 0x65, 0x6E, 0x65, 0x72, 0x61, 0x6C,
        0x00, 0x7B, 0xEC, 0x3B, 0x59, 0x48, 0x50, 0x6F, 0x73, 0x69, 0x74, 0x69, 0x6F, 0x6E, 0x00, 0x1C,
        0x67, 0x68, 0x5A, 0x7A, 0x77, 0x00, 0x91, 0xDA, 0xF5, 0x5A, 0x4D, 0x61, 0x74, 0x65, 0x72, 0x69,
        0x61, 0x6C, 0x49, 0x6E, 0x73, 0x74, 0x61, 0x6E, 0x63, 0x65, 0x42, 0x75, 0x66, 0x66, 0x65, 0x72,
        0x00, 0x52, 0xD5, 0x34, 0x5C, 0x69, 0x6E, 0x76, 0x65, 0x72, 0x73, 0x65, 0x53, 0x71, 0x75, 0x61,
        0x72, 0x65, 0x41, 0x74, 0x74, 0x65, 0x6E, 0x75, 0x61, 0x74, 0x69, 0x6F, 0x6E, 0x00, 0x5E, 0x38,
        0x70, 0x5D, 0x68, 0x61, 0x69, 0x72, 0x44, 0x69, 0x66, 0x66, 0x75, 0x73, 0x65, 0x00, 0x4E, 0x8E,
        0xEC, 0x5F, 0x69, 0x6E, 0x00, 0x49, 0x00, 0x6B, 0x60, 0x6E, 0x6F, 0x72, 0x6D, 0x61, 0x6C, 0x73,
        0x54, 0x65, 0x78, 0x00, 0x97, 0xEF, 0x17, 0x61, 0x52, 0x47, 0x42, 0x35, 0x36, 0x35, 0x54, 0x6F,
        0x52, 0x47, 0x42, 0x38, 0x00, 0xED, 0xEF, 0x1C, 0x61, 0x44, 0x69, 0x66, 0x66, 0x75, 0x73, 0x65,
        0x00, 0x3B, 0x99, 0x21, 0x61, 0x49, 0x6E, 0x73, 0x74, 0x4D, 0x61, 0x74, 0x72, 0x69, 0x78, 0x00,
        0xF1, 0xA2, 0x58, 0x61, 0x25, 0x5F, 0x52, 0x54, 0x5F, 0x53, 0x41, 0x4D, 0x50, 0x4C, 0x45, 0x30,
        0x00, 0x68, 0x41, 0xF2, 0x61, 0x43, 0x44, 0x5F, 0x43, 0x75, 0x73, 0x74, 0x6F, 0x6D, 0x44, 0x61,
        0x74, 0x61, 0x32, 0x00, 0xD1, 0xFD, 0x8A, 0x62, 0x66, 0x4F, 0x70, 0x61, 0x63, 0x69, 0x74, 0x79,
        0x00, 0xEA, 0x33, 0x9B, 0x62, 0x76, 0x61, 0x72, 0x69, 0x61, 0x74, 0x69, 0x6F, 0x6E, 0x00, 0x45,
        0x24, 0x81, 0x63, 0x49, 0x6E, 0x74, 0x65, 0x72, 0x73, 0x65, 0x63, 0x74, 0x69, 0x6F, 0x6E, 0x00,
        0xB0, 0x6A, 0xD4, 0x63, 0x43, 0x6F, 0x6D, 0x6D, 0x6F, 0x6E, 0x53, 0x68, 0x61, 0x64, 0x6F, 0x77,
        0x47, 0x65, 0x6E, 0x50, 0x61, 0x73, 0x73, 0x00, 0x65, 0xBA, 0xD8, 0x63, 0x46, 0x6F, 0x72, 0x77,
        0x61, 0x72, 0x64, 0x53, 0x68, 0x61, 0x64, 0x69, 0x6E, 0x67, 0x00, 0x71, 0x0F, 0xBE, 0x64, 0x61,
        0x72, 0x65, 0x61, 0x41, 0x74, 0x74, 0x72, 0x69, 0x62, 0x73, 0x00, 0x41, 0x14, 0xCA, 0x64, 0x53,
        0x68, 0x69, 0x66, 0x74, 0x00, 0x31, 0x00, 0xF9, 0x67, 0x70, 0x69, 0x78, 0x6F, 0x75, 0x74, 0x5F,
        0x6D, 0x6F, 0x74, 0x69, 0x6F, 0x6E, 0x00, 0xB2, 0x96, 0x01, 0x68, 0x53, 0x65, 0x63, 0x6F, 0x6E,
        0x64, 0x61, 0x72, 0x79, 0x48, 0x69, 0x67, 0x68, 0x6C, 0x69, 0x67, 0x68, 0x74, 0x43, 0x6F, 0x6C,
        0x6F, 0x72, 0x00, 0x35, 0xA8, 0x8B, 0x69, 0x54, 0x68, 0x72, 0x65, 0x73, 0x68, 0x6F, 0x6C, 0x64,
        0x00, 0x0E, 0x7E, 0x35, 0x6A, 0x4D, 0x61, 0x74, 0x53, 0x70, 0x65, 0x63, 0x43, 0x6F, 0x6C, 0x6F,
        0x72, 0x00, 0x2C, 0x5E, 0x5C, 0x6A, 0x42, 0x6C, 0x65, 0x6E, 0x64, 0x00, 0xF7, 0x5C, 0x1A, 0x6B,
        0x6C, 0x69, 0x67, 0x68, 0x74, 0x00, 0x02, 0x4A, 0x77, 0x6C, 0x47, 0x65, 0x74, 0x44, 0x69, 0x66,
        0x66, 0x75, 0x73, 0x65, 0x54, 0x65, 0x78, 0x00, 0x20, 0xFE, 0x12, 0x6E, 0x64, 0x65, 0x70, 0x74,
        0x68, 0x44, 0x69, 0x66, 0x66, 0x00, 0xE5, 0x9B, 0xAC, 0x6E, 0x48, 0x61, 0x69, 0x72, 0x4F, 0x70,
        0x61, 0x71, 0x75, 0x65, 0x50, 0x53, 0x00, 0xFC, 0xE3, 0x7D, 0x6F, 0x48, 0x50, 0x6F, 0x73, 0x69,
        0x74, 0x69, 0x6F, 0x6E, 0x50, 0x72, 0x65, 0x76, 0x4C, 0x69, 0x6E, 0x00, 0x76, 0x46, 0x9F, 0x70,
        0x25, 0x5F, 0x52, 0x54, 0x5F, 0x4E, 0x4F, 0x5F, 0x54, 0x45, 0x53, 0x53, 0x45, 0x4C, 0x4C, 0x41,
        0x54, 0x49, 0x4F, 0x4E, 0x00, 0xEB, 0xE2, 0x6D, 0x72, 0x47, 0x65, 0x74, 0x41, 0x6C, 0x70, 0x68,
        0x61, 0x43, 0x6F, 0x76, 0x65, 0x72, 0x61, 0x67, 0x65, 0x4D, 0x61, 0x73, 0x6B, 0x00, 0x5D, 0xA7,
        0x8A, 0x72, 0x77, 0x6F, 0x72, 0x6C, 0x64, 0x54, 0x61, 0x6E, 0x67, 0x65, 0x6E, 0x74, 0x54, 0x00,
        0x9F, 0x83, 0x78, 0x74, 0x53, 0x74, 0x72, 0x61, 0x6E, 0x64, 0x57, 0x69, 0x64, 0x74, 0x68, 0x00,
        0x72, 0x62, 0x8F, 0x74, 0x61, 0x70, 0x70, 0x6C, 0x79, 0x50, 0x72, 0x6F, 0x62, 0x65, 0x73, 0x00,
        0xB6, 0xA0, 0x2E, 0x75, 0x48, 0x69, 0x67, 0x68, 0x6C, 0x69, 0x67, 0x68, 0x74, 0x73, 0x00, 0xE0,
        0x2B, 0xD3, 0x76, 0x66, 0x00, 0x7A, 0x78, 0xE4, 0x78, 0x45, 0x4E, 0x56, 0x49, 0x52, 0x4F, 0x4E,
        0x4D, 0x45, 0x4E, 0x54, 0x43, 0x55, 0x42, 0x45, 0x4D, 0x41, 0x50, 0x00, 0x74, 0xAA, 0xD6, 0x79,
        0x76, 0x54, 0x61, 0x6E, 0x67, 0x65, 0x6E, 0x74, 0x00, 0xD6, 0x43, 0x74, 0x7A, 0x4F, 0x62, 0x6A,
        0x54, 0x6F, 0x54, 0x61, 0x6E, 0x67, 0x65, 0x6E, 0x74, 0x53, 0x70, 0x61, 0x63, 0x65, 0x00, 0xC1,
        0x8C, 0xAD, 0x7A, 0x55, 0x49, 0x53, 0x74, 0x65, 0x70, 0x00, 0x18, 0xC4, 0xFE, 0x7A, 0x47, 0x42,
        0x75, 0x66, 0x66, 0x65, 0x72, 0x43, 0x00, 0x99, 0x81, 0xB3, 0x7B, 0x25, 0x4D, 0x55, 0x4C, 0x54,
        0x49, 0x50, 0x41, 0x53, 0x53, 0x5F, 0x48, 0x41, 0x49, 0x52, 0x5F, 0x57, 0x48, 0x00, 0x4E, 0xB4,
        0xE9, 0x7B, 0x61, 0x73, 0x75, 0x69, 0x6E, 0x74, 0x00, 0x6D, 0x52, 0xD1, 0x7D, 0x73, 0x75, 0x6E,
        0x44, 0x69, 0x66, 0x66, 0x75, 0x73, 0x65, 0x00, 0x1D, 0x5F, 0xC4, 0x7F, 0x66, 0x69, 0x6C, 0x74,
        0x65, 0x72, 0x00, 0x78, 0x9F, 0xD8, 0x7F, 0x25, 0x47, 0x52, 0x41, 0x53, 0x53, 0x00, 0x10, 0xAB,
        0x61, 0x80, 0x76, 0x42, 0x69, 0x6E, 0x6F, 0x72, 0x6D, 0x61, 0x6C, 0x00, 0xE8, 0x88, 0xE9, 0x80,
        0x5A, 0x56, 0x53, 0x00, 0x74, 0x9B, 0x4D, 0x82, 0x53, 0x65, 0x63, 0x6F, 0x6E, 0x64, 0x61, 0x72,
        0x79, 0x48, 0x69, 0x67, 0x68, 0x6C, 0x69, 0x67, 0x68, 0x74, 0x57, 0x69, 0x64, 0x74, 0x68, 0x00,
        0x2B, 0xE3, 0x90, 0x83, 0x48, 0x50, 0x6F, 0x73, 0x69, 0x74, 0x69, 0x6F, 0x6E, 0x4C, 0x69, 0x6E,
        0x00, 0x6A, 0x1C, 0xAB, 0x83, 0x5A, 0x50, 0x61, 0x73, 0x73, 0x56, 0x53, 0x00, 0x19, 0xBB, 0xAE,
        0x83, 0x25, 0x5F, 0x52, 0x54, 0x5F, 0x48, 0x57, 0x5F, 0x50, 0x43, 0x46, 0x5F, 0x43, 0x4F, 0x4D,
        0x50, 0x41, 0x52, 0x45, 0x00, 0x1E, 0xF6, 0x3F, 0x85, 0x76, 0x4E, 0x6F, 0x72, 0x6D, 0x61, 0x6C,
        0x00, 0x40, 0xEB, 0x6A, 0x86, 0x53, 0x68, 0x61, 0x64, 0x6F, 0x77, 0x47, 0x65, 0x6E, 0x56, 0x53,
        0x00, 0xDA, 0xC0, 0xA8, 0x86, 0x25, 0x56, 0x49, 0x45, 0x57, 0x5F, 0x41, 0x4C, 0x49, 0x47, 0x4E,
        0x45, 0x44, 0x5F, 0x53, 0x54, 0x52, 0x41, 0x4E, 0x44, 0x53, 0x00, 0x33, 0x58, 0xAB, 0x86, 0x77,
        0x72, 0x61, 0x70, 0x70, 0x69, 0x6E, 0x67, 0x00, 0x3D, 0x33, 0xCB, 0x87, 0x25, 0x44, 0x49, 0x52,
        0x45, 0x43, 0x54, 0x49, 0x4F, 0x4E, 0x5F, 0x4D, 0x41, 0x50, 0x00, 0x75, 0x1F, 0x60, 0x88, 0x64,
        0x69, 0x66, 0x66, 0x75, 0x73, 0x65, 0x4D, 0x61, 0x70, 0x00, 0xA9, 0x7D, 0x8A, 0x88, 0x50, 0x6F,
        0x73, 0x5F, 0x56, 0x53, 0x5F, 0x47, 0x65, 0x6E, 0x65, 0x72, 0x61, 0x6C, 0x00, 0xD0, 0x13, 0xF9,
        0x88, 0x77, 0x72, 0x61, 0x70, 0x44, 0x65, 0x6E, 0x6F, 0x6D, 0x00, 0x94, 0xA6, 0x8E, 0x89, 0x76,
        0x32, 0x66, 0x5F, 0x73, 0x68, 0x00, 0x5A, 0x29, 0xAB, 0x89, 0x47, 0x65, 0x74, 0x5F, 0x53, 0x50,
        0x49, 0x5F, 0x44, 0x69, 0x73, 0x73, 0x6F, 0x6C, 0x76, 0x65, 0x00, 0x3D, 0x0F, 0xD6, 0x89, 0x68,
        0x69, 0x67, 0x68, 0x51, 0x75, 0x61, 0x6C, 0x69, 0x74, 0x79, 0x53, 0x68, 0x61, 0x64, 0x6F, 0x77,
        0x46, 0x69, 0x6C, 0x74, 0x65, 0x72, 0x69, 0x6E, 0x67, 0x00, 0x6A, 0x1D, 0xB7, 0x8A, 0x55, 0x49,
        0x4D, 0x61, 0x78, 0x00, 0x2F, 0x45, 0x1A, 0x8C, 0x77, 0x69, 0x64, 0x74, 0x68, 0x00, 0x1D, 0xFD,
        0xBA, 0x8C, 0x57, 0x48, 0x48, 0x69, 0x64, 0x69, 0x6E, 0x67, 0x47, 0x72, 0x6F, 0x75, 0x70, 0x73,
        0x00, 0x29, 0x57, 0xDE, 0x8C, 0x74, 0x79, 0x70, 0x65, 0x00, 0x42, 0x01, 0x62, 0x8E, 0x44, 0x33,
        0x44, 0x58, 0x5F, 0x41, 0x38, 0x42, 0x38, 0x47, 0x38, 0x52, 0x38, 0x5F, 0x55, 0x4E, 0x4F, 0x52,
        0x4D, 0x5F, 0x54, 0x4F, 0x5F, 0x46, 0x4C, 0x4F, 0x41, 0x54, 0x34, 0x00, 0x9B, 0x93, 0x07, 0x8F,
        0x48, 0x61, 0x69, 0x72, 0x5F, 0x43, 0x75, 0x73, 0x74, 0x6F, 0x6D, 0x52, 0x65, 0x6E, 0x64, 0x65,
        0x72, 0x50, 0x61, 0x73, 0x73, 0x56, 0x53, 0x00, 0xAF, 0x12, 0xC9, 0x8F, 0x67, 0x5F, 0x56, 0x53,
        0x5F, 0x56, 0x69, 0x65, 0x77, 0x50, 0x72, 0x6F, 0x6A, 0x4D, 0x61, 0x74, 0x72, 0x00, 0x99, 0x28,
        0xE6, 0x8F, 0x78, 0x79, 0x00, 0x27, 0x5E, 0xE8, 0x8F, 0x77, 0x6F, 0x72, 0x6C, 0x64, 0x54, 0x61,
        0x6E, 0x67, 0x65, 0x6E, 0x74, 0x4E, 0x00, 0x1F, 0x6C, 0x1B, 0x90, 0x52, 0x45, 0x47, 0x5F, 0x50,
        0x4D, 0x5F, 0x50, 0x41, 0x52, 0x41, 0x4D, 0x5F, 0x31, 0x00, 0xB3, 0xC9, 0xB6, 0x90, 0x65, 0x78,
        0x70, 0x32, 0x00, 0xEC, 0x65, 0x77, 0x91, 0x77, 0x7A, 0x00, 0xC3, 0xBF, 0x77, 0x91, 0x5A, 0x50,
        0x72, 0x65, 0x50, 0x61, 0x73, 0x73, 0x56, 0x53, 0x00, 0x94, 0x89, 0x2F, 0x92, 0x66, 0x44, 0x65,
        0x70, 0x74, 0x68, 0x00, 0xA7, 0x0D, 0xBB, 0x92, 0x6D, 0x54, 0x61, 0x6E, 0x67, 0x65, 0x6E, 0x74,
        0x54, 0x6F, 0x57, 0x53, 0x00, 0xFA, 0x95, 0x43, 0x93, 0x54, 0x68, 0x69, 0x6E, 0x48, 0x61, 0x69,
        0x72, 0x44, 0x65, 0x70, 0x74, 0x68, 0x50, 0x53, 0x00, 0xBB, 0xAA, 0xAD, 0x93, 0x6D, 0x61, 0x70,
        0x00, 0x34, 0xA5, 0xF0, 0x94, 0x47, 0x42, 0x75, 0x66, 0x66, 0x65, 0x72, 0x41, 0x00, 0x2B, 0xFF,
        0x10, 0x95, 0x25, 0x5F, 0x52, 0x54, 0x5F, 0x41, 0x4C, 0x50, 0x48, 0x41, 0x42, 0x4C, 0x45, 0x4E,
        0x44, 0x00, 0xDA, 0xC6, 0x3F, 0x95, 0x78, 0x79, 0x77, 0x00, 0xAB, 0x0E, 0x52, 0x95, 0x67, 0x65,
        0x6F, 0x6D, 0x65, 0x74, 0x72, 0x79, 0x00, 0xA0, 0x7E, 0x06, 0x96, 0x4C, 0x49, 0x47, 0x48, 0x54,
        0x5F, 0x54, 0x59, 0x50, 0x45, 0x5F, 0x52, 0x45, 0x47, 0x55, 0x4C, 0x41, 0x52, 0x5F, 0x41, 0x52,
        0x45, 0x41, 0x46, 0x41, 0x43, 0x45, 0x00, 0x9C, 0x05, 0x0A, 0x96, 0x4D, 0x6F, 0x74, 0x69, 0x6F,
        0x6E, 0x42, 0x6C, 0x75, 0x72, 0x50, 0x53, 0x00, 0x7E, 0x0E, 0x0B, 0x96, 0x53, 0x68, 0x61, 0x64,
        0x6F, 0x77, 0x43, 0x6F, 0x6D, 0x6D, 0x6F, 0x6E, 0x00, 0xBF, 0x53, 0x1E, 0x96, 0x64, 0x69, 0x72,
        0x4F, 0x63, 0x63, 0x00, 0x40, 0xE8, 0xDC, 0x97, 0x66, 0x4E, 0x64, 0x6F, 0x74, 0x4C, 0x44, 0x69,
        0x66, 0x66, 0x75, 0x73, 0x65, 0x00, 0x88, 0x25, 0x24, 0x98, 0x54, 0x53, 0x5F, 0x44, 0x49, 0x46,
        0x46, 0x55, 0x53, 0x45, 0x00, 0xB6, 0xF6, 0xA2, 0x99, 0x53, 0x65, 0x63, 0x6F, 0x6E, 0x64, 0x61,
        0x72, 0x79, 0x00, 0xD8, 0xF5, 0x5B, 0x9C, 0x44, 0x65, 0x63, 0x6F, 0x64, 0x65, 0x4D, 0x6F, 0x76,
        0x65, 0x6D, 0x65, 0x6E, 0x74, 0x53, 0x74, 0x72, 0x65, 0x6E, 0x67, 0x74, 0x68, 0x00, 0x19, 0x61,
        0xF7, 0x9C, 0x68, 0x61, 0x69, 0x72, 0x00, 0xB6, 0xB4, 0x81, 0x9D, 0x76, 0x65, 0x72, 0x74, 0x32,
        0x46, 0x72, 0x61, 0x67, 0x48, 0x61, 0x69, 0x72, 0x00, 0xFA, 0xA9, 0x74, 0x9F, 0x54, 0x48, 0x49,
        0x4E, 0x5F, 0x48, 0x41, 0x49, 0x52, 0x5F, 0x56, 0x53, 0x5F, 0x53, 0x48, 0x41, 0x44, 0x4F, 0x57,
        0x53, 0x00, 0x49, 0x2C, 0x82, 0xA1, 0x76, 0x50, 0x69, 0x78, 0x43, 0x6F, 0x6F, 0x72, 0x64, 0x00,
        0xFC, 0xAF, 0xA8, 0xA2, 0x62, 0x61, 0x73, 0x65, 0x64, 0x00, 0x45, 0x3B, 0x0B, 0xA5, 0x73, 0x68,
        0x69, 0x66, 0x74, 0x00, 0x1C, 0x02, 0xE8, 0xA5, 0x63, 0x6C, 0x69, 0x70, 0x70, 0x69, 0x6E, 0x67,
        0x00, 0x3E, 0x0E, 0xA0, 0xA6, 0x76, 0x73, 0x5F, 0x73, 0x68, 0x61, 0x72, 0x65, 0x64, 0x5F, 0x6F,
        0x75, 0x74, 0x70, 0x75, 0x74, 0x00, 0xBE, 0xA9, 0x66, 0xA7, 0x57, 0x48, 0x43, 0x6C, 0x6F, 0x74,
        0x68, 0x69, 0x6E, 0x67, 0x53, 0x79, 0x73, 0x74, 0x65, 0x6D, 0x00, 0x7A, 0xED, 0x77, 0xA7, 0x76,
        0x65, 0x72, 0x74, 0x32, 0x66, 0x72, 0x61, 0x67, 0x43, 0x75, 0x73, 0x74, 0x6F, 0x6D, 0x52, 0x65,
        0x6E, 0x64, 0x65, 0x72, 0x00, 0xF7, 0x79, 0x13, 0xA8, 0x46, 0x6F, 0x72, 0x77, 0x61, 0x72, 0x64,
        0x4C, 0x69, 0x67, 0x68, 0x74, 0x50, 0x61, 0x72, 0x61, 0x6D, 0x73, 0x00, 0x60, 0x52, 0x8A, 0xA9,
        0x25, 0x5F, 0x52, 0x54, 0x5F, 0x41, 0x52, 0x45, 0x41, 0x5F, 0x4C, 0x49, 0x47, 0x48, 0x54, 0x00,
        0xB9, 0x6C, 0x13, 0xAA, 0x61, 0x70, 0x70, 0x32, 0x76, 0x65, 0x72, 0x74, 0x4D, 0x6F, 0x74, 0x69,
        0x6F, 0x6E, 0x42, 0x6C, 0x75, 0x72, 0x00, 0x24, 0x45, 0x4F, 0xAB, 0x47, 0x65, 0x74, 0x41, 0x6C,
        0x70, 0x68, 0x61, 0x54, 0x65, 0x78, 0x00, 0x5B, 0xEC, 0xE0, 0xAB, 0x4D, 0x61, 0x70, 0x00, 0x95,
        0x91, 0x78, 0xAC, 0x70, 0x69, 0x78, 0x6F, 0x75, 0x74, 0x5F, 0x67, 0x62, 0x75, 0x66, 0x66, 0x65,
        0x72, 0x00, 0xB8, 0x5A, 0xA7, 0xAC, 0x65, 0x79, 0x65, 0x54, 0x61, 0x6E, 0x67, 0x65, 0x6E, 0x74,
        0x44, 0x6F, 0x74, 0x00, 0x67, 0x14, 0x20, 0xAD, 0x63, 0x6C, 0x69, 0x70, 0x00, 0xFE, 0x4F, 0x26,
        0xAD, 0x54, 0x69, 0x6C, 0x65, 0x64, 0x46, 0x6F, 0x72, 0x77, 0x61, 0x72, 0x64, 0x53, 0x68, 0x61,
        0x64, 0x69, 0x6E, 0x67, 0x00, 0x7E, 0xA7, 0x74, 0xAD, 0x70, 0x69, 0x78, 0x6F, 0x75, 0x74, 0x48,
        0x61, 0x69, 0x72, 0x00, 0x76, 0x97, 0x8E, 0xAD, 0x48, 0x50, 0x6F, 0x73, 0x54, 0x6F, 0x53, 0x63,
        0x72, 0x65, 0x65, 0x6E, 0x54, 0x43, 0x00, 0x91, 0x96, 0xC5, 0xAD, 0x70, 0x69, 0x78, 0x6F, 0x75,
        0x74, 0x48, 0x61, 0x69, 0x72, 0x32, 0x00, 0x36, 0x36, 0x86, 0xAE, 0x57, 0x6F, 0x72, 0x6C, 0x64,
        0x50, 0x6F, 0x73, 0x00, 0x71, 0xD6, 0xA1, 0xAE, 0x64, 0x69, 0x66, 0x66, 0x75, 0x73, 0x65, 0x00,
        0xD3, 0x85, 0xBE, 0xAE, 0x48, 0x61, 0x69, 0x72, 0x53, 0x68, 0x61, 0x64, 0x69, 0x6E, 0x67, 0x00,
        0xBD, 0x64, 0xF5, 0xAE, 0x5F, 0x54, 0x43, 0x4D, 0x6F, 0x64, 0x69, 0x66, 0x79, 0x00, 0x16, 0xDE,
        0xF5, 0xAE, 0x55, 0x49, 0x47, 0x72, 0x6F, 0x75, 0x70, 0x00, 0xF2, 0x2E, 0x19, 0xAF, 0x48, 0x61,
        0x69, 0x72, 0x50, 0x53, 0x00, 0xF2, 0x52, 0x89, 0xAF, 0x73, 0x76, 0x6F, 0x67, 0x69, 0x4D, 0x6F,
        0x64, 0x65, 0x00, 0x83, 0x13, 0x0A, 0xB0, 0x47, 0x65, 0x74, 0x4E, 0x6F, 0x72, 0x6D, 0x61, 0x6C,
        0x4D, 0x61, 0x70, 0x00, 0x91, 0xEB, 0x1A, 0xB0, 0x72, 0x67, 0x62, 0x35, 0x36, 0x35, 0x00, 0x6B,
        0x4B, 0xD6, 0xB2, 0x73, 0x73, 0x46, 0x77, 0x64, 0x43, 0x6F, 0x6D, 0x70, 0x61, 0x72, 0x69, 0x73,
        0x6F, 0x6E, 0x00, 0x6E, 0xBC, 0x0D, 0xB3, 0x63, 0x4F, 0x75, 0x74, 0x4E, 0x6F, 0x72, 0x6D, 0x61,
        0x6C, 0x00, 0xAA, 0x88, 0x53, 0xB5, 0x50, 0x6F, 0x73, 0x5F, 0x50, 0x72, 0x65, 0x76, 0x5F, 0x56,
        0x53, 0x5F, 0x53, 0x68, 0x61, 0x64, 0x6F, 0x77, 0x00, 0xB6, 0x11, 0x0E, 0xB6, 0x76, 0x56, 0x65,
        0x6C, 0x6F, 0x63, 0x69, 0x74, 0x79, 0x50, 0x72, 0x65, 0x76, 0x00, 0x33, 0x22, 0xBA, 0xB6, 0x55,
        0x49, 0x4D, 0x69, 0x6E, 0x00, 0xAE, 0x1A, 0x53, 0xB8, 0x75, 0x43, 0x6F, 0x76, 0x65, 0x72, 0x61,
        0x67, 0x65, 0x4D, 0x61, 0x73, 0x6B, 0x00, 0x97, 0xAC, 0x6C, 0xB8, 0x66, 0x41, 0x6C, 0x70, 0x68,
        0x61, 0x00, 0x23, 0xF4, 0x7D, 0xB8, 0x6C, 0x6F, 0x63, 0x61, 0x6C, 0x4C, 0x69, 0x67, 0x68, 0x74,
        0x53, 0x68, 0x61, 0x64, 0x6F, 0x77, 0x73, 0x4D, 0x6F, 0x64, 0x65, 0x00, 0x5D, 0xDD, 0xB2, 0xB8,
        0x65, 0x78, 0x70, 0x61, 0x6E, 0x73, 0x69, 0x6F, 0x6E, 0x44, 0x69, 0x72, 0x00, 0x95, 0xFC, 0x09,
        0xB9, 0x73, 0x74, 0x72, 0x65, 0x61, 0x6D, 0x50, 0x6F, 0x73, 0x5F, 0x46, 0x72, 0x6F, 0x6D, 0x5A,
        0x00, 0x99, 0x6D, 0xEA, 0xB9, 0x6F, 0x75, 0x74, 0x00, 0xBD, 0x46, 0x16, 0xBB, 0x47, 0x65, 0x74,
        0x56, 0x69, 0x65, 0x77, 0x41, 0x6C, 0x69, 0x67, 0x6E, 0x6D, 0x65, 0x6E, 0x74, 0x44, 0x65, 0x6C,
        0x74, 0x61, 0x00, 0x76, 0x5B, 0x5D, 0xBB, 0x72, 0x65, 0x66, 0x6C, 0x65, 0x63, 0x74, 0x61, 0x6E,
        0x63, 0x65, 0x00, 0x58, 0xE1, 0x5B, 0xBC, 0x61, 0x70, 0x70, 0x6C, 0x79, 0x4E, 0x6F, 0x6E, 0x50,
        0x72, 0x6F, 0x62, 0x65, 0x73, 0x00, 0x10, 0x53, 0xBB, 0xBC, 0x44, 0x69, 0x72, 0x65, 0x63, 0x74,
        0x69, 0x6F, 0x6E, 0x00, 0xC3, 0x05, 0x35, 0xBD, 0x50, 0x6F, 0x73, 0x5F, 0x50, 0x72, 0x65, 0x76,
        0x5F, 0x56, 0x53, 0x5F, 0x47, 0x65, 0x6E, 0x65, 0x72, 0x61, 0x6C, 0x00, 0xD0, 0xF3, 0x1A, 0xBE,
        0x45, 0x4E, 0x41, 0x42, 0x4C, 0x45, 0x5F, 0x54, 0x45, 0x53, 0x53, 0x45, 0x4C, 0x4C, 0x41, 0x54,
        0x49, 0x4F, 0x4E, 0x00, 0x1D, 0x82, 0x63, 0xBE, 0x46, 0x77, 0x64, 0x5F, 0x53, 0x63, 0x65, 0x6E,
        0x65, 0x44, 0x65, 0x70, 0x74, 0x68, 0x00, 0xB9, 0xD0, 0x2B, 0xBF, 0x30, 0x34, 0x00, 0x46, 0x19,
        0x87, 0xBF, 0x61, 0x72, 0x65, 0x61, 0x53, 0x70, 0x65, 0x63, 0x00, 0x1A, 0xA2, 0x50, 0xC0, 0x4D,
        0x6F, 0x74, 0x69, 0x6F, 0x6E, 0x42, 0x6C, 0x75, 0x72, 0x56, 0x53, 0x00, 0x03, 0xC6, 0xB4, 0xC0,
        0x53, 0x5F, 0x43, 0x6C, 0x6F, 0x74, 0x68, 0x69, 0x6E, 0x67, 0x4D, 0x61, 0x74, 0x65, 0x72, 0x69,
        0x61, 0x6C, 0x49, 0x6E, 0x73, 0x74, 0x61, 0x6E, 0x63, 0x65, 0x00, 0x5E, 0xB5, 0x44, 0xC4, 0x44,
        0x65, 0x63, 0x6F, 0x64, 0x65, 0x44, 0x65, 0x6C, 0x61, 0x79, 0x00, 0x3C, 0xF2, 0xD4, 0xC4, 0x41,
        0x70, 0x70, 0x6C, 0x79, 0x44, 0x69, 0x73, 0x73, 0x6F, 0x6C, 0x76, 0x65, 0x00, 0x24, 0x60, 0x1E,
        0xC6, 0x6F, 0x70, 0x61, 0x71, 0x75, 0x65, 0x5F, 0x70, 0x61, 0x73, 0x73, 0x00, 0x0B, 0xCE, 0x8F,
        0xC6, 0x25, 0x5F, 0x52, 0x54, 0x5F, 0x4D, 0x53, 0x41, 0x41, 0x5F, 0x51, 0x55, 0x41, 0x4C, 0x49,
        0x54, 0x59, 0x00, 0xDC, 0xD3, 0x9A, 0xC6, 0x46, 0x77, 0x64, 0x5F, 0x53, 0x70, 0x6F, 0x74, 0x54,
        0x65, 0x78, 0x41, 0x72, 0x72, 0x61, 0x79, 0x00, 0x61, 0x30, 0xCB, 0xC6, 0x48, 0x50, 0x6F, 0x73,
        0x50, 0x72, 0x65, 0x76, 0x00, 0x45, 0x18, 0x2D, 0xC7, 0x5A, 0x50, 0x72, 0x65, 0x50, 0x61, 0x73,
        0x73, 0x50, 0x53, 0x00, 0xA2, 0x48, 0x36, 0xC7, 0x63, 0x44, 0x69, 0x66, 0x66, 0x75, 0x73, 0x65,
        0x00, 0x1E, 0x9B, 0x37, 0xC7, 0x4F, 0x50, 0x41, 0x43, 0x49, 0x54, 0x59, 0x4D, 0x41, 0x50, 0x00,
        0xE6, 0xF6, 0xD5, 0xC7, 0x48, 0x61, 0x69, 0x72, 0x53, 0x47, 0x5F, 0x56, 0x53, 0x00, 0x2F, 0xE0,
        0x2C, 0xC8, 0x30, 0x35, 0x00, 0x0C, 0xF2, 0x29, 0xC9, 0x57, 0x48, 0x5F, 0x48, 0x4C, 0x53, 0x4C,
        0x5F, 0x43, 0x50, 0x50, 0x5F, 0x53, 0x68, 0x61, 0x72, 0x65, 0x64, 0x00, 0x34, 0xD8, 0x98, 0xC9,
        0x68, 0x69, 0x67, 0x68, 0x6C, 0x69, 0x67, 0x68, 0x74, 0x00, 0x71, 0xD3, 0x9C, 0xCA, 0x76, 0x48,
        0x61, 0x6C, 0x66, 0x00, 0x7A, 0x13, 0xAF, 0xCA, 0x25, 0x5F, 0x52, 0x54, 0x5F, 0x4E, 0x45, 0x41,
        0x52, 0x45, 0x53, 0x54, 0x00, 0x73, 0x15, 0x08, 0xCB, 0x6C, 0x69, 0x67, 0x68, 0x74, 0x69, 0x6E,
        0x67, 0x00, 0xB3, 0x87, 0x33, 0xCB, 0x53, 0x68, 0x61, 0x64, 0x65, 0x4C, 0x69, 0x62, 0x00, 0x34,
        0x93, 0x76, 0xCB, 0x54, 0x68, 0x69, 0x6E, 0x48, 0x61, 0x69, 0x72, 0x54, 0x68, 0x72, 0x65, 0x73,
        0x68, 0x6F, 0x6C, 0x64, 0x00, 0x4F, 0xA7, 0xD2, 0xCC, 0x41, 0x72, 0x65, 0x61, 0x4C, 0x69, 0x67,
        0x68, 0x74, 0x4C, 0x54, 0x43, 0x5F, 0x47, 0x47, 0x58, 0x00, 0x74, 0x85, 0x81, 0xCD, 0x48, 0x61,
        0x69, 0x72, 0x46, 0x72, 0x6F, 0x6E, 0x74, 0x50, 0x61, 0x73, 0x73, 0x00, 0xDB, 0x33, 0x91, 0xCD,
        0x4D, 0x6F, 0x64, 0x65, 0x5F, 0x44, 0x69, 0x73, 0x61, 0x62, 0x6C, 0x65, 0x64, 0x00, 0xCA, 0x99,
        0x2E, 0xCE, 0x68, 0x61, 0x69, 0x72, 0x44, 0x69, 0x72, 0x00, 0x4B, 0xC3, 0x52, 0xCE, 0x6E, 0x6F,
        0x72, 0x6D, 0x61, 0x6C, 0x69, 0x7A, 0x65, 0x00, 0xDE, 0x39, 0x3B, 0xCF, 0x76, 0x56, 0x69, 0x65,
        0x77, 0x00, 0x36, 0x24, 0x41, 0xCF, 0x30, 0x31, 0x00, 0xA3, 0x09, 0x71, 0xCF, 0x61, 0x70, 0x70,
        0x32, 0x76, 0x65, 0x72, 0x74, 0x47, 0x65, 0x6E, 0x65, 0x72, 0x61, 0x6C, 0x00, 0x07, 0x10, 0xC7,
        0xCF, 0x73, 0x6C, 0x69, 0x64, 0x65, 0x72, 0x00, 0xC6, 0x4C, 0x30, 0xD0, 0x53, 0x68, 0x61, 0x64,
        0x6F, 0x77, 0x47, 0x65, 0x6E, 0x50, 0x53, 0x00, 0x6A, 0x39, 0xE0, 0xD0, 0x61, 0x6C, 0x70, 0x68,
        0x61, 0x00, 0xEE, 0xD9, 0x7B, 0xD2, 0x76, 0x6F, 0x69, 0x64, 0x00, 0xF4, 0xD8, 0xFC, 0xD3, 0x24,
        0x48, 0x44, 0x52, 0x5F, 0x41, 0x76, 0x65, 0x72, 0x61, 0x67, 0x65, 0x4C, 0x75, 0x6D, 0x69, 0x6E,
        0x61, 0x6E, 0x63, 0x65, 0x00, 0x91, 0x11, 0x31, 0xD4, 0x43, 0x44, 0x5F, 0x4D, 0x61, 0x74, 0x65,
        0x72, 0x69, 0x61, 0x6C, 0x49, 0x6E, 0x73, 0x74, 0x61, 0x6E, 0x63, 0x65, 0x49, 0x64, 0x57, 0x48,
        0x00, 0x88, 0x58, 0x94, 0xD4, 0x63, 0x46, 0x69, 0x6E, 0x61, 0x6C, 0x00, 0x89, 0x4B, 0x0D, 0xD5,
        0x43, 0x6F, 0x6D, 0x6D, 0x6F, 0x6E, 0x56, 0x69, 0x65, 0x77, 0x73, 0x50, 0x61, 0x73, 0x73, 0x00,
        0xEC, 0xBB, 0xF1, 0xD5, 0x5A, 0x50, 0x61, 0x73, 0x73, 0x50, 0x53, 0x00, 0x6E, 0x2F, 0xB3, 0xD6,
        0x5A, 0x50, 0x53, 0x00, 0xC4, 0xD2, 0x87, 0xD7, 0x74, 0x6F, 0x00, 0x20, 0x35, 0x58, 0xD9, 0x6F,
        0x74, 0x68, 0x65, 0x72, 0x00, 0x1F, 0x38, 0x64, 0xDA, 0x76, 0x45, 0x79, 0x65, 0x00, 0x20, 0x08,
        0xE5, 0xDA, 0x54, 0x48, 0x49, 0x4E, 0x5F, 0x48, 0x41, 0x49, 0x52, 0x5F, 0x53, 0x48, 0x41, 0x44,
        0x4F, 0x57, 0x53, 0x00, 0x06, 0x34, 0x21, 0xDB, 0x4F, 0x75, 0x74, 0x70, 0x75, 0x74, 0x56, 0x65,
        0x6C, 0x6F, 0x63, 0x69, 0x74, 0x79, 0x52, 0x54, 0x00, 0xC9, 0x9D, 0x83, 0xDB, 0x4D, 0x61, 0x74,
        0x65, 0x72, 0x69, 0x61, 0x6C, 0x41, 0x74, 0x74, 0x72, 0x69, 0x62, 0x73, 0x43, 0x6F, 0x6D, 0x6D,
        0x6F, 0x6E, 0x00, 0x3F, 0x02, 0x95, 0xDC, 0x25, 0x4C, 0x45, 0x41, 0x56, 0x45, 0x53, 0x00, 0x2A,
        0x4B, 0xC1, 0xDC, 0x76, 0x65, 0x72, 0x74, 0x50, 0x61, 0x73, 0x73, 0x50, 0x6F, 0x73, 0x00, 0x9F,
        0x2B, 0x2B, 0xDE, 0x25, 0x5F, 0x52, 0x54, 0x5F, 0x54, 0x49, 0x4C, 0x45, 0x44, 0x5F, 0x53, 0x48,
        0x41, 0x44, 0x49, 0x4E, 0x47, 0x00, 0x3C, 0x63, 0x59, 0xDE, 0x53, 0x65, 0x74, 0x00, 0x49, 0x8A,
        0xB8, 0xDF, 0x53, 0x6F, 0x66, 0x74, 0x00, 0x49, 0xB1, 0x6A, 0xE0, 0x56, 0x61, 0x72, 0x69, 0x61,
        0x74, 0x69, 0x6F, 0x6E, 0x00, 0xBC, 0x3F, 0x11, 0xE1, 0x41, 0x6C, 0x70, 0x68, 0x61, 0x42, 0x6C,
        0x65, 0x6E, 0x64, 0x4D, 0x75, 0x6C, 0x74, 0x69, 0x70, 0x6C, 0x69, 0x65, 0x72, 0x00, 0x60, 0x5A,
        0x8B, 0xE1, 0x4D, 0x6F, 0x64, 0x65, 0x5F, 0x46, 0x6F, 0x72, 0x77, 0x61, 0x72, 0x64, 0x00, 0x5E,
        0xF7, 0xEE, 0xE1, 0x73, 0x63, 0x72, 0x65, 0x65, 0x6E, 0x55, 0x56, 0x00, 0x35, 0x4C, 0x17, 0xE2,
        0x4E, 0x64, 0x6F, 0x74, 0x4C, 0x00, 0x67, 0x75, 0x40, 0xE2, 0x43, 0x6F, 0x6D, 0x6D, 0x6F, 0x6E,
        0x00, 0xC3, 0x45, 0x85, 0xE2, 0x66, 0x4F, 0x63, 0x63, 0x6C, 0x75, 0x73, 0x69, 0x6F, 0x6E, 0x00,
        0x76, 0x47, 0xED, 0xE4, 0x74, 0x61, 0x6E, 0x67, 0x65, 0x6E, 0x74, 0x53, 0x65, 0x63, 0x00, 0xF3,
        0xBA, 0x00, 0xE5, 0x73, 0x74, 0x72, 0x65, 0x61, 0x6D, 0x50, 0x6F, 0x73, 0x5F, 0x46, 0x72, 0x6F,
        0x6D, 0x43, 0x75, 0x73, 0x74, 0x6F, 0x6D, 0x56, 0x69, 0x65, 0x77, 0x73, 0x00, 0x15, 0x4E, 0x0B,
        0xE5, 0x4C, 0x49, 0x47, 0x48, 0x54, 0x5F, 0x54, 0x59, 0x50, 0x45, 0x5F, 0x53, 0x55, 0x4E, 0x00,
        0x22, 0x40, 0xBC, 0xE5, 0x45, 0x6E, 0x63, 0x6F, 0x64, 0x65, 0x4D, 0x69, 0x63, 0x72, 0x6F, 0x47,
        0x42, 0x75, 0x66, 0x66, 0x65, 0x72, 0x00, 0x51, 0x70, 0xEC, 0xE5, 0x63, 0x6F, 0x6D, 0x6D, 0x6F,
        0x6E, 0x00, 0x92, 0x0E, 0x2D, 0xE6, 0x73, 0x75, 0x6E, 0x53, 0x70, 0x65, 0x63, 0x75, 0x6C, 0x61,
        0x72, 0x00, 0xB3, 0xB3, 0xB2, 0xE6, 0x4F, 0x55, 0x54, 0x5F, 0x48, 0x50, 0x4F, 0x53, 0x5F, 0x49,
        0x4E, 0x5F, 0x57, 0x50, 0x4F, 0x53, 0x00, 0x89, 0x5C, 0x1C, 0xE7, 0x52, 0x45, 0x47, 0x5F, 0x50,
        0x4D, 0x5F, 0x50, 0x41, 0x52, 0x41, 0x4D, 0x5F, 0x30, 0x00, 0x5B, 0xD1, 0x32, 0xE7, 0x73, 0x70,
        0x65, 0x63, 0x43, 0x6F, 0x6C, 0x00, 0x05, 0xA1, 0xD0, 0xE9, 0x4D, 0x61, 0x74, 0x44, 0x69, 0x66,
        0x43, 0x6F, 0x6C, 0x6F, 0x72, 0x00, 0xA2, 0xB5, 0x0B, 0xEA, 0x4D, 0x6F, 0x64, 0x65, 0x5F, 0x44,
        0x65, 0x66, 0x65, 0x72, 0x72, 0x65, 0x64, 0x00, 0x67, 0xBA, 0x8E, 0xEB, 0x78, 0x79, 0x7A, 0x00,
        0x6F, 0xBC, 0x9D, 0xEB, 0x73, 0x73, 0x54, 0x72, 0x69, 0x6C, 0x69, 0x6E, 0x65, 0x61, 0x72, 0x43,
        0x6C, 0x61, 0x6D, 0x70, 0x00, 0x74, 0x32, 0xA7, 0xEB, 0x54, 0x61, 0x6E, 0x67, 0x65, 0x6E, 0x74,
        0x00, 0x8B, 0xAA, 0xC7, 0xEB, 0x4D, 0x75, 0x6C, 0x74, 0x69, 0x70, 0x6C, 0x69, 0x65, 0x72, 0x00,
        0x8B, 0x56, 0x00, 0xEC, 0x50, 0x72, 0x69, 0x6D, 0x61, 0x72, 0x79, 0x53, 0x70, 0x65, 0x63, 0x53,
        0x68, 0x69, 0x66, 0x74, 0x00, 0xA6, 0x43, 0x8E, 0xEC, 0x47, 0x65, 0x74, 0x57, 0x6F, 0x72, 0x6C,
        0x64, 0x56, 0x69, 0x65, 0x77, 0x50, 0x6F, 0x73, 0x00, 0xFE, 0x32, 0xEE, 0xEC, 0x77, 0x6F, 0x72,
        0x6C, 0x64, 0x54, 0x61, 0x6E, 0x67, 0x65, 0x6E, 0x74, 0x53, 0x00, 0xA9, 0x36, 0x4C, 0xED, 0x63,
        0x53, 0x70, 0x65, 0x63, 0x75, 0x6C, 0x61, 0x72, 0x00, 0x28, 0x67, 0xF3, 0xED, 0x76, 0x4E, 0x6F,
        0x72, 0x6D, 0x61, 0x6C, 0x54, 0x53, 0x00, 0x79, 0xF4, 0xCF, 0xEE, 0x76, 0x65, 0x72, 0x74, 0x32,
        0x66, 0x72, 0x61, 0x67, 0x5A, 0x50, 0x72, 0x65, 0x5F, 0x43, 0x00, 0x1E, 0xBA, 0x48, 0xEF, 0x62,
        0x4F, 0x70, 0x61, 0x71, 0x75, 0x65, 0x50, 0x61, 0x73, 0x73, 0x00, 0xF8, 0x09, 0x75, 0xEF, 0x66,
        0x6F, 0x72, 0x00, 0x24, 0x8A, 0x06, 0xF1, 0x49, 0x4E, 0x00, 0xBC, 0xCA, 0x20, 0xF1, 0x64, 0x69,
        0x66, 0x66, 0x75, 0x73, 0x65, 0x54, 0x65, 0x78, 0x00, 0xE0, 0x72, 0x14, 0xF2, 0x76, 0x65, 0x72,
        0x74, 0x50, 0x61, 0x73, 0x73, 0x50, 0x6F, 0x73, 0x50, 0x72, 0x65, 0x76, 0x00, 0xCA, 0xE6, 0xF5,
        0xF2, 0x25, 0x53, 0x4B, 0x49, 0x4E, 0x5F, 0x50, 0x41, 0x53, 0x53, 0x00, 0x2A, 0xE8, 0x69, 0xF4,
        0x74, 0x37, 0x32, 0x00, 0xE2, 0x06, 0xD9, 0xF4, 0x76, 0x69, 0x65, 0x77, 0x56, 0x65, 0x63, 0x74,
        0x6F, 0x72, 0x00, 0x27, 0x29, 0xDF, 0xF4, 0x6E, 0x6F, 0x72, 0x6D, 0x61, 0x6C, 0x53, 0x70, 0x65,
        0x63, 0x50, 0x72, 0x6F, 0x62, 0x65, 0x00, 0x9B, 0x16, 0x84, 0xF5, 0x63, 0x75, 0x73, 0x74, 0x6F,
        0x6D, 0x00, 0x41, 0x9B, 0xE6, 0xF7, 0x74, 0x72, 0x61, 0x6E, 0x73, 0x70, 0x61, 0x72, 0x65, 0x6E,
        0x63, 0x79, 0x00, 0x0A, 0x43, 0x31, 0xF8, 0x50, 0x6F, 0x73, 0x69, 0x74, 0x69, 0x6F, 0x6E, 0x43,
        0x75, 0x72, 0x72, 0x00, 0x4B, 0xF3, 0x51, 0xF8, 0x25, 0x5F, 0x52, 0x54, 0x5F, 0x53, 0x41, 0x4D,
        0x50, 0x4C, 0x45, 0x33, 0x00, 0xB0, 0x13, 0x1F, 0xF9, 0x47, 0x65, 0x74, 0x5F, 0x4D, 0x61, 0x74,
        0x65, 0x72, 0x69, 0x61, 0x6C, 0x41, 0x6C, 0x70, 0x68, 0x61, 0x54, 0x65, 0x73, 0x74, 0x00, 0x74,
        0x89, 0x43, 0xF9, 0x48, 0x61, 0x69, 0x72, 0x56, 0x53, 0x00, 0x8D, 0x75, 0x7A, 0xFA, 0x56, 0x65,
        0x6C, 0x6F, 0x63, 0x69, 0x74, 0x79, 0x52, 0x54, 0x00, 0x71, 0x84, 0x87, 0xFB, 0x5A, 0x50, 0x61,
        0x73, 0x73, 0x00, 0xF2, 0xC1, 0x14, 0xFC, 0x66, 0x44, 0x69, 0x66, 0x66, 0x75, 0x73, 0x65, 0x41,
        0x6C, 0x70, 0x68, 0x61, 0x00, 0x1D, 0x5E, 0x8D, 0xFC, 0x54, 0x53, 0x5F, 0x53, 0x68, 0x61, 0x64,
        0x6F, 0x77, 0x4D, 0x61, 0x73, 0x6B, 0x00, 0x96, 0x24, 0xF4, 0xFC, 0x68, 0x61, 0x72, 0x73, 0x68,
        0x00, 0xF8, 0xCF, 0x6B, 0xFD, 0x4B, 0x61, 0x6A, 0x69, 0x79, 0x61, 0x4B, 0x61, 0x79, 0x41, 0x6E,
        0x69, 0x73, 0x6F, 0x74, 0x72, 0x6F, 0x70, 0x69, 0x63, 0x00, 0x03, 0x8A, 0xAF, 0xFD, 0x73, 0x70,
        0x65, 0x63, 0x75, 0x6C, 0x61, 0x72, 0x41, 0x63, 0x63, 0x00, 0x9B, 0xBE, 0x5E, 0xFF, 0x25, 0x56,
        0x45, 0x52, 0x54, 0x43, 0x4F, 0x4C, 0x4F, 0x52, 0x53, 0x00,
    };
    // tpvcamera_illumfade_6e839baa.cfxb: 28255 bytes, 5277 tokens, crc 0x6E839BAA
    inline constexpr unsigned char k_blob2[] = {
        0x46, 0x58, 0x42, 0x30, 0xAA, 0x9B, 0x83, 0x6E, 0x03, 0x00, 0x04, 0x00, 0x90, 0x52, 0x00, 0x00,
        0x5F, 0x6E, 0x00, 0x00, 0x9D, 0x14, 0x00, 0x00, 0x00, 0x00, 0x00, 0x00, 0x01, 0x00, 0x00, 0x00,
        0x67, 0x75, 0x40, 0xE2, 0x01, 0x00, 0x00, 0x00, 0x37, 0xF2, 0x72, 0xF3, 0x01, 0x00, 0x00, 0x00,
        0x7E, 0x0E, 0x0B, 0x96, 0x53, 0x00, 0x00, 0x00, 0x0A, 0x01, 0x00, 0x00, 0x24, 0x00, 0x00, 0x00,
        0xE8, 0x00, 0x00, 0x00, 0x20, 0x00, 0x00, 0x00, 0xEA, 0x00, 0x00, 0x00, 0x0A, 0x01, 0x00, 0x00,
        0x2A, 0x00, 0x00, 0x00, 0x27, 0x00, 0x00, 0x00, 0x7B, 0x01, 0x00, 0x00, 0x25, 0x00, 0x00, 0x00,
        0x27, 0x00, 0x00, 0x00, 0x06, 0x00, 0x00, 0x00, 0xC6, 0x23, 0xCE, 0x03, 0x27, 0x00, 0x00, 0x00,
        0x83, 0x01, 0x00, 0x00, 0x25, 0x00, 0x00, 0x00, 0x27, 0x00, 0x00, 0x00, 0x0E, 0x00, 0x00, 0x00,
        0x06, 0x00, 0x00, 0x00, 0x9B, 0xBE, 0x5E, 0xFF, 0x11, 0x00, 0x00, 0x00, 0x11, 0x00, 0x00, 0x00,
        0x26, 0x00, 0x00, 0x00, 0x99, 0x8C, 0xB2, 0x0D, 0x27, 0x00, 0x00, 0x00, 0x35, 0x02, 0x00, 0x00,
        0x27, 0x00, 0x00, 0x00, 0x0E, 0x00, 0x00, 0x00, 0x06, 0x00, 0x00, 0x00, 0x55, 0x99, 0x59, 0x1E,
        0x27, 0x00, 0x00, 0x00, 0x5E, 0x02, 0x00, 0x00, 0x27, 0x00, 0x00, 0x00, 0x0E, 0x00, 0x00, 0x00,
        0x06, 0x00, 0x00, 0x00, 0xD0, 0xF3, 0x1A, 0xBE, 0x27, 0x00, 0x00, 0x00, 0x91, 0x01, 0x00, 0x00,
        0x25, 0x00, 0x00, 0x00, 0x27, 0x00, 0x00, 0x00, 0x0E, 0x00, 0x00, 0x00, 0x27, 0x00, 0x00, 0x00,
        0x81, 0x01, 0x00, 0x00, 0x25, 0x00, 0x00, 0x00, 0x27, 0x00, 0x00, 0x00, 0x27, 0x00, 0x00, 0x00,
        0x82, 0x01, 0x00, 0x00, 0x25, 0x00, 0x00, 0x00, 0x27, 0x00, 0x00, 0x00, 0x27, 0x00, 0x00, 0x00,
        0x7F, 0x01, 0x00, 0x00, 0x25, 0x00, 0x00, 0x00, 0x27, 0x00, 0x00, 0x00, 0x27, 0x00, 0x00, 0x00,
        0x79, 0x01, 0x00, 0x00, 0x2A, 0x00, 0x00, 0x00, 0x9A, 0x01, 0x00, 0x00, 0x25, 0x00, 0x00, 0x00,
        0x27, 0x00, 0x00, 0x00, 0x27, 0x00, 0x00, 0x00, 0x78, 0x01, 0x00, 0x00, 0x2A, 0x00, 0x00, 0x00,
        0x9D, 0x01, 0x00, 0x00, 0x25, 0x00, 0x00, 0x00, 0x27, 0x00, 0x00, 0x00, 0x06, 0x00, 0x00, 0x00,
        0x48, 0x1A, 0xCC, 0x10, 0x27, 0x00, 0x00, 0x00, 0x96, 0x01, 0x00, 0x00, 0x27, 0x00, 0x00, 0x00,
        0x0E, 0x00, 0x00, 0x00, 0x06, 0x00, 0x00, 0x00, 0xD4, 0x45, 0xA6, 0x1E, 0x27, 0x00, 0x00, 0x00,
        0x97, 0x01, 0x00, 0x00, 0x27, 0x00, 0x00, 0x00, 0x0E, 0x00, 0x00, 0x00, 0x06, 0x00, 0x00, 0x00,
        0xAE, 0xC4, 0x3C, 0x27, 0x27, 0x00, 0x00, 0x00, 0x98, 0x01, 0x00, 0x00, 0x27, 0x00, 0x00, 0x00,
        0x0E, 0x00, 0x00, 0x00, 0x06, 0x00, 0x00, 0x00, 0xE6, 0xCE, 0x1E, 0x55, 0x27, 0x00, 0x00, 0x00,
        0x99, 0x01, 0x00, 0x00, 0x27, 0x00, 0x00, 0x00, 0x0E, 0x00, 0x00, 0x00, 0x21, 0x00, 0x00, 0x00,
        0x25, 0x00, 0x00, 0x00, 0x8E, 0x00, 0x00, 0x00, 0x48, 0x84, 0xF8, 0x06, 0x1E, 0x00, 0x00, 0x00,
        0x1F, 0x00, 0x00, 0x00, 0x25, 0x00, 0x00, 0x00, 0x06, 0x00, 0x00, 0x00, 0x97, 0x2B, 0x88, 0x0A,
        0x10, 0x00, 0x00, 0x00, 0x10, 0x00, 0x00, 0x00, 0xC0, 0xB9, 0x0D, 0x34, 0x48, 0x00, 0x00, 0x00,
        0x20, 0x00, 0x00, 0x00, 0x6F, 0x00, 0x00, 0x00, 0x21, 0x00, 0x00, 0x00, 0x5D, 0x0D, 0xEE, 0x0C,
        0x24, 0x00, 0x00, 0x00, 0xD7, 0x00, 0x00, 0x00, 0x1A, 0x00, 0x00, 0x00, 0x4F, 0x02, 0x00, 0x00,
        0x1B, 0x00, 0x00, 0x00, 0x20, 0x00, 0x00, 0x00, 0xEB, 0x00, 0x00, 0x00, 0x2A, 0x00, 0x00, 0x00,
        0x27, 0x00, 0x00, 0x00, 0x5F, 0x14, 0xB3, 0xB1, 0xED, 0xEF, 0x1C, 0x61, 0x5B, 0xEC, 0xE0, 0xAB,
        0x27, 0x00, 0x00, 0x00, 0x25, 0x00, 0x00, 0x00, 0xEC, 0x00, 0x00, 0x00, 0x2A, 0x00, 0x00, 0x00,
        0x27, 0x00, 0x00, 0x00, 0xED, 0xEF, 0x1C, 0x61, 0x5B, 0xEC, 0xE0, 0xAB, 0xF8, 0x09, 0x75, 0xEF,
        0xE6, 0x6D, 0x45, 0x3C, 0x69, 0x11, 0x1F, 0xB6, 0x28, 0x71, 0x9D, 0xAB, 0x1A, 0x21, 0xDB, 0xE4,
        0x27, 0x00, 0x00, 0x00, 0x25, 0x00, 0x00, 0x00, 0xFB, 0x00, 0x00, 0x00, 0x2A, 0x00, 0x00, 0x00,
        0x17, 0x02, 0x00, 0x00, 0x25, 0x00, 0x00, 0x00, 0x21, 0x00, 0x00, 0x00, 0x2A, 0x00, 0x00, 0x00,
        0xB8, 0xF8, 0x58, 0xED, 0x25, 0x00, 0x00, 0x00, 0x48, 0x00, 0x00, 0x00, 0x20, 0x00, 0x00, 0x00,
        0x6F, 0x00, 0x00, 0x00, 0x21, 0x00, 0x00, 0x00, 0x94, 0xC9, 0xB1, 0x8A, 0x24, 0x00, 0x00, 0x00,
        0xD7, 0x00, 0x00, 0x00, 0x1A, 0x00, 0x00, 0x00, 0x50, 0x02, 0x00, 0x00, 0x1B, 0x00, 0x00, 0x00,
        0x20, 0x00, 0x00, 0x00, 0xEB, 0x00, 0x00, 0x00, 0x2A, 0x00, 0x00, 0x00, 0x27, 0x00, 0x00, 0x00,
        0x5F, 0x14, 0xB3, 0xB1, 0xC7, 0x81, 0x35, 0xC2, 0x5B, 0xEC, 0xE0, 0xAB, 0x27, 0x00, 0x00, 0x00,
        0x25, 0x00, 0x00, 0x00, 0xEC, 0x00, 0x00, 0x00, 0x2A, 0x00, 0x00, 0x00, 0x27, 0x00, 0x00, 0x00,
        0xC7, 0x81, 0x35, 0xC2, 0x5B, 0xEC, 0xE0, 0xAB, 0xF8, 0x09, 0x75, 0xEF, 0xE6, 0x6D, 0x45, 0x3C,
        0x69, 0x11, 0x1F, 0xB6, 0x28, 0x71, 0x9D, 0xAB, 0x1A, 0x21, 0xDB, 0xE4, 0x27, 0x00, 0x00, 0x00,
        0x25, 0x00, 0x00, 0x00, 0x21, 0x00, 0x00, 0x00, 0x2A, 0x00, 0x00, 0x00, 0x40, 0x34, 0x70, 0xFC,
        0x25, 0x00, 0x00, 0x00, 0x48, 0x00, 0x00, 0x00, 0x20, 0x00, 0x00, 0x00, 0x6F, 0x00, 0x00, 0x00,
        0x21, 0x00, 0x00, 0x00, 0xA0, 0x39, 0x90, 0x66, 0x24, 0x00, 0x00, 0x00, 0xD7, 0x00, 0x00, 0x00,
        0x1A, 0x00, 0x00, 0x00, 0x4E, 0x02, 0x00, 0x00, 0x1B, 0x00, 0x00, 0x00, 0x20, 0x00, 0x00, 0x00,
        0xEB, 0x00, 0x00, 0x00, 0x2A, 0x00, 0x00, 0x00, 0x27, 0x00, 0x00, 0x00, 0x5F, 0x14, 0xB3, 0xB1,
        0x39, 0xE0, 0xE1, 0xF2, 0x5B, 0xEC, 0xE0, 0xAB, 0x27, 0x00, 0x00, 0x00, 0x25, 0x00, 0x00, 0x00,
        0xEC, 0x00, 0x00, 0x00, 0x2A, 0x00, 0x00, 0x00, 0x27, 0x00, 0x00, 0x00, 0x39, 0xE0, 0xE1, 0xF2,
        0x5B, 0xEC, 0xE0, 0xAB, 0xF8, 0x09, 0x75, 0xEF, 0xE6, 0x6D, 0x45, 0x3C, 0x69, 0x11, 0x1F, 0xB6,
        0x28, 0x71, 0x9D, 0xAB, 0x1A, 0x21, 0xDB, 0xE4, 0x27, 0x00, 0x00, 0x00, 0x25, 0x00, 0x00, 0x00,
        0x21, 0x00, 0x00, 0x00, 0x2A, 0x00, 0x00, 0x00, 0x02, 0xE0, 0x84, 0x17, 0x25, 0x00, 0x00, 0x00,
        0x0E, 0x00, 0x00, 0x00, 0x06, 0x00, 0x00, 0x00, 0x97, 0x2B, 0x88, 0x0A, 0x48, 0x00, 0x00, 0x00,
        0x20, 0x00, 0x00, 0x00, 0x6F, 0x00, 0x00, 0x00, 0x21, 0x00, 0x00, 0x00, 0x79, 0xEB, 0x12, 0xA5,
        0x24, 0x00, 0x00, 0x00, 0xD7, 0x00, 0x00, 0x00, 0x1A, 0x00, 0x00, 0x00, 0x51, 0x02, 0x00, 0x00,
        0x1B, 0x00, 0x00, 0x00, 0x20, 0x00, 0x00, 0x00, 0xEB, 0x00, 0x00, 0x00, 0x2A, 0x00, 0x00, 0x00,
        0x27, 0x00, 0x00, 0x00, 0x84, 0x49, 0x5D, 0xE7, 0x5B, 0xEC, 0xE0, 0xAB, 0x27, 0x00, 0x00, 0x00,
        0x25, 0x00, 0x00, 0x00, 0xEC, 0x00, 0x00, 0x00, 0x2A, 0x00, 0x00, 0x00, 0x27, 0x00, 0x00, 0x00,
        0x84, 0x49, 0x5D, 0xE7, 0x5B, 0xEC, 0xE0, 0xAB, 0x07, 0x18, 0x5A, 0xDF, 0xE6, 0x6D, 0x45, 0x3C,
        0x66, 0x8A, 0xCA, 0x11, 0x50, 0xED, 0x88, 0xE6, 0x27, 0x00, 0x00, 0x00, 0x25, 0x00, 0x00, 0x00,
        0x21, 0x00, 0x00, 0x00, 0x2A, 0x00, 0x00, 0x00, 0xFA, 0xC0, 0x82, 0xE1, 0x25, 0x00, 0x00, 0x00,
        0x48, 0x00, 0x00, 0x00, 0x20, 0x00, 0x00, 0x00, 0x6F, 0x00, 0x00, 0x00, 0x21, 0x00, 0x00, 0x00,
        0xB1, 0x26, 0x71, 0xD7, 0x24, 0x00, 0x00, 0x00, 0xD7, 0x00, 0x00, 0x00, 0x1A, 0x00, 0x00, 0x00,
        0x4D, 0x02, 0x00, 0x00, 0x1B, 0x00, 0x00, 0x00, 0x2A, 0x00, 0x00, 0x00, 0x91, 0x14, 0xCB, 0x04,
        0x25, 0x00, 0x00, 0x00, 0x0E, 0x00, 0x00, 0x00, 0x06, 0x00, 0x00, 0x00, 0x1A, 0x00, 0x00, 0x00,
        0x97, 0x2B, 0x88, 0x0A, 0x10, 0x00, 0x00, 0x00, 0x10, 0x00, 0x00, 0x00, 0xC0, 0xB9, 0x0D, 0x34,
        0x1B, 0x00, 0x00, 0x00, 0x11, 0x00, 0x00, 0x00, 0x11, 0x00, 0x00, 0x00, 0x1A, 0x00, 0x00, 0x00,
        0x01, 0x4E, 0x5D, 0x81, 0x10, 0x00, 0x00, 0x00, 0x10, 0x00, 0x00, 0x00, 0x7B, 0x29, 0x94, 0x47,
        0x1B, 0x00, 0x00, 0x00, 0x48, 0x00, 0x00, 0x00, 0x20, 0x00, 0x00, 0x00, 0x6F, 0x00, 0x00, 0x00,
        0x21, 0x00, 0x00, 0x00, 0xD8, 0xC4, 0x53, 0x2C, 0x24, 0x00, 0x00, 0x00, 0xD7, 0x00, 0x00, 0x00,
        0x1A, 0x00, 0x00, 0x00, 0x53, 0x02, 0x00, 0x00, 0x1B, 0x00, 0x00, 0x00, 0x20, 0x00, 0x00, 0x00,
        0xEB, 0x00, 0x00, 0x00, 0x2A, 0x00, 0x00, 0x00, 0x27, 0x00, 0x00, 0x00, 0x5F, 0x14, 0xB3, 0xB1,
        0xA5, 0x7A, 0xAA, 0x29, 0x27, 0x00, 0x00, 0x00, 0x25, 0x00, 0x00, 0x00, 0xEC, 0x00, 0x00, 0x00,
        0x2A, 0x00, 0x00, 0x00, 0x27, 0x00, 0x00, 0x00, 0xA5, 0x7A, 0xAA, 0x29, 0xBB, 0xAA, 0xAD, 0x93,
        0xF8, 0x09, 0x75, 0xEF, 0x15, 0x74, 0x53, 0x1B, 0x1A, 0x21, 0xDB, 0xE4, 0x27, 0x00, 0x00, 0x00,
        0x25, 0x00, 0x00, 0x00, 0x21, 0x00, 0x00, 0x00, 0x2A, 0x00, 0x00, 0x00, 0x02, 0x06, 0x94, 0xFE,
        0x25, 0x00, 0x00, 0x00, 0x0F, 0x00, 0x00, 0x00, 0x48, 0x00, 0x00, 0x00, 0x20, 0x00, 0x00, 0x00,
        0x6F, 0x00, 0x00, 0x00, 0x21, 0x00, 0x00, 0x00, 0x16, 0xE7, 0x77, 0x18, 0x24, 0x00, 0x00, 0x00,
        0xD7, 0x00, 0x00, 0x00, 0x1A, 0x00, 0x00, 0x00, 0x53, 0x02, 0x00, 0x00, 0x1B, 0x00, 0x00, 0x00,
        0x20, 0x00, 0x00, 0x00, 0xEB, 0x00, 0x00, 0x00, 0x2A, 0x00, 0x00, 0x00, 0x27, 0x00, 0x00, 0x00,
        0x9D, 0x3C, 0xF6, 0x09, 0x27, 0x00, 0x00, 0x00, 0x25, 0x00, 0x00, 0x00, 0xEC, 0x00, 0x00, 0x00,
        0x2A, 0x00, 0x00, 0x00, 0x27, 0x00, 0x00, 0x00, 0x9D, 0x3C, 0xF6, 0x09, 0xE5, 0x00, 0x00, 0x00,
        0x2D, 0x00, 0x00, 0x00, 0x92, 0xB8, 0xB2, 0xE9, 0xBB, 0xAA, 0xAD, 0x93, 0x27, 0x00, 0x00, 0x00,
        0x25, 0x00, 0x00, 0x00, 0x21, 0x00, 0x00, 0x00, 0x2A, 0x00, 0x00, 0x00, 0x02, 0x06, 0x94, 0xFE,
        0x25, 0x00, 0x00, 0x00, 0x0E, 0x00, 0x00, 0x00, 0x7A, 0x78, 0xE4, 0x78, 0x06, 0x00, 0x00, 0x00,
        0x99, 0x8C, 0xB2, 0x0D, 0x48, 0x00, 0x00, 0x00, 0x90, 0x4D, 0xFF, 0x09, 0x24, 0x00, 0x00, 0x00,
        0xD7, 0x00, 0x00, 0x00, 0x1A, 0x00, 0x00, 0x00, 0x51, 0x02, 0x00, 0x00, 0x1B, 0x00, 0x00, 0x00,
        0x20, 0x00, 0x00, 0x00, 0xEB, 0x00, 0x00, 0x00, 0x2A, 0x00, 0x00, 0x00, 0x27, 0x00, 0x00, 0x00,
        0x84, 0x49, 0x5D, 0xE7, 0x5B, 0xEC, 0xE0, 0xAB, 0x27, 0x00, 0x00, 0x00, 0x25, 0x00, 0x00, 0x00,
        0xEC, 0x00, 0x00, 0x00, 0x2A, 0x00, 0x00, 0x00, 0x27, 0x00, 0x00, 0x00, 0x84, 0x49, 0x5D, 0xE7,
        0x5B, 0xEC, 0xE0, 0xAB, 0x07, 0x18, 0x5A, 0xDF, 0xE6, 0x6D, 0x45, 0x3C, 0x66, 0x8A, 0xCA, 0x11,
        0x50, 0xED, 0x88, 0xE6, 0x27, 0x00, 0x00, 0x00, 0x25, 0x00, 0x00, 0x00, 0x21, 0x00, 0x00, 0x00,
        0x2A, 0x00, 0x00, 0x00, 0xFA, 0xC0, 0x82, 0xE1, 0x25, 0x00, 0x00, 0x00, 0x0E, 0x00, 0x00, 0x00,
        0x06, 0x00, 0x00, 0x00, 0xD2, 0x13, 0x3C, 0xED, 0x48, 0x00, 0x00, 0x00, 0x20, 0x00, 0x00, 0x00,
        0x6F, 0x00, 0x00, 0x00, 0x21, 0x00, 0x00, 0x00, 0xAF, 0xCF, 0xDD, 0x98, 0x24, 0x00, 0x00, 0x00,
        0xD7, 0x00, 0x00, 0x00, 0x1A, 0x00, 0x00, 0x00, 0x51, 0x02, 0x00, 0x00, 0x1B, 0x00, 0x00, 0x00,
        0x20, 0x00, 0x00, 0x00, 0xEB, 0x00, 0x00, 0x00, 0x2A, 0x00, 0x00, 0x00, 0x27, 0x00, 0x00, 0x00,
        0x83, 0x01, 0x00, 0x00, 0xED, 0xEF, 0x1C, 0x61, 0x5B, 0xEC, 0xE0, 0xAB, 0x27, 0x00, 0x00, 0x00,
        0x25, 0x00, 0x00, 0x00, 0xEC, 0x00, 0x00, 0x00, 0x2A, 0x00, 0x00, 0x00, 0x27, 0x00, 0x00, 0x00,
        0xED, 0xEF, 0x1C, 0x61, 0x5B, 0xEC, 0xE0, 0xAB, 0xF8, 0x09, 0x75, 0xEF, 0xE6, 0x6D, 0x45, 0x3C,
        0x69, 0x11, 0x1F, 0xB6, 0x28, 0x71, 0x9D, 0xAB, 0x1A, 0x21, 0xDB, 0xE4, 0x27, 0x00, 0x00, 0x00,
        0x25, 0x00, 0x00, 0x00, 0xFB, 0x00, 0x00, 0x00, 0x2A, 0x00, 0x00, 0x00, 0x17, 0x02, 0x00, 0x00,
        0x25, 0x00, 0x00, 0x00, 0x21, 0x00, 0x00, 0x00, 0x2A, 0x00, 0x00, 0x00, 0xFA, 0xC0, 0x82, 0xE1,
        0x25, 0x00, 0x00, 0x00, 0x48, 0x00, 0x00, 0x00, 0x20, 0x00, 0x00, 0x00, 0x6F, 0x00, 0x00, 0x00,
        0x21, 0x00, 0x00, 0x00, 0x5A, 0x05, 0x96, 0x09, 0x24, 0x00, 0x00, 0x00, 0xD7, 0x00, 0x00, 0x00,
        0x1A, 0x00, 0x00, 0x00, 0x50, 0x02, 0x00, 0x00, 0x1B, 0x00, 0x00, 0x00, 0x20, 0x00, 0x00, 0x00,
        0xEB, 0x00, 0x00, 0x00, 0x2A, 0x00, 0x00, 0x00, 0x27, 0x00, 0x00, 0x00, 0x83, 0x01, 0x00, 0x00,
        0xC7, 0x81, 0x35, 0xC2, 0x5B, 0xEC, 0xE0, 0xAB, 0x27, 0x00, 0x00, 0x00, 0x25, 0x00, 0x00, 0x00,
        0xEC, 0x00, 0x00, 0x00, 0x2A, 0x00, 0x00, 0x00, 0x27, 0x00, 0x00, 0x00, 0xC7, 0x81, 0x35, 0xC2,
        0x5B, 0xEC, 0xE0, 0xAB, 0xF8, 0x09, 0x75, 0xEF, 0xE6, 0x6D, 0x45, 0x3C, 0x4D, 0x23, 0x1B, 0xD4,
        0x27, 0x00, 0x00, 0x00, 0x25, 0x00, 0x00, 0x00, 0x21, 0x00, 0x00, 0x00, 0x2A, 0x00, 0x00, 0x00,
        0x40, 0x34, 0x70, 0xFC, 0x25, 0x00, 0x00, 0x00, 0x48, 0x00, 0x00, 0x00, 0x20, 0x00, 0x00, 0x00,
        0x6F, 0x00, 0x00, 0x00, 0x21, 0x00, 0x00, 0x00, 0xE2, 0x94, 0x84, 0x3A, 0x24, 0x00, 0x00, 0x00,
        0xD7, 0x00, 0x00, 0x00, 0x1A, 0x00, 0x00, 0x00, 0x4D, 0x02, 0x00, 0x00, 0x1B, 0x00, 0x00, 0x00,
        0x2A, 0x00, 0x00, 0x00, 0x91, 0x14, 0xCB, 0x04, 0x25, 0x00, 0x00, 0x00, 0x48, 0x00, 0x00, 0x00,
        0x20, 0x00, 0x00, 0x00, 0x6F, 0x00, 0x00, 0x00, 0x21, 0x00, 0x00, 0x00, 0x29, 0x39, 0xAA, 0xBF,
        0x24, 0x00, 0x00, 0x00, 0xD7, 0x00, 0x00, 0x00, 0x1A, 0x00, 0x00, 0x00, 0x4C, 0x02, 0x00, 0x00,
        0x1B, 0x00, 0x00, 0x00, 0x20, 0x00, 0x00, 0x00, 0xEB, 0x00, 0x00, 0x00, 0x2A, 0x00, 0x00, 0x00,
        0x27, 0x00, 0x00, 0x00, 0x83, 0x01, 0x00, 0x00, 0x0F, 0x40, 0x89, 0x0B, 0x5B, 0xEC, 0xE0, 0xAB,
        0x27, 0x00, 0x00, 0x00, 0x25, 0x00, 0x00, 0x00, 0xEC, 0x00, 0x00, 0x00, 0x2A, 0x00, 0x00, 0x00,
        0x27, 0x00, 0x00, 0x00, 0x0F, 0x40, 0x89, 0x0B, 0x5B, 0xEC, 0xE0, 0xAB, 0xF8, 0x09, 0x75, 0xEF,
        0xE6, 0x6D, 0x45, 0x3C, 0x4D, 0x23, 0x1B, 0xD4, 0x27, 0x00, 0x00, 0x00, 0x25, 0x00, 0x00, 0x00,
        0x21, 0x00, 0x00, 0x00, 0x2A, 0x00, 0x00, 0x00, 0x2C, 0x0B, 0x91, 0xED, 0x25, 0x00, 0x00, 0x00,
        0x0E, 0x00, 0x00, 0x00, 0x01, 0x00, 0x00, 0x00, 0x28, 0xD8, 0x54, 0x05, 0x01, 0x00, 0x00, 0x00,
        0xB3, 0x87, 0x33, 0xCB, 0x53, 0x00, 0x00, 0x00, 0xDE, 0xBC, 0x64, 0x27, 0x20, 0x00, 0x00, 0x00,
        0xD7, 0x00, 0x00, 0x00, 0x2A, 0x00, 0x00, 0x00, 0x89, 0x5C, 0x1C, 0xE7, 0x23, 0x00, 0x00, 0x00,
        0x0F, 0x02, 0x00, 0x00, 0x25, 0x00, 0x00, 0x00, 0xEA, 0x00, 0x00, 0x00, 0xED, 0x00, 0x00, 0x00,
        0x2A, 0x00, 0x00, 0x00, 0x27, 0x00, 0x00, 0x00, 0x07, 0x10, 0xC7, 0xCF, 0x27, 0x00, 0x00, 0x00,
        0x25, 0x00, 0x00, 0x00, 0xEA, 0x00, 0x00, 0x00, 0xEB, 0x00, 0x00, 0x00, 0x2A, 0x00, 0x00, 0x00,
        0x27, 0x00, 0x00, 0x00, 0x9D, 0x3C, 0xF6, 0x09, 0x5B, 0xEC, 0xE0, 0xAB, 0x75, 0xFF, 0x82, 0x05,
        0x27, 0x00, 0x00, 0x00, 0x25, 0x00, 0x00, 0x00, 0xEA, 0x00, 0x00, 0x00, 0xEC, 0x00, 0x00, 0x00,
        0x2A, 0x00, 0x00, 0x00, 0x27, 0x00, 0x00, 0x00, 0x91, 0x73, 0x7E, 0xB4, 0x49, 0x5A, 0x87, 0x93,
        0xFA, 0xA1, 0x6D, 0x07, 0x3E, 0xBE, 0x07, 0x8B, 0x72, 0x0D, 0x66, 0x82, 0x27, 0x00, 0x00, 0x00,
        0x25, 0x00, 0x00, 0x00, 0x53, 0x00, 0x00, 0x00, 0x33, 0x22, 0xBA, 0xB6, 0x2A, 0x00, 0x00, 0x00,
        0x1A, 0x02, 0x00, 0x00, 0x23, 0x00, 0x00, 0x00, 0x19, 0x02, 0x00, 0x00, 0x25, 0x00, 0x00, 0x00,
        0x53, 0x00, 0x00, 0x00, 0x6A, 0x1D, 0xB7, 0x8A, 0x2A, 0x00, 0x00, 0x00, 0x1B, 0x02, 0x00, 0x00,
        0x23, 0x00, 0x00, 0x00, 0x19, 0x02, 0x00, 0x00, 0x25, 0x00, 0x00, 0x00, 0x53, 0x00, 0x00, 0x00,
        0xC1, 0x8C, 0xAD, 0x7A, 0x2A, 0x00, 0x00, 0x00, 0x19, 0x02, 0x00, 0x00, 0x23, 0x00, 0x00, 0x00,
        0x1A, 0x02, 0x00, 0x00, 0x25, 0x00, 0x00, 0x00, 0x21, 0x00, 0x00, 0x00, 0x2A, 0x00, 0x00, 0x00,
        0x1A, 0x02, 0x00, 0x00, 0x23, 0x00, 0x00, 0x00, 0x19, 0x02, 0x00, 0x00, 0x25, 0x00, 0x00, 0x00,
        0x06, 0x00, 0x00, 0x00, 0x2F, 0x19, 0x69, 0xDD, 0x53, 0x00, 0x00, 0x00, 0xAA, 0x31, 0x9C, 0xC6,
        0x20, 0x00, 0x00, 0x00, 0xD7, 0x00, 0x00, 0x00, 0x2A, 0x00, 0x00, 0x00, 0x89, 0x5C, 0x1C, 0xE7,
        0x23, 0x00, 0x00, 0x00, 0x10, 0x02, 0x00, 0x00, 0x25, 0x00, 0x00, 0x00, 0xEA, 0x00, 0x00, 0x00,
        0xED, 0x00, 0x00, 0x00, 0x2A, 0x00, 0x00, 0x00, 0x27, 0x00, 0x00, 0x00, 0x07, 0x10, 0xC7, 0xCF,
        0x27, 0x00, 0x00, 0x00, 0x25, 0x00, 0x00, 0x00, 0xEA, 0x00, 0x00, 0x00, 0xEB, 0x00, 0x00, 0x00,
        0x2A, 0x00, 0x00, 0x00, 0x27, 0x00, 0x00, 0x00, 0x45, 0x03, 0xA5, 0x4E, 0x66, 0xBD, 0x85, 0xD0,
        0x27, 0x00, 0x00, 0x00, 0x25, 0x00, 0x00, 0x00, 0x53, 0x00, 0x00, 0x00, 0x33, 0x22, 0xBA, 0xB6,
        0x2A, 0x00, 0x00, 0x00, 0x19, 0x02, 0x00, 0x00, 0x23, 0x00, 0x00, 0x00, 0x19, 0x02, 0x00, 0x00,
        0x25, 0x00, 0x00, 0x00, 0x53, 0x00, 0x00, 0x00, 0x6A, 0x1D, 0xB7, 0x8A, 0x2A, 0x00, 0x00, 0x00,
        0x19, 0x02, 0x00, 0x00, 0x23, 0x00, 0x00, 0x00, 0xD0, 0xAC, 0xE9, 0x60, 0x25, 0x00, 0x00, 0x00,
        0x53, 0x00, 0x00, 0x00, 0xC1, 0x8C, 0xAD, 0x7A, 0x2A, 0x00, 0x00, 0x00, 0x19, 0x02, 0x00, 0x00,
        0x23, 0x00, 0x00, 0x00, 0x4B, 0x0A, 0xB2, 0x55, 0x25, 0x00, 0x00, 0x00, 0x21, 0x00, 0x00, 0x00,
        0x2A, 0x00, 0x00, 0x00, 0x19, 0x02, 0x00, 0x00, 0x23, 0x00, 0x00, 0x00, 0xC4, 0xFE, 0xD8, 0x25,
        0x25, 0x00, 0x00, 0x00, 0x0E, 0x00, 0x00, 0x00, 0x06, 0x00, 0x00, 0x00, 0xF7, 0xD6, 0xF3, 0x8E,
        0x53, 0x00, 0x00, 0x00, 0x23, 0x1D, 0x8C, 0x61, 0x20, 0x00, 0x00, 0x00, 0xD7, 0x00, 0x00, 0x00,
        0x2A, 0x00, 0x00, 0x00, 0x89, 0x5C, 0x1C, 0xE7, 0x23, 0x00, 0x00, 0x00, 0x11, 0x02, 0x00, 0x00,
        0x25, 0x00, 0x00, 0x00, 0xEA, 0x00, 0x00, 0x00, 0xED, 0x00, 0x00, 0x00, 0x2A, 0x00, 0x00, 0x00,
        0x27, 0x00, 0x00, 0x00, 0x07, 0x10, 0xC7, 0xCF, 0x27, 0x00, 0x00, 0x00, 0x25, 0x00, 0x00, 0x00,
        0xEA, 0x00, 0x00, 0x00, 0xEB, 0x00, 0x00, 0x00, 0x2A, 0x00, 0x00, 0x00, 0x27, 0x00, 0x00, 0x00,
        0x45, 0x99, 0x71, 0xEC, 0x66, 0xBD, 0x85, 0xD0, 0x27, 0x00, 0x00, 0x00, 0x25, 0x00, 0x00, 0x00,
        0x53, 0x00, 0x00, 0x00, 0x33, 0x22, 0xBA, 0xB6, 0x2A, 0x00, 0x00, 0x00, 0x19, 0x02, 0x00, 0x00,
        0x23, 0x00, 0x00, 0x00, 0x19, 0x02, 0x00, 0x00, 0x25, 0x00, 0x00, 0x00, 0x53, 0x00, 0x00, 0x00,
        0x6A, 0x1D, 0xB7, 0x8A, 0x2A, 0x00, 0x00, 0x00, 0x19, 0x02, 0x00, 0x00, 0x23, 0x00, 0x00, 0x00,
        0x1A, 0x02, 0x00, 0x00, 0x25, 0x00, 0x00, 0x00, 0x53, 0x00, 0x00, 0x00, 0xC1, 0x8C, 0xAD, 0x7A,
        0x2A, 0x00, 0x00, 0x00, 0x19, 0x02, 0x00, 0x00, 0x23, 0x00, 0x00, 0x00, 0x4B, 0x0A, 0xB2, 0x55,
        0x25, 0x00, 0x00, 0x00, 0x21, 0x00, 0x00, 0x00, 0x2A, 0x00, 0x00, 0x00, 0x19, 0x02, 0x00, 0x00,
        0x23, 0x00, 0x00, 0x00, 0xD0, 0xAC, 0xE9, 0x60, 0x25, 0x00, 0x00, 0x00, 0x0E, 0x00, 0x00, 0x00,
        0x06, 0x00, 0x00, 0x00, 0x20, 0xA3, 0xB0, 0xFC, 0x53, 0x00, 0x00, 0x00, 0x0F, 0xAD, 0xDC, 0x23,
        0x20, 0x00, 0x00, 0x00, 0xD7, 0x00, 0x00, 0x00, 0x2A, 0x00, 0x00, 0x00, 0x89, 0x5C, 0x1C, 0xE7,
        0x23, 0x00, 0x00, 0x00, 0x12, 0x02, 0x00, 0x00, 0x25, 0x00, 0x00, 0x00, 0xEA, 0x00, 0x00, 0x00,
        0xED, 0x00, 0x00, 0x00, 0x2A, 0x00, 0x00, 0x00, 0x27, 0x00, 0x00, 0x00, 0x07, 0x10, 0xC7, 0xCF,
        0x27, 0x00, 0x00, 0x00, 0x25, 0x00, 0x00, 0x00, 0xEA, 0x00, 0x00, 0x00, 0xEB, 0x00, 0x00, 0x00,
        0x2A, 0x00, 0x00, 0x00, 0x27, 0x00, 0x00, 0x00, 0x1C, 0xE9, 0x6F, 0x9F, 0x45, 0x99, 0x71, 0xEC,
        0x66, 0xBD, 0x85, 0xD0, 0x27, 0x00, 0x00, 0x00, 0x25, 0x00, 0x00, 0x00, 0x53, 0x00, 0x00, 0x00,
        0x33, 0x22, 0xBA, 0xB6, 0x2A, 0x00, 0x00, 0x00, 0x19, 0x02, 0x00, 0x00, 0x23, 0x00, 0x00, 0x00,
        0x4B, 0x0A, 0xB2, 0x55, 0x25, 0x00, 0x00, 0x00, 0x53, 0x00, 0x00, 0x00, 0x6A, 0x1D, 0xB7, 0x8A,
        0x2A, 0x00, 0x00, 0x00, 0x23, 0x02, 0x00, 0x00, 0x23, 0x00, 0x00, 0x00, 0x19, 0x02, 0x00, 0x00,
        0x25, 0x00, 0x00, 0x00, 0x53, 0x00, 0x00, 0x00, 0xC1, 0x8C, 0xAD, 0x7A, 0x2A, 0x00, 0x00, 0x00,
        0x19, 0x02, 0x00, 0x00, 0x23, 0x00, 0x00, 0x00, 0x4B, 0x0A, 0xB2, 0x55, 0x25, 0x00, 0x00, 0x00,
        0x21, 0x00, 0x00, 0x00, 0x2A, 0x00, 0x00, 0x00, 0x19, 0x02, 0x00, 0x00, 0x23, 0x00, 0x00, 0x00,
        0xD0, 0xAC, 0xE9, 0x60, 0x25, 0x00, 0x00, 0x00, 0x53, 0x00, 0x00, 0x00, 0x28, 0x63, 0x7D, 0xDE,
        0x20, 0x00, 0x00, 0x00, 0xD7, 0x00, 0x00, 0x00, 0x2A, 0x00, 0x00, 0x00, 0x1F, 0x6C, 0x1B, 0x90,
        0x23, 0x00, 0x00, 0x00, 0x0F, 0x02, 0x00, 0x00, 0x25, 0x00, 0x00, 0x00, 0xEA, 0x00, 0x00, 0x00,
        0xED, 0x00, 0x00, 0x00, 0x2A, 0x00, 0x00, 0x00, 0x27, 0x00, 0x00, 0x00, 0x07, 0x10, 0xC7, 0xCF,
        0x27, 0x00, 0x00, 0x00, 0x25, 0x00, 0x00, 0x00, 0xEA, 0x00, 0x00, 0x00, 0xEB, 0x00, 0x00, 0x00,
        0x2A, 0x00, 0x00, 0x00, 0x27, 0x00, 0x00, 0x00, 0x1C, 0xE9, 0x6F, 0x9F, 0x45, 0x99, 0x71, 0xEC,
        0x62, 0x1A, 0x3C, 0x91, 0xFA, 0xA1, 0x6D, 0x07, 0x72, 0x0A, 0x22, 0x34, 0x27, 0x00, 0x00, 0x00,
        0x25, 0x00, 0x00, 0x00, 0x53, 0x00, 0x00, 0x00, 0x33, 0x22, 0xBA, 0xB6, 0x2A, 0x00, 0x00, 0x00,
        0x1D, 0x02, 0x00, 0x00, 0x23, 0x00, 0x00, 0x00, 0x19, 0x02, 0x00, 0x00, 0x25, 0x00, 0x00, 0x00,
        0x53, 0x00, 0x00, 0x00, 0x6A, 0x1D, 0xB7, 0x8A, 0x2A, 0x00, 0x00, 0x00, 0x5B, 0xA8, 0x6B, 0xD3,
        0x23, 0x00, 0x00, 0x00, 0x19, 0x02, 0x00, 0x00, 0x25, 0x00, 0x00, 0x00, 0x53, 0x00, 0x00, 0x00,
        0xC1, 0x8C, 0xAD, 0x7A, 0x2A, 0x00, 0x00, 0x00, 0x1A, 0x02, 0x00, 0x00, 0x23, 0x00, 0x00, 0x00,
        0x19, 0x02, 0x00, 0x00, 0x25, 0x00, 0x00, 0x00, 0x21, 0x00, 0x00, 0x00, 0x2A, 0x00, 0x00, 0x00,
        0xC3, 0xBF, 0x25, 0xB5, 0x23, 0x00, 0x00, 0x00, 0x19, 0x02, 0x00, 0x00, 0x25, 0x00, 0x00, 0x00,
        0x53, 0x00, 0x00, 0x00, 0xD8, 0x08, 0xE1, 0x55, 0x20, 0x00, 0x00, 0x00, 0xD7, 0x00, 0x00, 0x00,
        0x2A, 0x00, 0x00, 0x00, 0x1F, 0x6C, 0x1B, 0x90, 0x23, 0x00, 0x00, 0x00, 0x10, 0x02, 0x00, 0x00,
        0x25, 0x00, 0x00, 0x00, 0xEA, 0x00, 0x00, 0x00, 0xED, 0x00, 0x00, 0x00, 0x2A, 0x00, 0x00, 0x00,
        0x27, 0x00, 0x00, 0x00, 0x07, 0x10, 0xC7, 0xCF, 0x27, 0x00, 0x00, 0x00, 0x25, 0x00, 0x00, 0x00,
        0xEA, 0x00, 0x00, 0x00, 0xEB, 0x00, 0x00, 0x00, 0x2A, 0x00, 0x00, 0x00, 0x27, 0x00, 0x00, 0x00,
        0x1C, 0xE9, 0x6F, 0x9F, 0x45, 0x99, 0x71, 0xEC, 0x02, 0x51, 0x8B, 0xE3, 0x6A, 0x24, 0xC0, 0xF7,
        0x8E, 0xAB, 0xFD, 0xFE, 0xF4, 0x4C, 0x5F, 0x14, 0x27, 0x00, 0x00, 0x00, 0x25, 0x00, 0x00, 0x00,
        0x53, 0x00, 0x00, 0x00, 0x33, 0x22, 0xBA, 0xB6, 0x2A, 0x00, 0x00, 0x00, 0x1A, 0x02, 0x00, 0x00,
        0x23, 0x00, 0x00, 0x00, 0x19, 0x02, 0x00, 0x00, 0x25, 0x00, 0x00, 0x00, 0x53, 0x00, 0x00, 0x00,
        0x6A, 0x1D, 0xB7, 0x8A, 0x2A, 0x00, 0x00, 0x00, 0x23, 0x02, 0x00, 0x00, 0x23, 0x00, 0x00, 0x00,
        0x19, 0x02, 0x00, 0x00, 0x25, 0x00, 0x00, 0x00, 0x53, 0x00, 0x00, 0x00, 0xC1, 0x8C, 0xAD, 0x7A,
        0x2A, 0x00, 0x00, 0x00, 0x19, 0x02, 0x00, 0x00, 0x23, 0x00, 0x00, 0x00, 0x1A, 0x02, 0x00, 0x00,
        0x25, 0x00, 0x00, 0x00, 0x21, 0x00, 0x00, 0x00, 0x2A, 0x00, 0x00, 0x00, 0x1A, 0x02, 0x00, 0x00,
        0x23, 0x00, 0x00, 0x00, 0x19, 0x02, 0x00, 0x00, 0x25, 0x00, 0x00, 0x00, 0x0E, 0x00, 0x00, 0x00,
        0x06, 0x00, 0x00, 0x00, 0x2F, 0x19, 0x69, 0xDD, 0x10, 0x00, 0x00, 0x00, 0x10, 0x00, 0x00, 0x00,
        0xF7, 0xD6, 0xF3, 0x8E, 0x10, 0x00, 0x00, 0x00, 0x10, 0x00, 0x00, 0x00, 0x20, 0xA3, 0xB0, 0xFC,
        0x53, 0x00, 0x00, 0x00, 0x73, 0xF3, 0xA2, 0xD2, 0x20, 0x00, 0x00, 0x00, 0xD7, 0x00, 0x00, 0x00,
        0x2A, 0x00, 0x00, 0x00, 0x1F, 0x6C, 0x1B, 0x90, 0x23, 0x00, 0x00, 0x00, 0x11, 0x02, 0x00, 0x00,
        0x25, 0x00, 0x00, 0x00, 0xEA, 0x00, 0x00, 0x00, 0xED, 0x00, 0x00, 0x00, 0x2A, 0x00, 0x00, 0x00,
        0x27, 0x00, 0x00, 0x00, 0x07, 0x10, 0xC7, 0xCF, 0x27, 0x00, 0x00, 0x00, 0x25, 0x00, 0x00, 0x00,
        0xEA, 0x00, 0x00, 0x00, 0xEB, 0x00, 0x00, 0x00, 0x2A, 0x00, 0x00, 0x00, 0x27, 0x00, 0x00, 0x00,
        0x39, 0xE0, 0xE1, 0xF2, 0x5B, 0x6A, 0x87, 0x42, 0x27, 0x00, 0x00, 0x00, 0x25, 0x00, 0x00, 0x00,
        0x53, 0x00, 0x00, 0x00, 0x33, 0x22, 0xBA, 0xB6, 0x2A, 0x00, 0x00, 0x00, 0x19, 0x02, 0x00, 0x00,
        0x23, 0x00, 0x00, 0x00, 0x19, 0x02, 0x00, 0x00, 0x25, 0x00, 0x00, 0x00, 0x53, 0x00, 0x00, 0x00,
        0x6A, 0x1D, 0xB7, 0x8A, 0x2A, 0x00, 0x00, 0x00, 0x1A, 0x02, 0x00, 0x00, 0x23, 0x00, 0x00, 0x00,
        0x19, 0x02, 0x00, 0x00, 0x25, 0x00, 0x00, 0x00, 0x53, 0x00, 0x00, 0x00, 0xC1, 0x8C, 0xAD, 0x7A,
        0x2A, 0x00, 0x00, 0x00, 0x19, 0x02, 0x00, 0x00, 0x23, 0x00, 0x00, 0x00, 0x2F, 0xE0, 0x2C, 0xC8,
        0x25, 0x00, 0x00, 0x00, 0x21, 0x00, 0x00, 0x00, 0x2A, 0x00, 0x00, 0x00, 0x1A, 0x02, 0x00, 0x00,
        0x23, 0x00, 0x00, 0x00, 0x19, 0x02, 0x00, 0x00, 0x25, 0x00, 0x00, 0x00, 0x53, 0x00, 0x00, 0x00,
        0x25, 0xC5, 0xFC, 0xC2, 0x20, 0x00, 0x00, 0x00, 0xD7, 0x00, 0x00, 0x00, 0x2A, 0x00, 0x00, 0x00,
        0x1F, 0x6C, 0x1B, 0x90, 0x23, 0x00, 0x00, 0x00, 0x12, 0x02, 0x00, 0x00, 0x25, 0x00, 0x00, 0x00,
        0xEA, 0x00, 0x00, 0x00, 0xED, 0x00, 0x00, 0x00, 0x2A, 0x00, 0x00, 0x00, 0x27, 0x00, 0x00, 0x00,
        0x07, 0x10, 0xC7, 0xCF, 0x27, 0x00, 0x00, 0x00, 0x25, 0x00, 0x00, 0x00, 0xEA, 0x00, 0x00, 0x00,
        0xEB, 0x00, 0x00, 0x00, 0x2A, 0x00, 0x00, 0x00, 0x27, 0x00, 0x00, 0x00, 0x5D, 0x96, 0x79, 0xDB,
        0x2D, 0x82, 0x76, 0x75, 0xD8, 0xE1, 0xB9, 0xD6, 0x27, 0x00, 0x00, 0x00, 0x25, 0x00, 0x00, 0x00,
        0x53, 0x00, 0x00, 0x00, 0x33, 0x22, 0xBA, 0xB6, 0x2A, 0x00, 0x00, 0x00, 0x19, 0x02, 0x00, 0x00,
        0x23, 0x00, 0x00, 0x00, 0x19, 0x02, 0x00, 0x00, 0x25, 0x00, 0x00, 0x00, 0x53, 0x00, 0x00, 0x00,
        0x6A, 0x1D, 0xB7, 0x8A, 0x2A, 0x00, 0x00, 0x00, 0x1E, 0x02, 0x00, 0x00, 0x23, 0x00, 0x00, 0x00,
        0x19, 0x02, 0x00, 0x00, 0x25, 0x00, 0x00, 0x00, 0x53, 0x00, 0x00, 0x00, 0xC1, 0x8C, 0xAD, 0x7A,
        0x2A, 0x00, 0x00, 0x00, 0x19, 0x02, 0x00, 0x00, 0x23, 0x00, 0x00, 0x00, 0x1A, 0x02, 0x00, 0x00,
        0x25, 0x00, 0x00, 0x00, 0x21, 0x00, 0x00, 0x00, 0x2A, 0x00, 0x00, 0x00, 0x1C, 0x02, 0x00, 0x00,
        0x23, 0x00, 0x00, 0x00, 0x19, 0x02, 0x00, 0x00, 0x25, 0x00, 0x00, 0x00, 0x0E, 0x00, 0x00, 0x00,
        0x06, 0x00, 0x00, 0x00, 0x01, 0x4E, 0x5D, 0x81, 0x10, 0x00, 0x00, 0x00, 0x10, 0x00, 0x00, 0x00,
        0x7B, 0x29, 0x94, 0x47, 0x53, 0x00, 0x00, 0x00, 0x87, 0xEF, 0xE0, 0xA8, 0x20, 0x00, 0x00, 0x00,
        0xD7, 0x00, 0x00, 0x00, 0x2A, 0x00, 0x00, 0x00, 0xA5, 0x3D, 0x12, 0x09, 0x23, 0x00, 0x00, 0x00,
        0x0F, 0x02, 0x00, 0x00, 0x25, 0x00, 0x00, 0x00, 0xEA, 0x00, 0x00, 0x00, 0x51, 0x2E, 0x93, 0x31,
        0x2A, 0x00, 0x00, 0x00, 0x27, 0x00, 0x00, 0x00, 0x3C, 0x63, 0x59, 0xDE, 0x93, 0x7F, 0x06, 0x2E,
        0xF9, 0x2E, 0x07, 0x62, 0x84, 0x25, 0x46, 0xEC, 0x27, 0x00, 0x00, 0x00, 0x25, 0x00, 0x00, 0x00,
        0xEA, 0x00, 0x00, 0x00, 0xEB, 0x00, 0x00, 0x00, 0x2A, 0x00, 0x00, 0x00, 0x27, 0x00, 0x00, 0x00,
        0xA5, 0x7A, 0xAA, 0x29, 0xF9, 0x2E, 0x07, 0x62, 0x84, 0x25, 0x46, 0xEC, 0x27, 0x00, 0x00, 0x00,
        0x25, 0x00, 0x00, 0x00, 0xEA, 0x00, 0x00, 0x00, 0xED, 0x00, 0x00, 0x00, 0x2A, 0x00, 0x00, 0x00,
        0x27, 0x00, 0x00, 0x00, 0x07, 0x10, 0xC7, 0xCF, 0x27, 0x00, 0x00, 0x00, 0x25, 0x00, 0x00, 0x00,
        0x53, 0x00, 0x00, 0x00, 0x33, 0x22, 0xBA, 0xB6, 0x2A, 0x00, 0x00, 0x00, 0x19, 0x02, 0x00, 0x00,
        0x23, 0x00, 0x00, 0x00, 0x19, 0x02, 0x00, 0x00, 0x25, 0x00, 0x00, 0x00, 0x53, 0x00, 0x00, 0x00,
        0x6A, 0x1D, 0xB7, 0x8A, 0x2A, 0x00, 0x00, 0x00, 0x23, 0x02, 0x00, 0x00, 0x23, 0x00, 0x00, 0x00,
        0x19, 0x02, 0x00, 0x00, 0x25, 0x00, 0x00, 0x00, 0x53, 0x00, 0x00, 0x00, 0xC1, 0x8C, 0xAD, 0x7A,
        0x2A, 0x00, 0x00, 0x00, 0x19, 0x02, 0x00, 0x00, 0x23, 0x00, 0x00, 0x00, 0x1A, 0x02, 0x00, 0x00,
        0x25, 0x00, 0x00, 0x00, 0x21, 0x00, 0x00, 0x00, 0x2A, 0x00, 0x00, 0x00, 0x19, 0x02, 0x00, 0x00,
        0x23, 0x00, 0x00, 0x00, 0x1E, 0x02, 0x00, 0x00, 0x25, 0x00, 0x00, 0x00, 0x53, 0x00, 0x00, 0x00,
        0xED, 0x3F, 0xF5, 0x76, 0x20, 0x00, 0x00, 0x00, 0xD7, 0x00, 0x00, 0x00, 0x2A, 0x00, 0x00, 0x00,
        0xA5, 0x3D, 0x12, 0x09, 0x23, 0x00, 0x00, 0x00, 0x10, 0x02, 0x00, 0x00, 0x25, 0x00, 0x00, 0x00,
        0xEA, 0x00, 0x00, 0x00, 0x51, 0x2E, 0x93, 0x31, 0x2A, 0x00, 0x00, 0x00, 0x27, 0x00, 0x00, 0x00,
        0x3C, 0x63, 0x59, 0xDE, 0x71, 0xD6, 0xA1, 0xAE, 0x93, 0x7F, 0x06, 0x2E, 0x28, 0x71, 0x9D, 0xAB,
        0x84, 0x25, 0x46, 0xEC, 0x27, 0x00, 0x00, 0x00, 0x25, 0x00, 0x00, 0x00, 0xEA, 0x00, 0x00, 0x00,
        0xEB, 0x00, 0x00, 0x00, 0x2A, 0x00, 0x00, 0x00, 0x27, 0x00, 0x00, 0x00, 0xA5, 0x7A, 0xAA, 0x29,
        0x71, 0xD6, 0xA1, 0xAE, 0x84, 0x25, 0x46, 0xEC, 0x27, 0x00, 0x00, 0x00, 0x25, 0x00, 0x00, 0x00,
        0xEA, 0x00, 0x00, 0x00, 0xED, 0x00, 0x00, 0x00, 0x2A, 0x00, 0x00, 0x00, 0x27, 0x00, 0x00, 0x00,
        0x07, 0x10, 0xC7, 0xCF, 0x27, 0x00, 0x00, 0x00, 0x25, 0x00, 0x00, 0x00, 0x53, 0x00, 0x00, 0x00,
        0x33, 0x22, 0xBA, 0xB6, 0x2A, 0x00, 0x00, 0x00, 0x19, 0x02, 0x00, 0x00, 0x23, 0x00, 0x00, 0x00,
        0x19, 0x02, 0x00, 0x00, 0x25, 0x00, 0x00, 0x00, 0x53, 0x00, 0x00, 0x00, 0x6A, 0x1D, 0xB7, 0x8A,
        0x2A, 0x00, 0x00, 0x00, 0x1A, 0x02, 0x00, 0x00, 0x23, 0x00, 0x00, 0x00, 0x19, 0x02, 0x00, 0x00,
        0x25, 0x00, 0x00, 0x00, 0x53, 0x00, 0x00, 0x00, 0xC1, 0x8C, 0xAD, 0x7A, 0x2A, 0x00, 0x00, 0x00,
        0x19, 0x02, 0x00, 0x00, 0x23, 0x00, 0x00, 0x00, 0x1A, 0x02, 0x00, 0x00, 0x25, 0x00, 0x00, 0x00,
        0x21, 0x00, 0x00, 0x00, 0x2A, 0x00, 0x00, 0x00, 0x19, 0x02, 0x00, 0x00, 0x23, 0x00, 0x00, 0x00,
        0x1E, 0x02, 0x00, 0x00, 0x25, 0x00, 0x00, 0x00, 0x53, 0x00, 0x00, 0x00, 0x99, 0xF3, 0xB7, 0xDC,
        0x20, 0x00, 0x00, 0x00, 0xD7, 0x00, 0x00, 0x00, 0x2A, 0x00, 0x00, 0x00, 0xA5, 0x3D, 0x12, 0x09,
        0x23, 0x00, 0x00, 0x00, 0x11, 0x02, 0x00, 0x00, 0x25, 0x00, 0x00, 0x00, 0xEA, 0x00, 0x00, 0x00,
        0x51, 0x2E, 0x93, 0x31, 0x2A, 0x00, 0x00, 0x00, 0x27, 0x00, 0x00, 0x00, 0x3C, 0x63, 0x59, 0xDE,
        0x55, 0x92, 0x55, 0x12, 0x93, 0x7F, 0x06, 0x2E, 0x28, 0x71, 0x9D, 0xAB, 0x84, 0x25, 0x46, 0xEC,
        0x27, 0x00, 0x00, 0x00, 0x25, 0x00, 0x00, 0x00, 0xEA, 0x00, 0x00, 0x00, 0xEB, 0x00, 0x00, 0x00,
        0x2A, 0x00, 0x00, 0x00, 0x27, 0x00, 0x00, 0x00, 0xA5, 0x7A, 0xAA, 0x29, 0x55, 0x92, 0x55, 0x12,
        0x84, 0x25, 0x46, 0xEC, 0x27, 0x00, 0x00, 0x00, 0x25, 0x00, 0x00, 0x00, 0xEA, 0x00, 0x00, 0x00,
        0xED, 0x00, 0x00, 0x00, 0x2A, 0x00, 0x00, 0x00, 0x27, 0x00, 0x00, 0x00, 0x07, 0x10, 0xC7, 0xCF,
        0x27, 0x00, 0x00, 0x00, 0x25, 0x00, 0x00, 0x00, 0x53, 0x00, 0x00, 0x00, 0x33, 0x22, 0xBA, 0xB6,
        0x2A, 0x00, 0x00, 0x00, 0x19, 0x02, 0x00, 0x00, 0x23, 0x00, 0x00, 0x00, 0x19, 0x02, 0x00, 0x00,
        0x25, 0x00, 0x00, 0x00, 0x53, 0x00, 0x00, 0x00, 0x6A, 0x1D, 0xB7, 0x8A, 0x2A, 0x00, 0x00, 0x00,
        0x1A, 0x02, 0x00, 0x00, 0x23, 0x00, 0x00, 0x00, 0x19, 0x02, 0x00, 0x00, 0x25, 0x00, 0x00, 0x00,
        0x53, 0x00, 0x00, 0x00, 0xC1, 0x8C, 0xAD, 0x7A, 0x2A, 0x00, 0x00, 0x00, 0x19, 0x02, 0x00, 0x00,
        0x23, 0x00, 0x00, 0x00, 0x1A, 0x02, 0x00, 0x00, 0x25, 0x00, 0x00, 0x00, 0x21, 0x00, 0x00, 0x00,
        0x2A, 0x00, 0x00, 0x00, 0x19, 0x02, 0x00, 0x00, 0x23, 0x00, 0x00, 0x00, 0x1E, 0x02, 0x00, 0x00,
        0x25, 0x00, 0x00, 0x00, 0x53, 0x00, 0x00, 0x00, 0x7F, 0x00, 0x30, 0xCF, 0x20, 0x00, 0x00, 0x00,
        0xD7, 0x00, 0x00, 0x00, 0x2A, 0x00, 0x00, 0x00, 0xA5, 0x3D, 0x12, 0x09, 0x23, 0x00, 0x00, 0x00,
        0x12, 0x02, 0x00, 0x00, 0x25, 0x00, 0x00, 0x00, 0xEA, 0x00, 0x00, 0x00, 0x51, 0x2E, 0x93, 0x31,
        0x2A, 0x00, 0x00, 0x00, 0x27, 0x00, 0x00, 0x00, 0x9D, 0x96, 0xCC, 0xAD, 0x76, 0x24, 0xF6, 0x71,
        0x70, 0xA1, 0x1A, 0xB9, 0xE6, 0x6D, 0x45, 0x3C, 0x05, 0xEE, 0x1C, 0x3B, 0xE6, 0x6D, 0x45, 0x3C,
        0x93, 0x7F, 0x06, 0x2E, 0xBB, 0xAA, 0xAD, 0x93, 0x44, 0x2E, 0xDE, 0x27, 0xB1, 0x6A, 0x16, 0x28,
        0x1A, 0x00, 0x00, 0x00, 0x19, 0x02, 0x00, 0x00, 0x24, 0xEB, 0x2D, 0x07, 0xE6, 0x6D, 0x45, 0x3C,
        0x66, 0x75, 0xD7, 0x1F, 0x1B, 0x00, 0x00, 0x00, 0x27, 0x00, 0x00, 0x00, 0x25, 0x00, 0x00, 0x00,
        0xEA, 0x00, 0x00, 0x00, 0xEB, 0x00, 0x00, 0x00, 0x2A, 0x00, 0x00, 0x00, 0x27, 0x00, 0x00, 0x00,
        0xA5, 0x7A, 0xAA, 0x29, 0x69, 0x18, 0x43, 0x90, 0x81, 0x9A, 0x92, 0x1C, 0x27, 0x00, 0x00, 0x00,
        0x25, 0x00, 0x00, 0x00, 0xEA, 0x00, 0x00, 0x00, 0xED, 0x00, 0x00, 0x00, 0x2A, 0x00, 0x00, 0x00,
        0x27, 0x00, 0x00, 0x00, 0x07, 0x10, 0xC7, 0xCF, 0x27, 0x00, 0x00, 0x00, 0x25, 0x00, 0x00, 0x00,
        0x53, 0x00, 0x00, 0x00, 0x33, 0x22, 0xBA, 0xB6, 0x2A, 0x00, 0x00, 0x00, 0x19, 0x02, 0x00, 0x00,
        0x23, 0x00, 0x00, 0x00, 0x19, 0x02, 0x00, 0x00, 0x25, 0x00, 0x00, 0x00, 0x53, 0x00, 0x00, 0x00,
        0x6A, 0x1D, 0xB7, 0x8A, 0x2A, 0x00, 0x00, 0x00, 0xEA, 0x50, 0x77, 0x23, 0x23, 0x00, 0x00, 0x00,
        0x19, 0x02, 0x00, 0x00, 0x25, 0x00, 0x00, 0x00, 0x53, 0x00, 0x00, 0x00, 0xC1, 0x8C, 0xAD, 0x7A,
        0x2A, 0x00, 0x00, 0x00, 0x19, 0x02, 0x00, 0x00, 0x23, 0x00, 0x00, 0x00, 0x1E, 0x02, 0x00, 0x00,
        0x25, 0x00, 0x00, 0x00, 0x21, 0x00, 0x00, 0x00, 0x2A, 0x00, 0x00, 0x00, 0x19, 0x02, 0x00, 0x00,
        0x23, 0x00, 0x00, 0x00, 0x19, 0x02, 0x00, 0x00, 0x25, 0x00, 0x00, 0x00, 0x0E, 0x00, 0x00, 0x00,
        0x06, 0x00, 0x00, 0x00, 0xE7, 0x8D, 0xAA, 0x09, 0x56, 0x00, 0x00, 0x00, 0xDB, 0x6B, 0x1C, 0x33,
        0x20, 0x00, 0x00, 0x00, 0xD7, 0x00, 0x00, 0x00, 0x2A, 0x00, 0x00, 0x00, 0x33, 0x0D, 0x15, 0x7E,
        0x25, 0x00, 0x00, 0x00, 0xEA, 0x00, 0x00, 0x00, 0x51, 0x2E, 0x93, 0x31, 0x2A, 0x00, 0x00, 0x00,
        0x27, 0x00, 0x00, 0x00, 0x31, 0x01, 0x00, 0x00, 0x74, 0xEB, 0x09, 0x2E, 0xFA, 0xA1, 0x6D, 0x07,
        0xB6, 0xE1, 0x67, 0x98, 0x1A, 0x21, 0xDB, 0xE4, 0x27, 0x00, 0x00, 0x00, 0x25, 0x00, 0x00, 0x00,
        0xEA, 0x00, 0x00, 0x00, 0xEB, 0x00, 0x00, 0x00, 0x2A, 0x00, 0x00, 0x00, 0x27, 0x00, 0x00, 0x00,
        0x88, 0x4E, 0x55, 0x38, 0x4A, 0x44, 0x3B, 0x8E, 0x27, 0x00, 0x00, 0x00, 0x25, 0x00, 0x00, 0x00,
        0xEA, 0x00, 0x00, 0x00, 0xED, 0x00, 0x00, 0x00, 0x2A, 0x00, 0x00, 0x00, 0x27, 0x00, 0x00, 0x00,
        0xE5, 0x00, 0x00, 0x00, 0x27, 0x00, 0x00, 0x00, 0x25, 0x00, 0x00, 0x00, 0x21, 0x00, 0x00, 0x00,
        0x2A, 0x00, 0x00, 0x00, 0x1E, 0x00, 0x00, 0x00, 0x1A, 0x02, 0x00, 0x00, 0x23, 0x00, 0x00, 0x00,
        0x19, 0x02, 0x00, 0x00, 0x22, 0x00, 0x00, 0x00, 0x1A, 0x02, 0x00, 0x00, 0x23, 0x00, 0x00, 0x00,
        0x19, 0x02, 0x00, 0x00, 0x22, 0x00, 0x00, 0x00, 0x1A, 0x02, 0x00, 0x00, 0x23, 0x00, 0x00, 0x00,
        0x19, 0x02, 0x00, 0x00, 0x22, 0x00, 0x00, 0x00, 0x1A, 0x02, 0x00, 0x00, 0x23, 0x00, 0x00, 0x00,
        0x19, 0x02, 0x00, 0x00, 0x1F, 0x00, 0x00, 0x00, 0x25, 0x00, 0x00, 0x00, 0x53, 0x00, 0x00, 0x00,
        0xC6, 0x79, 0x37, 0x76, 0x20, 0x00, 0x00, 0x00, 0xD7, 0x00, 0x00, 0x00, 0x2A, 0x00, 0x00, 0x00,
        0x90, 0x98, 0x71, 0xE0, 0x23, 0x00, 0x00, 0x00, 0x0F, 0x02, 0x00, 0x00, 0x25, 0x00, 0x00, 0x00,
        0xEA, 0x00, 0x00, 0x00, 0x51, 0x2E, 0x93, 0x31, 0x2A, 0x00, 0x00, 0x00, 0x27, 0x00, 0x00, 0x00,
        0x9E, 0x42, 0x67, 0xEA, 0x99, 0x6D, 0xEA, 0xB9, 0xB6, 0xE1, 0x67, 0x98, 0x27, 0x00, 0x00, 0x00,
        0x25, 0x00, 0x00, 0x00, 0xEA, 0x00, 0x00, 0x00, 0xEB, 0x00, 0x00, 0x00, 0x2A, 0x00, 0x00, 0x00,
        0x27, 0x00, 0x00, 0x00, 0x88, 0x4E, 0x55, 0x38, 0x8E, 0x83, 0xCF, 0x2F, 0x27, 0x00, 0x00, 0x00,
        0x25, 0x00, 0x00, 0x00, 0xEA, 0x00, 0x00, 0x00, 0xED, 0x00, 0x00, 0x00, 0x2A, 0x00, 0x00, 0x00,
        0x27, 0x00, 0x00, 0x00, 0x07, 0x10, 0xC7, 0xCF, 0x27, 0x00, 0x00, 0x00, 0x25, 0x00, 0x00, 0x00,
        0x53, 0x00, 0x00, 0x00, 0x33, 0x22, 0xBA, 0xB6, 0x2A, 0x00, 0x00, 0x00, 0x19, 0x02, 0x00, 0x00,
        0x23, 0x00, 0x00, 0x00, 0x19, 0x02, 0x00, 0x00, 0x25, 0x00, 0x00, 0x00, 0x53, 0x00, 0x00, 0x00,
        0x6A, 0x1D, 0xB7, 0x8A, 0x2A, 0x00, 0x00, 0x00, 0x1A, 0x02, 0x00, 0x00, 0x23, 0x00, 0x00, 0x00,
        0x19, 0x02, 0x00, 0x00, 0x25, 0x00, 0x00, 0x00, 0x53, 0x00, 0x00, 0x00, 0xC1, 0x8C, 0xAD, 0x7A,
        0x2A, 0x00, 0x00, 0x00, 0x19, 0x02, 0x00, 0x00, 0x23, 0x00, 0x00, 0x00, 0x1A, 0x02, 0x00, 0x00,
        0x25, 0x00, 0x00, 0x00, 0x21, 0x00, 0x00, 0x00, 0x2A, 0x00, 0x00, 0x00, 0x1A, 0x02, 0x00, 0x00,
        0x23, 0x00, 0x00, 0x00, 0x19, 0x02, 0x00, 0x00, 0x25, 0x00, 0x00, 0x00, 0x53, 0x00, 0x00, 0x00,
        0x63, 0xAC, 0x40, 0x5B, 0x20, 0x00, 0x00, 0x00, 0xD7, 0x00, 0x00, 0x00, 0x2A, 0x00, 0x00, 0x00,
        0x90, 0x98, 0x71, 0xE0, 0x23, 0x00, 0x00, 0x00, 0x10, 0x02, 0x00, 0x00, 0x25, 0x00, 0x00, 0x00,
        0xEA, 0x00, 0x00, 0x00, 0x51, 0x2E, 0x93, 0x31, 0x2A, 0x00, 0x00, 0x00, 0x27, 0x00, 0x00, 0x00,
        0x9E, 0x42, 0x67, 0xEA, 0x99, 0x6D, 0xEA, 0xB9, 0x55, 0x92, 0x55, 0x12, 0xBB, 0xAA, 0xAD, 0x93,
        0x27, 0x00, 0x00, 0x00, 0x25, 0x00, 0x00, 0x00, 0xEA, 0x00, 0x00, 0x00, 0xEB, 0x00, 0x00, 0x00,
        0x2A, 0x00, 0x00, 0x00, 0x27, 0x00, 0x00, 0x00, 0x88, 0x4E, 0x55, 0x38, 0x51, 0xBD, 0x94, 0xD3,
        0x27, 0x00, 0x00, 0x00, 0x25, 0x00, 0x00, 0x00, 0xEA, 0x00, 0x00, 0x00, 0xED, 0x00, 0x00, 0x00,
        0x2A, 0x00, 0x00, 0x00, 0x27, 0x00, 0x00, 0x00, 0x07, 0x10, 0xC7, 0xCF, 0x27, 0x00, 0x00, 0x00,
        0x25, 0x00, 0x00, 0x00, 0x53, 0x00, 0x00, 0x00, 0x33, 0x22, 0xBA, 0xB6, 0x2A, 0x00, 0x00, 0x00,
        0x19, 0x02, 0x00, 0x00, 0x23, 0x00, 0x00, 0x00, 0x19, 0x02, 0x00, 0x00, 0x25, 0x00, 0x00, 0x00,
        0x53, 0x00, 0x00, 0x00, 0x6A, 0x1D, 0xB7, 0x8A, 0x2A, 0x00, 0x00, 0x00, 0x1A, 0x02, 0x00, 0x00,
        0x23, 0x00, 0x00, 0x00, 0x19, 0x02, 0x00, 0x00, 0x25, 0x00, 0x00, 0x00, 0x53, 0x00, 0x00, 0x00,
        0xC1, 0x8C, 0xAD, 0x7A, 0x2A, 0x00, 0x00, 0x00, 0x19, 0x02, 0x00, 0x00, 0x23, 0x00, 0x00, 0x00,
        0x1A, 0x02, 0x00, 0x00, 0x25, 0x00, 0x00, 0x00, 0x21, 0x00, 0x00, 0x00, 0x2A, 0x00, 0x00, 0x00,
        0x1A, 0x02, 0x00, 0x00, 0x23, 0x00, 0x00, 0x00, 0x19, 0x02, 0x00, 0x00, 0x25, 0x00, 0x00, 0x00,
        0x53, 0x00, 0x00, 0x00, 0x24, 0x0B, 0x9F, 0xF4, 0x20, 0x00, 0x00, 0x00, 0xD7, 0x00, 0x00, 0x00,
        0x2A, 0x00, 0x00, 0x00, 0x90, 0x98, 0x71, 0xE0, 0x23, 0x00, 0x00, 0x00, 0x11, 0x02, 0x00, 0x00,
        0x25, 0x00, 0x00, 0x00, 0xEA, 0x00, 0x00, 0x00, 0x51, 0x2E, 0x93, 0x31, 0x2A, 0x00, 0x00, 0x00,
        0x27, 0x00, 0x00, 0x00, 0x95, 0x72, 0x31, 0x19, 0xB6, 0xE1, 0x67, 0x98, 0xBB, 0xAA, 0xAD, 0x93,
        0x66, 0x6D, 0xFD, 0x43, 0x07, 0x18, 0x5A, 0xDF, 0x6A, 0x39, 0xE0, 0xD0, 0x34, 0x58, 0x77, 0x1D,
        0x6D, 0x9B, 0xF5, 0x07, 0x29, 0xFA, 0xED, 0x2D, 0x86, 0x76, 0x8B, 0x08, 0x27, 0x00, 0x00, 0x00,
        0x25, 0x00, 0x00, 0x00, 0xEA, 0x00, 0x00, 0x00, 0xEB, 0x00, 0x00, 0x00, 0x2A, 0x00, 0x00, 0x00,
        0x27, 0x00, 0x00, 0x00, 0x88, 0x4E, 0x55, 0x38, 0x5B, 0xEC, 0xE0, 0xAB, 0x6E, 0x16, 0x21, 0x11,
        0x27, 0x00, 0x00, 0x00, 0x25, 0x00, 0x00, 0x00, 0xEA, 0x00, 0x00, 0x00, 0xED, 0x00, 0x00, 0x00,
        0x2A, 0x00, 0x00, 0x00, 0x27, 0x00, 0x00, 0x00, 0x07, 0x10, 0xC7, 0xCF, 0x27, 0x00, 0x00, 0x00,
        0x25, 0x00, 0x00, 0x00, 0x53, 0x00, 0x00, 0x00, 0x33, 0x22, 0xBA, 0xB6, 0x2A, 0x00, 0x00, 0x00,
        0x19, 0x02, 0x00, 0x00, 0x23, 0x00, 0x00, 0x00, 0x19, 0x02, 0x00, 0x00, 0x25, 0x00, 0x00, 0x00,
        0x53, 0x00, 0x00, 0x00, 0x6A, 0x1D, 0xB7, 0x8A, 0x2A, 0x00, 0x00, 0x00, 0x1A, 0x02, 0x00, 0x00,
        0x23, 0x00, 0x00, 0x00, 0x19, 0x02, 0x00, 0x00, 0x25, 0x00, 0x00, 0x00, 0x53, 0x00, 0x00, 0x00,
        0xC1, 0x8C, 0xAD, 0x7A, 0x2A, 0x00, 0x00, 0x00, 0x19, 0x02, 0x00, 0x00, 0x23, 0x00, 0x00, 0x00,
        0x1A, 0x02, 0x00, 0x00, 0x25, 0x00, 0x00, 0x00, 0x21, 0x00, 0x00, 0x00, 0x2A, 0x00, 0x00, 0x00,
        0x1A, 0x02, 0x00, 0x00, 0x23, 0x00, 0x00, 0x00, 0x19, 0x02, 0x00, 0x00, 0x25, 0x00, 0x00, 0x00,
        0x53, 0x00, 0x00, 0x00, 0x9D, 0xCF, 0x2A, 0x6F, 0x20, 0x00, 0x00, 0x00, 0xD7, 0x00, 0x00, 0x00,
        0x2A, 0x00, 0x00, 0x00, 0x90, 0x98, 0x71, 0xE0, 0x23, 0x00, 0x00, 0x00, 0x12, 0x02, 0x00, 0x00,
        0x25, 0x00, 0x00, 0x00, 0xEA, 0x00, 0x00, 0x00, 0x51, 0x2E, 0x93, 0x31, 0x2A, 0x00, 0x00, 0x00,
        0x27, 0x00, 0x00, 0x00, 0x3C, 0x63, 0x59, 0xDE, 0x5E, 0xE5, 0x2C, 0xE8, 0xFA, 0xA1, 0x6D, 0x07,
        0xB6, 0xE1, 0x67, 0x98, 0x1A, 0x21, 0xDB, 0xE4, 0x27, 0x00, 0x00, 0x00, 0x25, 0x00, 0x00, 0x00,
        0xEA, 0x00, 0x00, 0x00, 0xEB, 0x00, 0x00, 0x00, 0x2A, 0x00, 0x00, 0x00, 0x27, 0x00, 0x00, 0x00,
        0x88, 0x4E, 0x55, 0x38, 0xC2, 0xDC, 0x91, 0x27, 0x27, 0x00, 0x00, 0x00, 0x25, 0x00, 0x00, 0x00,
        0xEA, 0x00, 0x00, 0x00, 0xED, 0x00, 0x00, 0x00, 0x2A, 0x00, 0x00, 0x00, 0x27, 0x00, 0x00, 0x00,
        0x07, 0x10, 0xC7, 0xCF, 0x27, 0x00, 0x00, 0x00, 0x25, 0x00, 0x00, 0x00, 0x53, 0x00, 0x00, 0x00,
        0x33, 0x22, 0xBA, 0xB6, 0x2A, 0x00, 0x00, 0x00, 0x19, 0x02, 0x00, 0x00, 0x23, 0x00, 0x00, 0x00,
        0x19, 0x02, 0x00, 0x00, 0x25, 0x00, 0x00, 0x00, 0x53, 0x00, 0x00, 0x00, 0x6A, 0x1D, 0xB7, 0x8A,
        0x2A, 0x00, 0x00, 0x00, 0xD4, 0x80, 0x3E, 0x48, 0x23, 0x00, 0x00, 0x00, 0x19, 0x02, 0x00, 0x00,
        0x25, 0x00, 0x00, 0x00, 0x53, 0x00, 0x00, 0x00, 0xC1, 0x8C, 0xAD, 0x7A, 0x2A, 0x00, 0x00, 0x00,
        0x19, 0x02, 0x00, 0x00, 0x23, 0x00, 0x00, 0x00, 0x2F, 0xE0, 0x2C, 0xC8, 0x25, 0x00, 0x00, 0x00,
        0x21, 0x00, 0x00, 0x00, 0x2A, 0x00, 0x00, 0x00, 0x1A, 0x02, 0x00, 0x00, 0x23, 0x00, 0x00, 0x00,
        0x19, 0x02, 0x00, 0x00, 0x25, 0x00, 0x00, 0x00, 0x0E, 0x00, 0x00, 0x00, 0x06, 0x00, 0x00, 0x00,
        0x97, 0x2B, 0x88, 0x0A, 0x53, 0x00, 0x00, 0x00, 0x3D, 0xA3, 0x42, 0xD9, 0x20, 0x00, 0x00, 0x00,
        0xD7, 0x00, 0x00, 0x00, 0x2A, 0x00, 0x00, 0x00, 0x06, 0xA8, 0x76, 0x97, 0x23, 0x00, 0x00, 0x00,
        0x0F, 0x02, 0x00, 0x00, 0x25, 0x00, 0x00, 0x00, 0xEA, 0x00, 0x00, 0x00, 0x51, 0x2E, 0x93, 0x31,
        0x2A, 0x00, 0x00, 0x00, 0x27, 0x00, 0x00, 0x00, 0x16, 0xFB, 0xFB, 0x47, 0xC4, 0xA9, 0xF6, 0xF2,
        0xFA, 0xA1, 0x6D, 0x07, 0xC1, 0x6C, 0xD3, 0x69, 0x1A, 0x21, 0xDB, 0xE4, 0x27, 0x00, 0x00, 0x00,
        0x25, 0x00, 0x00, 0x00, 0xEA, 0x00, 0x00, 0x00, 0xEB, 0x00, 0x00, 0x00, 0x2A, 0x00, 0x00, 0x00,
        0x27, 0x00, 0x00, 0x00, 0x2C, 0x5E, 0x5C, 0x6A, 0x36, 0xE9, 0x94, 0xEA, 0x27, 0x00, 0x00, 0x00,
        0x25, 0x00, 0x00, 0x00, 0xEA, 0x00, 0x00, 0x00, 0xED, 0x00, 0x00, 0x00, 0x2A, 0x00, 0x00, 0x00,
        0x27, 0x00, 0x00, 0x00, 0x07, 0x10, 0xC7, 0xCF, 0x27, 0x00, 0x00, 0x00, 0x25, 0x00, 0x00, 0x00,
        0x53, 0x00, 0x00, 0x00, 0x33, 0x22, 0xBA, 0xB6, 0x2A, 0x00, 0x00, 0x00, 0x2C, 0x00, 0x00, 0x00,
        0xD4, 0x80, 0x3E, 0x48, 0x23, 0x00, 0x00, 0x00, 0x19, 0x02, 0x00, 0x00, 0x25, 0x00, 0x00, 0x00,
        0x53, 0x00, 0x00, 0x00, 0x6A, 0x1D, 0xB7, 0x8A, 0x2A, 0x00, 0x00, 0x00, 0xD4, 0x80, 0x3E, 0x48,
        0x23, 0x00, 0x00, 0x00, 0x19, 0x02, 0x00, 0x00, 0x25, 0x00, 0x00, 0x00, 0x53, 0x00, 0x00, 0x00,
        0xC1, 0x8C, 0xAD, 0x7A, 0x2A, 0x00, 0x00, 0x00, 0x19, 0x02, 0x00, 0x00, 0x23, 0x00, 0x00, 0x00,
        0x1B, 0x02, 0x00, 0x00, 0x25, 0x00, 0x00, 0x00, 0x21, 0x00, 0x00, 0x00, 0x2A, 0x00, 0x00, 0x00,
        0x21, 0x02, 0x00, 0x00, 0x23, 0x00, 0x00, 0x00, 0x19, 0x02, 0x00, 0x00, 0x25, 0x00, 0x00, 0x00,
        0x53, 0x00, 0x00, 0x00, 0x75, 0x65, 0x32, 0x52, 0x20, 0x00, 0x00, 0x00, 0xD7, 0x00, 0x00, 0x00,
        0x2A, 0x00, 0x00, 0x00, 0x06, 0xA8, 0x76, 0x97, 0x23, 0x00, 0x00, 0x00, 0x10, 0x02, 0x00, 0x00,
        0x25, 0x00, 0x00, 0x00, 0xEA, 0x00, 0x00, 0x00, 0x51, 0x2E, 0x93, 0x31, 0x2A, 0x00, 0x00, 0x00,
        0x27, 0x00, 0x00, 0x00, 0x16, 0xFB, 0xFB, 0x47, 0x8E, 0xF1, 0x0D, 0xAB, 0xFA, 0xA1, 0x6D, 0x07,
        0x84, 0x0B, 0x0F, 0x69, 0x28, 0x71, 0x9D, 0xAB, 0x1A, 0x21, 0xDB, 0xE4, 0x27, 0x00, 0x00, 0x00,
        0x25, 0x00, 0x00, 0x00, 0xEA, 0x00, 0x00, 0x00, 0xEB, 0x00, 0x00, 0x00, 0x2A, 0x00, 0x00, 0x00,
        0x27, 0x00, 0x00, 0x00, 0x2C, 0x5E, 0x5C, 0x6A, 0xDE, 0x01, 0x00, 0x00, 0x1B, 0x02, 0x00, 0x00,
        0xB8, 0xF4, 0xA1, 0xAC, 0x27, 0x00, 0x00, 0x00, 0x25, 0x00, 0x00, 0x00, 0xEA, 0x00, 0x00, 0x00,
        0xED, 0x00, 0x00, 0x00, 0x2A, 0x00, 0x00, 0x00, 0x27, 0x00, 0x00, 0x00, 0x07, 0x10, 0xC7, 0xCF,
        0x27, 0x00, 0x00, 0x00, 0x25, 0x00, 0x00, 0x00, 0x53, 0x00, 0x00, 0x00, 0x33, 0x22, 0xBA, 0xB6,
        0x2A, 0x00, 0x00, 0x00, 0x19, 0x02, 0x00, 0x00, 0x23, 0x00, 0x00, 0x00, 0x19, 0x02, 0x00, 0x00,
        0x25, 0x00, 0x00, 0x00, 0x53, 0x00, 0x00, 0x00, 0x6A, 0x1D, 0xB7, 0x8A, 0x2A, 0x00, 0x00, 0x00,
        0x22, 0x76, 0x70, 0x8A, 0x23, 0x00, 0x00, 0x00, 0x19, 0x02, 0x00, 0x00, 0x25, 0x00, 0x00, 0x00,
        0x53, 0x00, 0x00, 0x00, 0xC1, 0x8C, 0xAD, 0x7A, 0x2A, 0x00, 0x00, 0x00, 0x19, 0x02, 0x00, 0x00,
        0x23, 0x00, 0x00, 0x00, 0x52, 0xCE, 0xDF, 0x52, 0x25, 0x00, 0x00, 0x00, 0x21, 0x00, 0x00, 0x00,
        0x2A, 0x00, 0x00, 0x00, 0x1A, 0x02, 0x00, 0x00, 0x23, 0x00, 0x00, 0x00, 0x19, 0x02, 0x00, 0x00,
        0x25, 0x00, 0x00, 0x00, 0x53, 0x00, 0x00, 0x00, 0xA6, 0x1A, 0x31, 0x17, 0x20, 0x00, 0x00, 0x00,
        0xD7, 0x00, 0x00, 0x00, 0x2A, 0x00, 0x00, 0x00, 0x06, 0xA8, 0x76, 0x97, 0x23, 0x00, 0x00, 0x00,
        0x11, 0x02, 0x00, 0x00, 0x25, 0x00, 0x00, 0x00, 0xEA, 0x00, 0x00, 0x00, 0x51, 0x2E, 0x93, 0x31,
        0x2A, 0x00, 0x00, 0x00, 0x27, 0x00, 0x00, 0x00, 0x16, 0xFB, 0xFB, 0x47, 0xF8, 0x2C, 0x6D, 0x4F,
        0xFA, 0xA1, 0x6D, 0x07, 0xD2, 0x2B, 0x2B, 0x1E, 0x27, 0x00, 0x00, 0x00, 0x25, 0x00, 0x00, 0x00,
        0xEA, 0x00, 0x00, 0x00, 0xEB, 0x00, 0x00, 0x00, 0x2A, 0x00, 0x00, 0x00, 0x27, 0x00, 0x00, 0x00,
        0x2C, 0x5E, 0x5C, 0x6A, 0x64, 0x15, 0xD0, 0x80, 0x27, 0x00, 0x00, 0x00, 0x25, 0x00, 0x00, 0x00,
        0xEA, 0x00, 0x00, 0x00, 0xED, 0x00, 0x00, 0x00, 0x2A, 0x00, 0x00, 0x00, 0x27, 0x00, 0x00, 0x00,
        0x07, 0x10, 0xC7, 0xCF, 0x27, 0x00, 0x00, 0x00, 0x25, 0x00, 0x00, 0x00, 0x53, 0x00, 0x00, 0x00,
        0x33, 0x22, 0xBA, 0xB6, 0x2A, 0x00, 0x00, 0x00, 0x19, 0x02, 0x00, 0x00, 0x23, 0x00, 0x00, 0x00,
        0x1A, 0x02, 0x00, 0x00, 0x25, 0x00, 0x00, 0x00, 0x53, 0x00, 0x00, 0x00, 0x6A, 0x1D, 0xB7, 0x8A,
        0x2A, 0x00, 0x00, 0x00, 0x5A, 0xBA, 0x9A, 0x1F, 0x23, 0x00, 0x00, 0x00, 0x19, 0x02, 0x00, 0x00,
        0x25, 0x00, 0x00, 0x00, 0x53, 0x00, 0x00, 0x00, 0xC1, 0x8C, 0xAD, 0x7A, 0x2A, 0x00, 0x00, 0x00,
        0x1A, 0x02, 0x00, 0x00, 0x23, 0x00, 0x00, 0x00, 0x19, 0x02, 0x00, 0x00, 0x25, 0x00, 0x00, 0x00,
        0x21, 0x00, 0x00, 0x00, 0x2A, 0x00, 0x00, 0x00, 0x4F, 0x26, 0x65, 0x7D, 0x23, 0x00, 0x00, 0x00,
        0x19, 0x02, 0x00, 0x00, 0x25, 0x00, 0x00, 0x00, 0x53, 0x00, 0x00, 0x00, 0x4D, 0xB4, 0xD5, 0xF2,
        0x20, 0x00, 0x00, 0x00, 0xD7, 0x00, 0x00, 0x00, 0x2A, 0x00, 0x00, 0x00, 0x06, 0xA8, 0x76, 0x97,
        0x23, 0x00, 0x00, 0x00, 0x12, 0x02, 0x00, 0x00, 0x25, 0x00, 0x00, 0x00, 0xEA, 0x00, 0x00, 0x00,
        0x51, 0x2E, 0x93, 0x31, 0x2A, 0x00, 0x00, 0x00, 0x27, 0x00, 0x00, 0x00, 0x16, 0xFB, 0xFB, 0x47,
        0x59, 0x22, 0xFF, 0xF2, 0x92, 0xB8, 0xB2, 0xE9, 0xFA, 0xA1, 0x6D, 0x07, 0x84, 0x0B, 0x0F, 0x69,
        0x28, 0x71, 0x9D, 0xAB, 0x1A, 0x21, 0xDB, 0xE4, 0x27, 0x00, 0x00, 0x00, 0x25, 0x00, 0x00, 0x00,
        0xEA, 0x00, 0x00, 0x00, 0xEB, 0x00, 0x00, 0x00, 0x2A, 0x00, 0x00, 0x00, 0x27, 0x00, 0x00, 0x00,
        0x2C, 0x5E, 0x5C, 0x6A, 0xDE, 0x01, 0x00, 0x00, 0x1B, 0x02, 0x00, 0x00, 0x00, 0xB8, 0x3C, 0x60,
        0x27, 0x00, 0x00, 0x00, 0x25, 0x00, 0x00, 0x00, 0xEA, 0x00, 0x00, 0x00, 0xED, 0x00, 0x00, 0x00,
        0x2A, 0x00, 0x00, 0x00, 0x27, 0x00, 0x00, 0x00, 0x07, 0x10, 0xC7, 0xCF, 0x27, 0x00, 0x00, 0x00,
        0x25, 0x00, 0x00, 0x00, 0x53, 0x00, 0x00, 0x00, 0x33, 0x22, 0xBA, 0xB6, 0x2A, 0x00, 0x00, 0x00,
        0x19, 0x02, 0x00, 0x00, 0x23, 0x00, 0x00, 0x00, 0x8C, 0x75, 0x48, 0x56, 0x25, 0x00, 0x00, 0x00,
        0x53, 0x00, 0x00, 0x00, 0x6A, 0x1D, 0xB7, 0x8A, 0x2A, 0x00, 0x00, 0x00, 0x19, 0x02, 0x00, 0x00,
        0x23, 0x00, 0x00, 0x00, 0x2F, 0xE0, 0x2C, 0xC8, 0x25, 0x00, 0x00, 0x00, 0x53, 0x00, 0x00, 0x00,
        0xC1, 0x8C, 0xAD, 0x7A, 0x2A, 0x00, 0x00, 0x00, 0x19, 0x02, 0x00, 0x00, 0x23, 0x00, 0x00, 0x00,
        0x4B, 0x0A, 0xB2, 0x55, 0x25, 0x00, 0x00, 0x00, 0x21, 0x00, 0x00, 0x00, 0x2A, 0x00, 0x00, 0x00,
        0x19, 0x02, 0x00, 0x00, 0x23, 0x00, 0x00, 0x00, 0xB9, 0xD0, 0x2B, 0xBF, 0x25, 0x00, 0x00, 0x00,
        0x53, 0x00, 0x00, 0x00, 0x6E, 0x26, 0x65, 0xB7, 0x20, 0x00, 0x00, 0x00, 0xD7, 0x00, 0x00, 0x00,
        0x2A, 0x00, 0x00, 0x00, 0xBC, 0xF9, 0x7F, 0x0E, 0x23, 0x00, 0x00, 0x00, 0x0F, 0x02, 0x00, 0x00,
        0x25, 0x00, 0x00, 0x00, 0xEA, 0x00, 0x00, 0x00, 0x51, 0x2E, 0x93, 0x31, 0x2A, 0x00, 0x00, 0x00,
        0x27, 0x00, 0x00, 0x00, 0x16, 0xFB, 0xFB, 0x47, 0x8E, 0xF1, 0x0D, 0xAB, 0xFA, 0xA1, 0x6D, 0x07,
        0x28, 0x71, 0x9D, 0xAB, 0x30, 0xC3, 0x6F, 0x7F, 0x27, 0x00, 0x00, 0x00, 0x25, 0x00, 0x00, 0x00,
        0xEA, 0x00, 0x00, 0x00, 0xEB, 0x00, 0x00, 0x00, 0x2A, 0x00, 0x00, 0x00, 0x27, 0x00, 0x00, 0x00,
        0x2C, 0x5E, 0x5C, 0x6A, 0x0E, 0x6C, 0x5D, 0xDF, 0xB8, 0xF4, 0xA1, 0xAC, 0x27, 0x00, 0x00, 0x00,
        0x25, 0x00, 0x00, 0x00, 0xEA, 0x00, 0x00, 0x00, 0xED, 0x00, 0x00, 0x00, 0x2A, 0x00, 0x00, 0x00,
        0x27, 0x00, 0x00, 0x00, 0x07, 0x10, 0xC7, 0xCF, 0x27, 0x00, 0x00, 0x00, 0x25, 0x00, 0x00, 0x00,
        0x53, 0x00, 0x00, 0x00, 0x33, 0x22, 0xBA, 0xB6, 0x2A, 0x00, 0x00, 0x00, 0x19, 0x02, 0x00, 0x00,
        0x23, 0x00, 0x00, 0x00, 0x2F, 0xE0, 0x2C, 0xC8, 0x25, 0x00, 0x00, 0x00, 0x53, 0x00, 0x00, 0x00,
        0x6A, 0x1D, 0xB7, 0x8A, 0x2A, 0x00, 0x00, 0x00, 0x22, 0x76, 0x70, 0x8A, 0x23, 0x00, 0x00, 0x00,
        0x19, 0x02, 0x00, 0x00, 0x25, 0x00, 0x00, 0x00, 0x53, 0x00, 0x00, 0x00, 0xC1, 0x8C, 0xAD, 0x7A,
        0x2A, 0x00, 0x00, 0x00, 0x19, 0x02, 0x00, 0x00, 0x23, 0x00, 0x00, 0x00, 0x2F, 0xE0, 0x2C, 0xC8,
        0x25, 0x00, 0x00, 0x00, 0x21, 0x00, 0x00, 0x00, 0x2A, 0x00, 0x00, 0x00, 0x1A, 0x02, 0x00, 0x00,
        0x23, 0x00, 0x00, 0x00, 0x19, 0x02, 0x00, 0x00, 0x25, 0x00, 0x00, 0x00, 0x0E, 0x00, 0x00, 0x00,
        0x06, 0x00, 0x00, 0x00, 0x26, 0x00, 0x00, 0x00, 0xE7, 0x8D, 0xAA, 0x09, 0x11, 0x00, 0x00, 0x00,
        0x11, 0x00, 0x00, 0x00, 0x26, 0x00, 0x00, 0x00, 0xC6, 0x23, 0xCE, 0x03, 0x53, 0x00, 0x00, 0x00,
        0x27, 0x1D, 0x3C, 0xA1, 0x20, 0x00, 0x00, 0x00, 0xD7, 0x00, 0x00, 0x00, 0x2A, 0x00, 0x00, 0x00,
        0xBC, 0xF9, 0x7F, 0x0E, 0x23, 0x00, 0x00, 0x00, 0x10, 0x02, 0x00, 0x00, 0x25, 0x00, 0x00, 0x00,
        0xEA, 0x00, 0x00, 0x00, 0x51, 0x2E, 0x93, 0x31, 0x2A, 0x00, 0x00, 0x00, 0x27, 0x00, 0x00, 0x00,
        0x16, 0xFB, 0xFB, 0x47, 0xA1, 0x36, 0x23, 0xF7, 0x11, 0x22, 0x85, 0xF0, 0x0F, 0xAA, 0x57, 0x81,
        0x6D, 0x9B, 0xF5, 0x07, 0x42, 0x70, 0xA1, 0x8E, 0x1A, 0x00, 0x00, 0x00, 0x19, 0x02, 0x00, 0x00,
        0x23, 0x00, 0x00, 0x00, 0x19, 0x02, 0x00, 0x00, 0x2C, 0x00, 0x00, 0x00, 0x19, 0x02, 0x00, 0x00,
        0x23, 0x00, 0x00, 0x00, 0x4D, 0x17, 0x58, 0x10, 0x24, 0x00, 0x00, 0x00, 0xFF, 0x25, 0x0F, 0xDF,
        0x22, 0x00, 0x00, 0x00, 0x1A, 0x02, 0x00, 0x00, 0x23, 0x00, 0x00, 0x00, 0x19, 0x02, 0x00, 0x00,
        0x2C, 0x00, 0x00, 0x00, 0x1A, 0x02, 0x00, 0x00, 0x23, 0x00, 0x00, 0x00, 0x4D, 0x17, 0x58, 0x10,
        0x24, 0x00, 0x00, 0x00, 0x1E, 0x68, 0x79, 0x02, 0x1B, 0x00, 0x00, 0x00, 0x27, 0x00, 0x00, 0x00,
        0x25, 0x00, 0x00, 0x00, 0xEA, 0x00, 0x00, 0x00, 0xEB, 0x00, 0x00, 0x00, 0x2A, 0x00, 0x00, 0x00,
        0x27, 0x00, 0x00, 0x00, 0x22, 0x47, 0x4F, 0xF2, 0x05, 0x48, 0xB2, 0x41, 0x27, 0x00, 0x00, 0x00,
        0x25, 0x00, 0x00, 0x00, 0xEA, 0x00, 0x00, 0x00, 0xED, 0x00, 0x00, 0x00, 0x2A, 0x00, 0x00, 0x00,
        0x27, 0x00, 0x00, 0x00, 0x07, 0x10, 0xC7, 0xCF, 0x27, 0x00, 0x00, 0x00, 0x25, 0x00, 0x00, 0x00,
        0x53, 0x00, 0x00, 0x00, 0x33, 0x22, 0xBA, 0xB6, 0x2A, 0x00, 0x00, 0x00, 0x19, 0x02, 0x00, 0x00,
        0x23, 0x00, 0x00, 0x00, 0x19, 0x02, 0x00, 0x00, 0x25, 0x00, 0x00, 0x00, 0x53, 0x00, 0x00, 0x00,
        0x6A, 0x1D, 0xB7, 0x8A, 0x2A, 0x00, 0x00, 0x00, 0x1C, 0x02, 0x00, 0x00, 0x23, 0x00, 0x00, 0x00,
        0x4D, 0x17, 0x58, 0x10, 0x25, 0x00, 0x00, 0x00, 0x53, 0x00, 0x00, 0x00, 0xC1, 0x8C, 0xAD, 0x7A,
        0x2A, 0x00, 0x00, 0x00, 0x19, 0x02, 0x00, 0x00, 0x23, 0x00, 0x00, 0x00, 0x52, 0xCE, 0xDF, 0x52,
        0x25, 0x00, 0x00, 0x00, 0x21, 0x00, 0x00, 0x00, 0x2A, 0x00, 0x00, 0x00, 0x19, 0x02, 0x00, 0x00,
        0x25, 0x00, 0x00, 0x00, 0x0E, 0x00, 0x00, 0x00, 0x06, 0x00, 0x00, 0x00, 0xC6, 0x23, 0xCE, 0x03,
        0x11, 0x00, 0x00, 0x00, 0x11, 0x00, 0x00, 0x00, 0x26, 0x00, 0x00, 0x00, 0xE7, 0x8D, 0xAA, 0x09,
        0x53, 0x00, 0x00, 0x00, 0xE0, 0x25, 0x03, 0x82, 0x20, 0x00, 0x00, 0x00, 0xD7, 0x00, 0x00, 0x00,
        0x2A, 0x00, 0x00, 0x00, 0xBC, 0xF9, 0x7F, 0x0E, 0x23, 0x00, 0x00, 0x00, 0x11, 0x02, 0x00, 0x00,
        0x25, 0x00, 0x00, 0x00, 0xEA, 0x00, 0x00, 0x00, 0x51, 0x2E, 0x93, 0x31, 0x2A, 0x00, 0x00, 0x00,
        0x27, 0x00, 0x00, 0x00, 0x55, 0x64, 0xF9, 0xBF, 0x96, 0xF7, 0xFE, 0x26, 0xC4, 0xD2, 0x87, 0xD7,
        0x4D, 0x23, 0x1B, 0xD4, 0x6A, 0x39, 0xE0, 0xD0, 0x27, 0x00, 0x00, 0x00, 0x25, 0x00, 0x00, 0x00,
        0xEA, 0x00, 0x00, 0x00, 0xEB, 0x00, 0x00, 0x00, 0x2A, 0x00, 0x00, 0x00, 0x27, 0x00, 0x00, 0x00,
        0x83, 0x01, 0x00, 0x00, 0x6E, 0x16, 0x21, 0x11, 0x64, 0x15, 0xD0, 0x80, 0x27, 0x00, 0x00, 0x00,
        0x25, 0x00, 0x00, 0x00, 0xEA, 0x00, 0x00, 0x00, 0xED, 0x00, 0x00, 0x00, 0x2A, 0x00, 0x00, 0x00,
        0x27, 0x00, 0x00, 0x00, 0x07, 0x10, 0xC7, 0xCF, 0x27, 0x00, 0x00, 0x00, 0x25, 0x00, 0x00, 0x00,
        0x53, 0x00, 0x00, 0x00, 0x33, 0x22, 0xBA, 0xB6, 0x2A, 0x00, 0x00, 0x00, 0x19, 0x02, 0x00, 0x00,
        0x23, 0x00, 0x00, 0x00, 0xE4, 0xF4, 0x9C, 0x7B, 0x25, 0x00, 0x00, 0x00, 0x53, 0x00, 0x00, 0x00,
        0x6A, 0x1D, 0xB7, 0x8A, 0x2A, 0x00, 0x00, 0x00, 0x5A, 0xBA, 0x9A, 0x1F, 0x23, 0x00, 0x00, 0x00,
        0x19, 0x02, 0x00, 0x00, 0x25, 0x00, 0x00, 0x00, 0x53, 0x00, 0x00, 0x00, 0xC1, 0x8C, 0xAD, 0x7A,
        0x2A, 0x00, 0x00, 0x00, 0x1A, 0x02, 0x00, 0x00, 0x25, 0x00, 0x00, 0x00, 0x21, 0x00, 0x00, 0x00,
        0x2A, 0x00, 0x00, 0x00, 0x1A, 0x02, 0x00, 0x00, 0x25, 0x00, 0x00, 0x00, 0x53, 0x00, 0x00, 0x00,
        0x1A, 0x61, 0x6B, 0xD8, 0x20, 0x00, 0x00, 0x00, 0xD7, 0x00, 0x00, 0x00, 0x2A, 0x00, 0x00, 0x00,
        0xBC, 0xF9, 0x7F, 0x0E, 0x23, 0x00, 0x00, 0x00, 0x12, 0x02, 0x00, 0x00, 0x25, 0x00, 0x00, 0x00,
        0xEA, 0x00, 0x00, 0x00, 0x51, 0x2E, 0x93, 0x31, 0x2A, 0x00, 0x00, 0x00, 0x27, 0x00, 0x00, 0x00,
        0x8B, 0xAA, 0xC7, 0xEB, 0x96, 0xF7, 0xFE, 0x26, 0xC4, 0xD2, 0x87, 0xD7, 0x4D, 0x23, 0x1B, 0xD4,
        0x6A, 0x39, 0xE0, 0xD0, 0x27, 0x00, 0x00, 0x00, 0x25, 0x00, 0x00, 0x00, 0xEA, 0x00, 0x00, 0x00,
        0xEB, 0x00, 0x00, 0x00, 0x2A, 0x00, 0x00, 0x00, 0x27, 0x00, 0x00, 0x00, 0x83, 0x01, 0x00, 0x00,
        0x6E, 0x16, 0x21, 0x11, 0x8B, 0xAA, 0xC7, 0xEB, 0x27, 0x00, 0x00, 0x00, 0x25, 0x00, 0x00, 0x00,
        0xEA, 0x00, 0x00, 0x00, 0xED, 0x00, 0x00, 0x00, 0x2A, 0x00, 0x00, 0x00, 0x27, 0x00, 0x00, 0x00,
        0x07, 0x10, 0xC7, 0xCF, 0x27, 0x00, 0x00, 0x00, 0x25, 0x00, 0x00, 0x00, 0x53, 0x00, 0x00, 0x00,
        0x33, 0x22, 0xBA, 0xB6, 0x2A, 0x00, 0x00, 0x00, 0x19, 0x02, 0x00, 0x00, 0x25, 0x00, 0x00, 0x00,
        0x53, 0x00, 0x00, 0x00, 0x6A, 0x1D, 0xB7, 0x8A, 0x2A, 0x00, 0x00, 0x00, 0x23, 0x02, 0x00, 0x00,
        0x25, 0x00, 0x00, 0x00, 0x53, 0x00, 0x00, 0x00, 0xC1, 0x8C, 0xAD, 0x7A, 0x2A, 0x00, 0x00, 0x00,
        0x19, 0x02, 0x00, 0x00, 0x23, 0x00, 0x00, 0x00, 0x36, 0x24, 0x41, 0xCF, 0x25, 0x00, 0x00, 0x00,
        0x21, 0x00, 0x00, 0x00, 0x2A, 0x00, 0x00, 0x00, 0x1A, 0x02, 0x00, 0x00, 0x25, 0x00, 0x00, 0x00,
        0x53, 0x00, 0x00, 0x00, 0xED, 0xF5, 0xBB, 0x5F, 0x20, 0x00, 0x00, 0x00, 0xD7, 0x00, 0x00, 0x00,
        0x2A, 0x00, 0x00, 0x00, 0x2A, 0xC9, 0x78, 0x79, 0x23, 0x00, 0x00, 0x00, 0x0F, 0x02, 0x00, 0x00,
        0x25, 0x00, 0x00, 0x00, 0xEA, 0x00, 0x00, 0x00, 0x51, 0x2E, 0x93, 0x31, 0x2A, 0x00, 0x00, 0x00,
        0x27, 0x00, 0x00, 0x00, 0x69, 0xEE, 0x9B, 0x03, 0x30, 0x31, 0xD7, 0x10, 0xFA, 0xA1, 0x6D, 0x07,
        0x4D, 0x23, 0x1B, 0xD4, 0xFC, 0xAF, 0xA8, 0xA2, 0xC8, 0x29, 0xB6, 0x09, 0x6E, 0x9E, 0x41, 0xBC,
        0xE4, 0x68, 0x85, 0x21, 0x27, 0x00, 0x00, 0x00, 0x25, 0x00, 0x00, 0x00, 0xEA, 0x00, 0x00, 0x00,
        0xEB, 0x00, 0x00, 0x00, 0x2A, 0x00, 0x00, 0x00, 0x27, 0x00, 0x00, 0x00, 0x83, 0x01, 0x00, 0x00,
        0x0D, 0x6A, 0x40, 0xC1, 0xF8, 0x80, 0x69, 0x63, 0x06, 0x34, 0x7B, 0x17, 0x27, 0x00, 0x00, 0x00,
        0x25, 0x00, 0x00, 0x00, 0xEA, 0x00, 0x00, 0x00, 0xED, 0x00, 0x00, 0x00, 0x2A, 0x00, 0x00, 0x00,
        0x27, 0x00, 0x00, 0x00, 0x07, 0x10, 0xC7, 0xCF, 0x27, 0x00, 0x00, 0x00, 0x25, 0x00, 0x00, 0x00,
        0x53, 0x00, 0x00, 0x00, 0x33, 0x22, 0xBA, 0xB6, 0x2A, 0x00, 0x00, 0x00, 0x19, 0x02, 0x00, 0x00,
        0x25, 0x00, 0x00, 0x00, 0x53, 0x00, 0x00, 0x00, 0x6A, 0x1D, 0xB7, 0x8A, 0x2A, 0x00, 0x00, 0x00,
        0x23, 0x02, 0x00, 0x00, 0x25, 0x00, 0x00, 0x00, 0x53, 0x00, 0x00, 0x00, 0xC1, 0x8C, 0xAD, 0x7A,
        0x2A, 0x00, 0x00, 0x00, 0x19, 0x02, 0x00, 0x00, 0x23, 0x00, 0x00, 0x00, 0x36, 0x24, 0x41, 0xCF,
        0x25, 0x00, 0x00, 0x00, 0x21, 0x00, 0x00, 0x00, 0x2A, 0x00, 0x00, 0x00, 0x1A, 0x02, 0x00, 0x00,
        0x25, 0x00, 0x00, 0x00, 0x53, 0x00, 0x00, 0x00, 0xD1, 0xD4, 0xD0, 0x33, 0x20, 0x00, 0x00, 0x00,
        0xD7, 0x00, 0x00, 0x00, 0x2A, 0x00, 0x00, 0x00, 0x2A, 0xC9, 0x78, 0x79, 0x23, 0x00, 0x00, 0x00,
        0x10, 0x02, 0x00, 0x00, 0x25, 0x00, 0x00, 0x00, 0xEA, 0x00, 0x00, 0x00, 0x51, 0x2E, 0x93, 0x31,
        0x2A, 0x00, 0x00, 0x00, 0x27, 0x00, 0x00, 0x00, 0xFA, 0x54, 0x40, 0x8C, 0x5B, 0xA9, 0x9A, 0xA4,
        0xF8, 0x09, 0x75, 0xEF, 0x30, 0x31, 0xD7, 0x10, 0x99, 0x6D, 0xEA, 0xB9, 0x4D, 0x23, 0x1B, 0xD4,
        0x71, 0xD6, 0xA1, 0xAE, 0xE5, 0x00, 0x00, 0x00, 0x27, 0x00, 0x00, 0x00, 0x25, 0x00, 0x00, 0x00,
        0xEA, 0x00, 0x00, 0x00, 0xEB, 0x00, 0x00, 0x00, 0x2A, 0x00, 0x00, 0x00, 0x27, 0x00, 0x00, 0x00,
        0x83, 0x01, 0x00, 0x00, 0xED, 0xEF, 0x1C, 0x61, 0xFA, 0x54, 0x40, 0x8C, 0x27, 0x00, 0x00, 0x00,
        0x25, 0x00, 0x00, 0x00, 0xEA, 0x00, 0x00, 0x00, 0xED, 0x00, 0x00, 0x00, 0x2A, 0x00, 0x00, 0x00,
        0x27, 0x00, 0x00, 0x00, 0x07, 0x10, 0xC7, 0xCF, 0x27, 0x00, 0x00, 0x00, 0x25, 0x00, 0x00, 0x00,
        0x53, 0x00, 0x00, 0x00, 0x33, 0x22, 0xBA, 0xB6, 0x2A, 0x00, 0x00, 0x00, 0x19, 0x02, 0x00, 0x00,
        0x25, 0x00, 0x00, 0x00, 0x53, 0x00, 0x00, 0x00, 0x6A, 0x1D, 0xB7, 0x8A, 0x2A, 0x00, 0x00, 0x00,
        0x1A, 0x02, 0x00, 0x00, 0x25, 0x00, 0x00, 0x00, 0x53, 0x00, 0x00, 0x00, 0xC1, 0x8C, 0xAD, 0x7A,
        0x2A, 0x00, 0x00, 0x00, 0x19, 0x02, 0x00, 0x00, 0x23, 0x00, 0x00, 0x00, 0x36, 0x24, 0x41, 0xCF,
        0x25, 0x00, 0x00, 0x00, 0x21, 0x00, 0x00, 0x00, 0x2A, 0x00, 0x00, 0x00, 0x1A, 0x02, 0x00, 0x00,
        0x25, 0x00, 0x00, 0x00, 0x53, 0x00, 0x00, 0x00, 0xD4, 0xCB, 0x9B, 0x5E, 0x20, 0x00, 0x00, 0x00,
        0xD7, 0x00, 0x00, 0x00, 0x2A, 0x00, 0x00, 0x00, 0x2A, 0xC9, 0x78, 0x79, 0x23, 0x00, 0x00, 0x00,
        0x11, 0x02, 0x00, 0x00, 0x25, 0x00, 0x00, 0x00, 0xEA, 0x00, 0x00, 0x00, 0x51, 0x2E, 0x93, 0x31,
        0x2A, 0x00, 0x00, 0x00, 0x27, 0x00, 0x00, 0x00, 0xFA, 0x54, 0x40, 0x8C, 0x5B, 0xA9, 0x9A, 0xA4,
        0xF8, 0x09, 0x75, 0xEF, 0x30, 0x31, 0xD7, 0x10, 0x99, 0x6D, 0xEA, 0xB9, 0x4D, 0x23, 0x1B, 0xD4,
        0x02, 0x6C, 0x48, 0xBC, 0x27, 0x00, 0x00, 0x00, 0x25, 0x00, 0x00, 0x00, 0xEA, 0x00, 0x00, 0x00,
        0xEB, 0x00, 0x00, 0x00, 0x2A, 0x00, 0x00, 0x00, 0x27, 0x00, 0x00, 0x00, 0x83, 0x01, 0x00, 0x00,
        0xD2, 0x6D, 0x29, 0x26, 0xFA, 0x54, 0x40, 0x8C, 0x27, 0x00, 0x00, 0x00, 0x25, 0x00, 0x00, 0x00,
        0xEA, 0x00, 0x00, 0x00, 0xED, 0x00, 0x00, 0x00, 0x2A, 0x00, 0x00, 0x00, 0x27, 0x00, 0x00, 0x00,
        0x07, 0x10, 0xC7, 0xCF, 0x27, 0x00, 0x00, 0x00, 0x25, 0x00, 0x00, 0x00, 0x53, 0x00, 0x00, 0x00,
        0x33, 0x22, 0xBA, 0xB6, 0x2A, 0x00, 0x00, 0x00, 0x19, 0x02, 0x00, 0x00, 0x25, 0x00, 0x00, 0x00,
        0x53, 0x00, 0x00, 0x00, 0x6A, 0x1D, 0xB7, 0x8A, 0x2A, 0x00, 0x00, 0x00, 0x1A, 0x02, 0x00, 0x00,
        0x25, 0x00, 0x00, 0x00, 0x53, 0x00, 0x00, 0x00, 0xC1, 0x8C, 0xAD, 0x7A, 0x2A, 0x00, 0x00, 0x00,
        0x19, 0x02, 0x00, 0x00, 0x23, 0x00, 0x00, 0x00, 0x36, 0x24, 0x41, 0xCF, 0x25, 0x00, 0x00, 0x00,
        0x21, 0x00, 0x00, 0x00, 0x2A, 0x00, 0x00, 0x00, 0x1A, 0x02, 0x00, 0x00, 0x25, 0x00, 0x00, 0x00,
        0x53, 0x00, 0x00, 0x00, 0x0E, 0x68, 0xDF, 0x8F, 0x20, 0x00, 0x00, 0x00, 0xD7, 0x00, 0x00, 0x00,
        0x2A, 0x00, 0x00, 0x00, 0x2A, 0xC9, 0x78, 0x79, 0x23, 0x00, 0x00, 0x00, 0x12, 0x02, 0x00, 0x00,
        0x25, 0x00, 0x00, 0x00, 0xEA, 0x00, 0x00, 0x00, 0x51, 0x2E, 0x93, 0x31, 0x2A, 0x00, 0x00, 0x00,
        0x27, 0x00, 0x00, 0x00, 0xFA, 0x54, 0x40, 0x8C, 0x5B, 0xA9, 0x9A, 0xA4, 0xF8, 0x09, 0x75, 0xEF,
        0x30, 0x31, 0xD7, 0x10, 0x99, 0x6D, 0xEA, 0xB9, 0x4D, 0x23, 0x1B, 0xD4, 0x59, 0x22, 0xFF, 0xF2,
        0x76, 0x5B, 0x5D, 0xBB, 0x6D, 0x9B, 0xF5, 0x07, 0x55, 0x92, 0x55, 0x12, 0x27, 0x00, 0x00, 0x00,
        0x25, 0x00, 0x00, 0x00, 0xEA, 0x00, 0x00, 0x00, 0xEB, 0x00, 0x00, 0x00, 0x2A, 0x00, 0x00, 0x00,
        0x27, 0x00, 0x00, 0x00, 0x83, 0x01, 0x00, 0x00, 0x00, 0xB8, 0x3C, 0x60, 0x2D, 0x00, 0x00, 0x00,
        0x51, 0xBD, 0x94, 0xD3, 0xFA, 0x54, 0x40, 0x8C, 0x27, 0x00, 0x00, 0x00, 0x25, 0x00, 0x00, 0x00,
        0xEA, 0x00, 0x00, 0x00, 0xED, 0x00, 0x00, 0x00, 0x2A, 0x00, 0x00, 0x00, 0x27, 0x00, 0x00, 0x00,
        0x07, 0x10, 0xC7, 0xCF, 0x27, 0x00, 0x00, 0x00, 0x25, 0x00, 0x00, 0x00, 0x53, 0x00, 0x00, 0x00,
        0x33, 0x22, 0xBA, 0xB6, 0x2A, 0x00, 0x00, 0x00, 0x19, 0x02, 0x00, 0x00, 0x25, 0x00, 0x00, 0x00,
        0x53, 0x00, 0x00, 0x00, 0x6A, 0x1D, 0xB7, 0x8A, 0x2A, 0x00, 0x00, 0x00, 0x1A, 0x02, 0x00, 0x00,
        0x25, 0x00, 0x00, 0x00, 0x53, 0x00, 0x00, 0x00, 0xC1, 0x8C, 0xAD, 0x7A, 0x2A, 0x00, 0x00, 0x00,
        0x19, 0x02, 0x00, 0x00, 0x23, 0x00, 0x00, 0x00, 0x36, 0x24, 0x41, 0xCF, 0x25, 0x00, 0x00, 0x00,
        0x21, 0x00, 0x00, 0x00, 0x2A, 0x00, 0x00, 0x00, 0x1A, 0x02, 0x00, 0x00, 0x25, 0x00, 0x00, 0x00,
        0x0E, 0x00, 0x00, 0x00, 0x06, 0x00, 0x00, 0x00, 0x99, 0x8C, 0xB2, 0x0D, 0x5B, 0x00, 0x00, 0x00,
        0xBD, 0x69, 0xF4, 0x5D, 0x20, 0x00, 0x00, 0x00, 0xD7, 0x00, 0x00, 0x00, 0x2A, 0x00, 0x00, 0x00,
        0xBB, 0xD4, 0xC7, 0xE9, 0x23, 0x00, 0x00, 0x00, 0x0F, 0x02, 0x00, 0x00, 0x25, 0x00, 0x00, 0x00,
        0xEA, 0x00, 0x00, 0x00, 0x51, 0x2E, 0x93, 0x31, 0x2A, 0x00, 0x00, 0x00, 0x27, 0x00, 0x00, 0x00,
        0x84, 0x0B, 0x0F, 0x69, 0xD5, 0xCF, 0xB5, 0x8B, 0x3A, 0x06, 0xBD, 0xD6, 0xF6, 0x4A, 0x03, 0xC9,
        0x27, 0x00, 0x00, 0x00, 0x25, 0x00, 0x00, 0x00, 0xEA, 0x00, 0x00, 0x00, 0xEB, 0x00, 0x00, 0x00,
        0x2A, 0x00, 0x00, 0x00, 0x27, 0x00, 0x00, 0x00, 0xB8, 0xF4, 0xA1, 0xAC, 0xF8, 0x09, 0x75, 0xEF,
        0x69, 0x11, 0x1F, 0xB6, 0x1D, 0xEF, 0xDB, 0xB0, 0x16, 0xB9, 0x87, 0xA5, 0x4E, 0x8E, 0xEC, 0x5F,
        0xF6, 0x4A, 0x03, 0xC9, 0x27, 0x00, 0x00, 0x00, 0x25, 0x00, 0x00, 0x00, 0xEA, 0x00, 0x00, 0x00,
        0xED, 0x00, 0x00, 0x00, 0x2A, 0x00, 0x00, 0x00, 0x27, 0x00, 0x00, 0x00, 0x07, 0x10, 0xC7, 0xCF,
        0x27, 0x00, 0x00, 0x00, 0x25, 0x00, 0x00, 0x00, 0x53, 0x00, 0x00, 0x00, 0x33, 0x22, 0xBA, 0xB6,
        0x2A, 0x00, 0x00, 0x00, 0x19, 0x02, 0x00, 0x00, 0x23, 0x00, 0x00, 0x00, 0x19, 0x02, 0x00, 0x00,
        0x25, 0x00, 0x00, 0x00, 0x53, 0x00, 0x00, 0x00, 0x6A, 0x1D, 0xB7, 0x8A, 0x2A, 0x00, 0x00, 0x00,
        0x3F, 0x77, 0x71, 0xE9, 0x23, 0x00, 0x00, 0x00, 0x19, 0x02, 0x00, 0x00, 0x25, 0x00, 0x00, 0x00,
        0x53, 0x00, 0x00, 0x00, 0xC1, 0x8C, 0xAD, 0x7A, 0x2A, 0x00, 0x00, 0x00, 0x19, 0x02, 0x00, 0x00,
        0x23, 0x00, 0x00, 0x00, 0x36, 0x24, 0x41, 0xCF, 0x25, 0x00, 0x00, 0x00, 0x21, 0x00, 0x00, 0x00,
        0x2A, 0x00, 0x00, 0x00, 0x1A, 0x02, 0x00, 0x00, 0x23, 0x00, 0x00, 0x00, 0x19, 0x02, 0x00, 0x00,
        0x25, 0x00, 0x00, 0x00, 0x5B, 0x00, 0x00, 0x00, 0x07, 0x38, 0xFD, 0xC4, 0x20, 0x00, 0x00, 0x00,
        0xD7, 0x00, 0x00, 0x00, 0x2A, 0x00, 0x00, 0x00, 0xBB, 0xD4, 0xC7, 0xE9, 0x23, 0x00, 0x00, 0x00,
        0x10, 0x02, 0x00, 0x00, 0x25, 0x00, 0x00, 0x00, 0xEA, 0x00, 0x00, 0x00, 0x51, 0x2E, 0x93, 0x31,
        0x2A, 0x00, 0x00, 0x00, 0x27, 0x00, 0x00, 0x00, 0x84, 0x0B, 0x0F, 0x69, 0xD5, 0xCF, 0xB5, 0x8B,
        0x3A, 0x06, 0xBD, 0xD6, 0x4C, 0x1B, 0x0A, 0x50, 0x27, 0x00, 0x00, 0x00, 0x25, 0x00, 0x00, 0x00,
        0xEA, 0x00, 0x00, 0x00, 0xEB, 0x00, 0x00, 0x00, 0x2A, 0x00, 0x00, 0x00, 0x27, 0x00, 0x00, 0x00,
        0xB8, 0xF4, 0xA1, 0xAC, 0xF8, 0x09, 0x75, 0xEF, 0x69, 0x11, 0x1F, 0xB6, 0x1D, 0xEF, 0xDB, 0xB0,
        0x16, 0xB9, 0x87, 0xA5, 0x4E, 0x8E, 0xEC, 0x5F, 0x4C, 0x1B, 0x0A, 0x50, 0x27, 0x00, 0x00, 0x00,
        0x25, 0x00, 0x00, 0x00, 0xEA, 0x00, 0x00, 0x00, 0xED, 0x00, 0x00, 0x00, 0x2A, 0x00, 0x00, 0x00,
        0x27, 0x00, 0x00, 0x00, 0x07, 0x10, 0xC7, 0xCF, 0x27, 0x00, 0x00, 0x00, 0x25, 0x00, 0x00, 0x00,
        0x53, 0x00, 0x00, 0x00, 0x33, 0x22, 0xBA, 0xB6, 0x2A, 0x00, 0x00, 0x00, 0x19, 0x02, 0x00, 0x00,
        0x23, 0x00, 0x00, 0x00, 0x19, 0x02, 0x00, 0x00, 0x25, 0x00, 0x00, 0x00, 0x53, 0x00, 0x00, 0x00,
        0x6A, 0x1D, 0xB7, 0x8A, 0x2A, 0x00, 0x00, 0x00, 0x3F, 0x77, 0x71, 0xE9, 0x23, 0x00, 0x00, 0x00,
        0x19, 0x02, 0x00, 0x00, 0x25, 0x00, 0x00, 0x00, 0x53, 0x00, 0x00, 0x00, 0xC1, 0x8C, 0xAD, 0x7A,
        0x2A, 0x00, 0x00, 0x00, 0x19, 0x02, 0x00, 0x00, 0x23, 0x00, 0x00, 0x00, 0x36, 0x24, 0x41, 0xCF,
        0x25, 0x00, 0x00, 0x00, 0x21, 0x00, 0x00, 0x00, 0x2A, 0x00, 0x00, 0x00, 0x1A, 0x02, 0x00, 0x00,
        0x23, 0x00, 0x00, 0x00, 0x19, 0x02, 0x00, 0x00, 0x25, 0x00, 0x00, 0x00, 0x0E, 0x00, 0x00, 0x00,
        0x06, 0x00, 0x00, 0x00, 0xBE, 0x88, 0xAC, 0xE0, 0x5E, 0x00, 0x00, 0x00, 0xBC, 0x2A, 0xA9, 0xA6,
        0x20, 0x00, 0x00, 0x00, 0xD7, 0x00, 0x00, 0x00, 0x2A, 0x00, 0x00, 0x00, 0xA1, 0x0D, 0x2E, 0x7E,
        0x25, 0x00, 0x00, 0x00, 0xEA, 0x00, 0x00, 0x00, 0x51, 0x2E, 0x93, 0x31, 0x2A, 0x00, 0x00, 0x00,
        0x27, 0x00, 0x00, 0x00, 0xBC, 0x2A, 0xA9, 0xA6, 0x27, 0x00, 0x00, 0x00, 0x25, 0x00, 0x00, 0x00,
        0xEA, 0x00, 0x00, 0x00, 0xEB, 0x00, 0x00, 0x00, 0x2A, 0x00, 0x00, 0x00, 0x27, 0x00, 0x00, 0x00,
        0xBC, 0x2A, 0xA9, 0xA6, 0x27, 0x00, 0x00, 0x00, 0x25, 0x00, 0x00, 0x00, 0xEA, 0x00, 0x00, 0x00,
        0xED, 0x00, 0x00, 0x00, 0x2A, 0x00, 0x00, 0x00, 0x27, 0x00, 0x00, 0x00, 0xE5, 0x00, 0x00, 0x00,
        0x27, 0x00, 0x00, 0x00, 0x25, 0x00, 0x00, 0x00, 0x21, 0x00, 0x00, 0x00, 0x2A, 0x00, 0x00, 0x00,
        0x1E, 0x00, 0x00, 0x00, 0x1A, 0x02, 0x00, 0x00, 0x23, 0x00, 0x00, 0x00, 0x19, 0x02, 0x00, 0x00,
        0x22, 0x00, 0x00, 0x00, 0x1A, 0x02, 0x00, 0x00, 0x23, 0x00, 0x00, 0x00, 0x19, 0x02, 0x00, 0x00,
        0x22, 0x00, 0x00, 0x00, 0x1A, 0x02, 0x00, 0x00, 0x23, 0x00, 0x00, 0x00, 0x19, 0x02, 0x00, 0x00,
        0x22, 0x00, 0x00, 0x00, 0x1A, 0x02, 0x00, 0x00, 0x23, 0x00, 0x00, 0x00, 0x19, 0x02, 0x00, 0x00,
        0x1F, 0x00, 0x00, 0x00, 0x25, 0x00, 0x00, 0x00, 0x5B, 0x00, 0x00, 0x00, 0x0F, 0x15, 0xEA, 0xCA,
        0x20, 0x00, 0x00, 0x00, 0xD7, 0x00, 0x00, 0x00, 0x2A, 0x00, 0x00, 0x00, 0x37, 0x3D, 0x29, 0x09,
        0x23, 0x00, 0x00, 0x00, 0x11, 0x02, 0x00, 0x00, 0x25, 0x00, 0x00, 0x00, 0xEA, 0x00, 0x00, 0x00,
        0x51, 0x2E, 0x93, 0x31, 0x2A, 0x00, 0x00, 0x00, 0x27, 0x00, 0x00, 0x00, 0x0F, 0x15, 0xEA, 0xCA,
        0x27, 0x00, 0x00, 0x00, 0x25, 0x00, 0x00, 0x00, 0xEA, 0x00, 0x00, 0x00, 0xEB, 0x00, 0x00, 0x00,
        0x2A, 0x00, 0x00, 0x00, 0x27, 0x00, 0x00, 0x00, 0x0F, 0x15, 0xEA, 0xCA, 0x27, 0x00, 0x00, 0x00,
        0x25, 0x00, 0x00, 0x00, 0xEA, 0x00, 0x00, 0x00, 0xED, 0x00, 0x00, 0x00, 0x2A, 0x00, 0x00, 0x00,
        0x27, 0x00, 0x00, 0x00, 0x07, 0x10, 0xC7, 0xCF, 0x27, 0x00, 0x00, 0x00, 0x25, 0x00, 0x00, 0x00,
        0x53, 0x00, 0x00, 0x00, 0x33, 0x22, 0xBA, 0xB6, 0x2A, 0x00, 0x00, 0x00, 0x19, 0x02, 0x00, 0x00,
        0x23, 0x00, 0x00, 0x00, 0x19, 0x02, 0x00, 0x00, 0x25, 0x00, 0x00, 0x00, 0x53, 0x00, 0x00, 0x00,
        0x6A, 0x1D, 0xB7, 0x8A, 0x2A, 0x00, 0x00, 0x00, 0x1A, 0x02, 0x00, 0x00, 0x23, 0x00, 0x00, 0x00,
        0x19, 0x02, 0x00, 0x00, 0x25, 0x00, 0x00, 0x00, 0x53, 0x00, 0x00, 0x00, 0xC1, 0x8C, 0xAD, 0x7A,
        0x2A, 0x00, 0x00, 0x00, 0x19, 0x02, 0x00, 0x00, 0x23, 0x00, 0x00, 0x00, 0x1A, 0x02, 0x00, 0x00,
        0x25, 0x00, 0x00, 0x00, 0x21, 0x00, 0x00, 0x00, 0x2A, 0x00, 0x00, 0x00, 0x1A, 0x02, 0x00, 0x00,
        0x23, 0x00, 0x00, 0x00, 0x19, 0x02, 0x00, 0x00, 0x25, 0x00, 0x00, 0x00, 0x0E, 0x00, 0x00, 0x00,
        0x06, 0x00, 0x00, 0x00, 0x97, 0x2B, 0x88, 0x0A, 0x10, 0x00, 0x00, 0x00, 0x10, 0x00, 0x00, 0x00,
        0xC0, 0xB9, 0x0D, 0x34, 0x06, 0x00, 0x00, 0x00, 0x01, 0x4E, 0x5D, 0x81, 0x10, 0x00, 0x00, 0x00,
        0x10, 0x00, 0x00, 0x00, 0x7B, 0x29, 0x94, 0x47, 0x53, 0x00, 0x00, 0x00, 0xAA, 0x5C, 0xEA, 0xDA,
        0x20, 0x00, 0x00, 0x00, 0xD7, 0x00, 0x00, 0x00, 0x2A, 0x00, 0x00, 0x00, 0x02, 0x98, 0x4A, 0xE0,
        0x23, 0x00, 0x00, 0x00, 0x0F, 0x02, 0x00, 0x00, 0x25, 0x00, 0x00, 0x00, 0xEA, 0x00, 0x00, 0x00,
        0x51, 0x2E, 0x93, 0x31, 0x2A, 0x00, 0x00, 0x00, 0x27, 0x00, 0x00, 0x00, 0x3C, 0x63, 0x59, 0xDE,
        0x93, 0x7F, 0x06, 0x2E, 0xF9, 0x2E, 0x07, 0x62, 0x84, 0x25, 0x46, 0xEC, 0x27, 0x00, 0x00, 0x00,
        0x25, 0x00, 0x00, 0x00, 0xEA, 0x00, 0x00, 0x00, 0xEB, 0x00, 0x00, 0x00, 0x2A, 0x00, 0x00, 0x00,
        0x27, 0x00, 0x00, 0x00, 0x5F, 0x14, 0xB3, 0xB1, 0x93, 0x7F, 0x06, 0x2E, 0xF9, 0x2E, 0x07, 0x62,
        0x84, 0x25, 0x46, 0xEC, 0x27, 0x00, 0x00, 0x00, 0x25, 0x00, 0x00, 0x00, 0xEA, 0x00, 0x00, 0x00,
        0xED, 0x00, 0x00, 0x00, 0x2A, 0x00, 0x00, 0x00, 0x27, 0x00, 0x00, 0x00, 0x07, 0x10, 0xC7, 0xCF,
        0x27, 0x00, 0x00, 0x00, 0x25, 0x00, 0x00, 0x00, 0x53, 0x00, 0x00, 0x00, 0x33, 0x22, 0xBA, 0xB6,
        0x2A, 0x00, 0x00, 0x00, 0x19, 0x02, 0x00, 0x00, 0x23, 0x00, 0x00, 0x00, 0x19, 0x02, 0x00, 0x00,
        0x25, 0x00, 0x00, 0x00, 0x53, 0x00, 0x00, 0x00, 0x6A, 0x1D, 0xB7, 0x8A, 0x2A, 0x00, 0x00, 0x00,
        0x23, 0x02, 0x00, 0x00, 0x23, 0x00, 0x00, 0x00, 0x19, 0x02, 0x00, 0x00, 0x25, 0x00, 0x00, 0x00,
        0x53, 0x00, 0x00, 0x00, 0xC1, 0x8C, 0xAD, 0x7A, 0x2A, 0x00, 0x00, 0x00, 0x19, 0x02, 0x00, 0x00,
        0x23, 0x00, 0x00, 0x00, 0x1A, 0x02, 0x00, 0x00, 0x25, 0x00, 0x00, 0x00, 0x21, 0x00, 0x00, 0x00,
        0x2A, 0x00, 0x00, 0x00, 0x19, 0x02, 0x00, 0x00, 0x23, 0x00, 0x00, 0x00, 0x1E, 0x02, 0x00, 0x00,
        0x25, 0x00, 0x00, 0x00, 0x53, 0x00, 0x00, 0x00, 0x49, 0xFE, 0x5D, 0x69, 0x20, 0x00, 0x00, 0x00,
        0xD7, 0x00, 0x00, 0x00, 0x2A, 0x00, 0x00, 0x00, 0x02, 0x98, 0x4A, 0xE0, 0x23, 0x00, 0x00, 0x00,
        0x10, 0x02, 0x00, 0x00, 0x25, 0x00, 0x00, 0x00, 0xEA, 0x00, 0x00, 0x00, 0x51, 0x2E, 0x93, 0x31,
        0x2A, 0x00, 0x00, 0x00, 0x27, 0x00, 0x00, 0x00, 0x3C, 0x63, 0x59, 0xDE, 0x71, 0xD6, 0xA1, 0xAE,
        0x93, 0x7F, 0x06, 0x2E, 0x28, 0x71, 0x9D, 0xAB, 0x84, 0x25, 0x46, 0xEC, 0x27, 0x00, 0x00, 0x00,
        0x25, 0x00, 0x00, 0x00, 0xEA, 0x00, 0x00, 0x00, 0xEB, 0x00, 0x00, 0x00, 0x2A, 0x00, 0x00, 0x00,
        0x27, 0x00, 0x00, 0x00, 0x5F, 0x14, 0xB3, 0xB1, 0x93, 0x7F, 0x06, 0x2E, 0x71, 0xD6, 0xA1, 0xAE,
        0x84, 0x25, 0x46, 0xEC, 0x27, 0x00, 0x00, 0x00, 0x25, 0x00, 0x00, 0x00, 0xEA, 0x00, 0x00, 0x00,
        0xED, 0x00, 0x00, 0x00, 0x2A, 0x00, 0x00, 0x00, 0x27, 0x00, 0x00, 0x00, 0x07, 0x10, 0xC7, 0xCF,
        0x27, 0x00, 0x00, 0x00, 0x25, 0x00, 0x00, 0x00, 0x53, 0x00, 0x00, 0x00, 0x33, 0x22, 0xBA, 0xB6,
        0x2A, 0x00, 0x00, 0x00, 0x19, 0x02, 0x00, 0x00, 0x23, 0x00, 0x00, 0x00, 0x19, 0x02, 0x00, 0x00,
        0x25, 0x00, 0x00, 0x00, 0x53, 0x00, 0x00, 0x00, 0x6A, 0x1D, 0xB7, 0x8A, 0x2A, 0x00, 0x00, 0x00,
        0x1A, 0x02, 0x00, 0x00, 0x23, 0x00, 0x00, 0x00, 0x19, 0x02, 0x00, 0x00, 0x25, 0x00, 0x00, 0x00,
        0x53, 0x00, 0x00, 0x00, 0xC1, 0x8C, 0xAD, 0x7A, 0x2A, 0x00, 0x00, 0x00, 0x19, 0x02, 0x00, 0x00,
        0x23, 0x00, 0x00, 0x00, 0x1A, 0x02, 0x00, 0x00, 0x25, 0x00, 0x00, 0x00, 0x21, 0x00, 0x00, 0x00,
        0x2A, 0x00, 0x00, 0x00, 0x19, 0x02, 0x00, 0x00, 0x23, 0x00, 0x00, 0x00, 0x1E, 0x02, 0x00, 0x00,
        0x25, 0x00, 0x00, 0x00, 0x53, 0x00, 0x00, 0x00, 0x5F, 0xA5, 0x1A, 0x99, 0x20, 0x00, 0x00, 0x00,
        0xD7, 0x00, 0x00, 0x00, 0x2A, 0x00, 0x00, 0x00, 0x02, 0x98, 0x4A, 0xE0, 0x23, 0x00, 0x00, 0x00,
        0x11, 0x02, 0x00, 0x00, 0x25, 0x00, 0x00, 0x00, 0xEA, 0x00, 0x00, 0x00, 0x51, 0x2E, 0x93, 0x31,
        0x2A, 0x00, 0x00, 0x00, 0x27, 0x00, 0x00, 0x00, 0x3C, 0x63, 0x59, 0xDE, 0x55, 0x92, 0x55, 0x12,
        0x93, 0x7F, 0x06, 0x2E, 0x28, 0x71, 0x9D, 0xAB, 0x84, 0x25, 0x46, 0xEC, 0x27, 0x00, 0x00, 0x00,
        0x25, 0x00, 0x00, 0x00, 0xEA, 0x00, 0x00, 0x00, 0xEB, 0x00, 0x00, 0x00, 0x2A, 0x00, 0x00, 0x00,
        0x27, 0x00, 0x00, 0x00, 0x5F, 0x14, 0xB3, 0xB1, 0x93, 0x7F, 0x06, 0x2E, 0x55, 0x92, 0x55, 0x12,
        0x84, 0x25, 0x46, 0xEC, 0x27, 0x00, 0x00, 0x00, 0x25, 0x00, 0x00, 0x00, 0xEA, 0x00, 0x00, 0x00,
        0xED, 0x00, 0x00, 0x00, 0x2A, 0x00, 0x00, 0x00, 0x27, 0x00, 0x00, 0x00, 0x07, 0x10, 0xC7, 0xCF,
        0x27, 0x00, 0x00, 0x00, 0x25, 0x00, 0x00, 0x00, 0x53, 0x00, 0x00, 0x00, 0x33, 0x22, 0xBA, 0xB6,
        0x2A, 0x00, 0x00, 0x00, 0x19, 0x02, 0x00, 0x00, 0x23, 0x00, 0x00, 0x00, 0x19, 0x02, 0x00, 0x00,
        0x25, 0x00, 0x00, 0x00, 0x53, 0x00, 0x00, 0x00, 0x6A, 0x1D, 0xB7, 0x8A, 0x2A, 0x00, 0x00, 0x00,
        0x1A, 0x02, 0x00, 0x00, 0x23, 0x00, 0x00, 0x00, 0x19, 0x02, 0x00, 0x00, 0x25, 0x00, 0x00, 0x00,
        0x53, 0x00, 0x00, 0x00, 0xC1, 0x8C, 0xAD, 0x7A, 0x2A, 0x00, 0x00, 0x00, 0x19, 0x02, 0x00, 0x00,
        0x23, 0x00, 0x00, 0x00, 0x1A, 0x02, 0x00, 0x00, 0x25, 0x00, 0x00, 0x00, 0x21, 0x00, 0x00, 0x00,
        0x2A, 0x00, 0x00, 0x00, 0x19, 0x02, 0x00, 0x00, 0x23, 0x00, 0x00, 0x00, 0x1E, 0x02, 0x00, 0x00,
        0x25, 0x00, 0x00, 0x00, 0x0E, 0x00, 0x00, 0x00, 0x0E, 0x00, 0x00, 0x00, 0x01, 0x00, 0x00, 0x00,
        0x0C, 0xF2, 0x29, 0xC9, 0x06, 0x00, 0x00, 0x00, 0xD4, 0x45, 0xA6, 0x1E, 0x10, 0x00, 0x00, 0x00,
        0x10, 0x00, 0x00, 0x00, 0xAE, 0xC4, 0x3C, 0x27, 0x10, 0x00, 0x00, 0x00, 0x10, 0x00, 0x00, 0x00,
        0xE6, 0xCE, 0x1E, 0x55, 0x48, 0x00, 0x00, 0x00, 0x15, 0xE7, 0x94, 0xEB, 0x24, 0x00, 0x00, 0x00,
        0xD7, 0x00, 0x00, 0x00, 0x1A, 0x00, 0x00, 0x00, 0x4F, 0x02, 0x00, 0x00, 0x1B, 0x00, 0x00, 0x00,
        0x20, 0x00, 0x00, 0x00, 0xEB, 0x00, 0x00, 0x00, 0x2A, 0x00, 0x00, 0x00, 0x27, 0x00, 0x00, 0x00,
        0x30, 0x59, 0x05, 0xC1, 0x0E, 0x6C, 0x5D, 0xDF, 0x27, 0x00, 0x00, 0x00, 0x25, 0x00, 0x00, 0x00,
        0xEC, 0x00, 0x00, 0x00, 0x2A, 0x00, 0x00, 0x00, 0x27, 0x00, 0x00, 0x00, 0x55, 0xDF, 0x67, 0x57,
        0xBF, 0xC5, 0x11, 0xBF, 0x22, 0x00, 0x00, 0x00, 0xBE, 0x3B, 0xBA, 0x3A, 0xC5, 0x44, 0x8B, 0x86,
        0x22, 0x00, 0x00, 0x00, 0x31, 0xCF, 0xD0, 0x4A, 0x77, 0x5A, 0x45, 0x90, 0x27, 0x00, 0x00, 0x00,
        0x25, 0x00, 0x00, 0x00, 0x21, 0x00, 0x00, 0x00, 0x2A, 0x00, 0x00, 0x00, 0xB8, 0xF8, 0x58, 0xED,
        0x25, 0x00, 0x00, 0x00, 0x0E, 0x00, 0x00, 0x00, 0x01, 0x00, 0x00, 0x00, 0xD2, 0x51, 0x77, 0x3D,
        0x01, 0x00, 0x00, 0x00, 0x1B, 0x4D, 0xB4, 0xEA, 0x01, 0x00, 0x00, 0x00, 0xDB, 0x1D, 0x78, 0x92,
        0x01, 0x00, 0x00, 0x00, 0x01, 0xE9, 0x42, 0xB9, 0x01, 0x00, 0x00, 0x00, 0x1D, 0xFD, 0xBA, 0x8C,
        0x01, 0x00, 0x00, 0x00, 0x72, 0x41, 0x39, 0xD6, 0x01, 0x00, 0x00, 0x00, 0x22, 0x04, 0x4F, 0x2D,
        0x01, 0x00, 0x00, 0x00, 0x49, 0xCF, 0x62, 0xA7, 0x01, 0x00, 0x00, 0x00, 0x5A, 0xE8, 0x27, 0xB6,
        0x01, 0x00, 0x00, 0x00, 0xE0, 0x9D, 0xE7, 0x20, 0x01, 0x00, 0x00, 0x00, 0x9A, 0x1C, 0x7D, 0x19,
        0x01, 0x00, 0x00, 0x00, 0xDC, 0x5D, 0xD6, 0xC8, 0x01, 0x00, 0x00, 0x00, 0xBE, 0xA9, 0x66, 0xA7,
        0x01, 0x00, 0x00, 0x00, 0x30, 0x89, 0xF4, 0x00, 0x06, 0x00, 0x00, 0x00, 0xE7, 0x8D, 0xAA, 0x09,
        0x48, 0x00, 0x00, 0x00, 0xFE, 0x8D, 0xC0, 0x87, 0x24, 0x00, 0x00, 0x00, 0xD7, 0x00, 0x00, 0x00,
        0x1A, 0x00, 0x00, 0x00, 0x4F, 0x02, 0x00, 0x00, 0x1B, 0x00, 0x00, 0x00, 0x20, 0x00, 0x00, 0x00,
        0xEB, 0x00, 0x00, 0x00, 0x2A, 0x00, 0x00, 0x00, 0x27, 0x00, 0x00, 0x00, 0x88, 0x4E, 0x55, 0x38,
        0x5B, 0xEC, 0xE0, 0xAB, 0x27, 0x00, 0x00, 0x00, 0x25, 0x00, 0x00, 0x00, 0xEC, 0x00, 0x00, 0x00,
        0x2A, 0x00, 0x00, 0x00, 0x27, 0x00, 0x00, 0x00, 0x88, 0x4E, 0x55, 0x38, 0x5B, 0xEC, 0xE0, 0xAB,
        0x27, 0x00, 0x00, 0x00, 0x25, 0x00, 0x00, 0x00, 0x21, 0x00, 0x00, 0x00, 0x2A, 0x00, 0x00, 0x00,
        0xB8, 0xF8, 0x58, 0xED, 0x25, 0x00, 0x00, 0x00, 0x0E, 0x00, 0x00, 0x00, 0x06, 0x00, 0x00, 0x00,
        0x20, 0xA3, 0xB0, 0xFC, 0x4E, 0x4B, 0xDA, 0x04, 0x04, 0x21, 0x57, 0x0F, 0x1A, 0x00, 0x00, 0x00,
        0xA3, 0x09, 0x71, 0xCF, 0x24, 0x8A, 0x06, 0xF1, 0x1B, 0x00, 0x00, 0x00, 0x0F, 0x00, 0x00, 0x00,
        0x45, 0xC9, 0x24, 0x59, 0x04, 0x21, 0x57, 0x0F, 0x1A, 0x00, 0x00, 0x00, 0xA3, 0x09, 0x71, 0xCF,
        0x24, 0x8A, 0x06, 0xF1, 0x1B, 0x00, 0x00, 0x00, 0x0E, 0x00, 0x00, 0x00, 0x1E, 0x00, 0x00, 0x00,
        0x45, 0xC9, 0x24, 0x59, 0x13, 0x2F, 0x4D, 0x2F, 0x2A, 0x00, 0x00, 0x00, 0x1A, 0x00, 0x00, 0x00,
        0x45, 0xC9, 0x24, 0x59, 0x1B, 0x00, 0x00, 0x00, 0x19, 0x02, 0x00, 0x00, 0x25, 0x00, 0x00, 0x00,
        0x06, 0x00, 0x00, 0x00, 0x20, 0xA3, 0xB0, 0xFC, 0x4E, 0x4B, 0xDA, 0x04, 0x45, 0x7A, 0x03, 0xD3,
        0x2A, 0x00, 0x00, 0x00, 0x1A, 0x00, 0x00, 0x00, 0x4E, 0x4B, 0xDA, 0x04, 0x1B, 0x00, 0x00, 0x00,
        0x19, 0x02, 0x00, 0x00, 0x25, 0x00, 0x00, 0x00, 0x0E, 0x00, 0x00, 0x00, 0x42, 0x23, 0x38, 0x0E,
        0x2A, 0x4B, 0xC1, 0xDC, 0x2A, 0x00, 0x00, 0x00, 0x1A, 0x00, 0x00, 0x00, 0x42, 0x23, 0x38, 0x0E,
        0x1B, 0x00, 0x00, 0x00, 0x19, 0x02, 0x00, 0x00, 0x25, 0x00, 0x00, 0x00, 0x06, 0x00, 0x00, 0x00,
        0x20, 0xA3, 0xB0, 0xFC, 0x3E, 0x0E, 0xA0, 0xA6, 0x1A, 0x00, 0x00, 0x00, 0x24, 0x8A, 0x06, 0xF1,
        0x22, 0x00, 0x00, 0x00, 0x13, 0x2F, 0x4D, 0x2F, 0x22, 0x00, 0x00, 0x00, 0x45, 0x7A, 0x03, 0xD3,
        0x22, 0x00, 0x00, 0x00, 0x2A, 0x4B, 0xC1, 0xDC, 0x22, 0x00, 0x00, 0x00, 0x17, 0x02, 0x00, 0x00,
        0x1B, 0x00, 0x00, 0x00, 0x25, 0x00, 0x00, 0x00, 0x0F, 0x00, 0x00, 0x00, 0x3E, 0x0E, 0xA0, 0xA6,
        0x1A, 0x00, 0x00, 0x00, 0x24, 0x8A, 0x06, 0xF1, 0x22, 0x00, 0x00, 0x00, 0x13, 0x2F, 0x4D, 0x2F,
        0x22, 0x00, 0x00, 0x00, 0x2A, 0x4B, 0xC1, 0xDC, 0x22, 0x00, 0x00, 0x00, 0x17, 0x02, 0x00, 0x00,
        0x1B, 0x00, 0x00, 0x00, 0x25, 0x00, 0x00, 0x00, 0x0E, 0x00, 0x00, 0x00, 0x09, 0x00, 0x00, 0x00,
        0xC6, 0x23, 0xCE, 0x03, 0x11, 0x00, 0x00, 0x00, 0x11, 0x00, 0x00, 0x00, 0x26, 0x00, 0x00, 0x00,
        0xEF, 0x01, 0x00, 0x00, 0x13, 0x2F, 0x4D, 0x2F, 0x23, 0x00, 0x00, 0x00, 0xCC, 0xDF, 0x38, 0x56,
        0x23, 0x00, 0x00, 0x00, 0x1C, 0x67, 0x68, 0x5A, 0x2A, 0x00, 0x00, 0x00, 0x24, 0x8A, 0x06, 0xF1,
        0x23, 0x00, 0x00, 0x00, 0x53, 0xEF, 0xF9, 0xAB, 0x23, 0x00, 0x00, 0x00, 0xCC, 0xDF, 0x38, 0x56,
        0x23, 0x00, 0x00, 0x00, 0x99, 0x28, 0xE6, 0x8F, 0x25, 0x00, 0x00, 0x00, 0x0E, 0x00, 0x00, 0x00,
        0x06, 0x00, 0x00, 0x00, 0x48, 0x1A, 0xCC, 0x10, 0x86, 0x1D, 0x1B, 0x14, 0x1A, 0x00, 0x00, 0x00,
        0x13, 0x2F, 0x4D, 0x2F, 0x23, 0x00, 0x00, 0x00, 0x7B, 0xEC, 0x3B, 0x59, 0x22, 0x00, 0x00, 0x00,
        0x2A, 0x4B, 0xC1, 0xDC, 0x23, 0x00, 0x00, 0x00, 0x31, 0x01, 0x00, 0x00, 0x1B, 0x00, 0x00, 0x00,
        0x25, 0x00, 0x00, 0x00, 0x0E, 0x00, 0x00, 0x00, 0x06, 0x00, 0x00, 0x00, 0x20, 0xA3, 0xB0, 0xFC,
        0x45, 0x7A, 0x03, 0xD3, 0x23, 0x00, 0x00, 0x00, 0x24, 0x8A, 0x06, 0xF1, 0x2A, 0x00, 0x00, 0x00,
        0x13, 0x2F, 0x4D, 0x2F, 0x25, 0x00, 0x00, 0x00, 0xD8, 0x00, 0x00, 0x00, 0x45, 0x7A, 0x03, 0xD3,
        0x25, 0x00, 0x00, 0x00, 0x0F, 0x00, 0x00, 0x00, 0xD8, 0x00, 0x00, 0x00, 0x13, 0x2F, 0x4D, 0x2F,
        0x25, 0x00, 0x00, 0x00, 0x0E, 0x00, 0x00, 0x00, 0x1F, 0x00, 0x00, 0x00, 0x06, 0x00, 0x00, 0x00,
        0x20, 0xA3, 0xB0, 0xFC, 0x1C, 0x00, 0x00, 0x00, 0x48, 0x0E, 0xAD, 0xB1, 0x1A, 0x00, 0x00, 0x00,
        0x22, 0x02, 0x00, 0x00, 0x1B, 0x00, 0x00, 0x00, 0x1D, 0x00, 0x00, 0x00, 0xEE, 0xD9, 0x7B, 0xD2,
        0x14, 0x02, 0x8E, 0x5C, 0x1A, 0x00, 0x00, 0x00, 0x87, 0x6D, 0x97, 0xDF, 0x4E, 0x4B, 0xDA, 0x04,
        0xEC, 0xAA, 0x68, 0xCA, 0x1C, 0x00, 0x00, 0x00, 0x1C, 0x02, 0x00, 0x00, 0x1D, 0x00, 0x00, 0x00,
        0x22, 0x00, 0x00, 0x00, 0x8D, 0x00, 0x00, 0x00, 0x7E, 0xFF, 0x74, 0xFE, 0x20, 0x00, 0x00, 0x00,
        0x4F, 0x86, 0xB1, 0xF3, 0x21, 0x00, 0x00, 0x00, 0x3D, 0xA9, 0x32, 0x5D, 0x1B, 0x00, 0x00, 0x00,
        0x1E, 0x00, 0x00, 0x00, 0xC8, 0x99, 0x58, 0x46, 0x1A, 0x00, 0x00, 0x00, 0xEC, 0xAA, 0x68, 0xCA,
        0x1C, 0x00, 0x00, 0x00, 0x19, 0x02, 0x00, 0x00, 0x1D, 0x00, 0x00, 0x00, 0x22, 0x00, 0x00, 0x00,
        0xEC, 0xAA, 0x68, 0xCA, 0x1C, 0x00, 0x00, 0x00, 0x1A, 0x02, 0x00, 0x00, 0x1D, 0x00, 0x00, 0x00,
        0x22, 0x00, 0x00, 0x00, 0xEC, 0xAA, 0x68, 0xCA, 0x1C, 0x00, 0x00, 0x00, 0x1B, 0x02, 0x00, 0x00,
        0x1D, 0x00, 0x00, 0x00, 0x22, 0x00, 0x00, 0x00, 0x3D, 0xA9, 0x32, 0x5D, 0x1B, 0x00, 0x00, 0x00,
        0x25, 0x00, 0x00, 0x00, 0x1F, 0x00, 0x00, 0x00, 0x0E, 0x00, 0x00, 0x00, 0x06, 0x00, 0x00, 0x00,
        0x99, 0x8C, 0xB2, 0x0D, 0x5E, 0x00, 0x00, 0x00, 0xC2, 0xE8, 0xF7, 0x2C, 0x1A, 0x00, 0x00, 0x00,
        0x54, 0x00, 0x00, 0x00, 0xB1, 0x07, 0x68, 0xAD, 0x1B, 0x00, 0x00, 0x00, 0x1E, 0x00, 0x00, 0x00,
        0xD8, 0x00, 0x00, 0x00, 0x2D, 0x37, 0x57, 0x3B, 0x1A, 0x00, 0x00, 0x00, 0x90, 0x4D, 0xFF, 0x09,
        0x22, 0x00, 0x00, 0x00, 0x8E, 0xB6, 0x22, 0xBF, 0x22, 0x00, 0x00, 0x00, 0xB1, 0x07, 0x68, 0xAD,
        0x1B, 0x00, 0x00, 0x00, 0x25, 0x00, 0x00, 0x00, 0x1F, 0x00, 0x00, 0x00, 0x0E, 0x00, 0x00, 0x00,
        0x06, 0x00, 0x00, 0x00, 0x99, 0x8C, 0xB2, 0x0D, 0xEE, 0xD9, 0x7B, 0xD2, 0xB8, 0x6A, 0xC1, 0xE4,
        0x1A, 0x00, 0x00, 0x00, 0x4E, 0x8E, 0xEC, 0x5F, 0x62, 0x00, 0x00, 0x00, 0xA7, 0x0D, 0xBB, 0x92,
        0x22, 0x00, 0x00, 0x00, 0x4E, 0x8E, 0xEC, 0x5F, 0x54, 0x00, 0x00, 0x00, 0xCC, 0xDF, 0x38, 0x56,
        0x22, 0x00, 0x00, 0x00, 0x4E, 0x8E, 0xEC, 0x5F, 0x54, 0x00, 0x00, 0x00, 0x86, 0xDC, 0x54, 0xAE,
        0x22, 0x00, 0x00, 0x00, 0x4E, 0x8E, 0xEC, 0x5F, 0x5E, 0x00, 0x00, 0x00, 0x4F, 0xEE, 0xDB, 0xE3,
        0x22, 0x00, 0x00, 0x00, 0x4E, 0x8E, 0xEC, 0x5F, 0x53, 0x00, 0x00, 0x00, 0xFD, 0x37, 0xE9, 0x7E,
        0x22, 0x00, 0x00, 0x00, 0x99, 0x6D, 0xEA, 0xB9, 0xC9, 0x9D, 0x83, 0xDB, 0xEC, 0x20, 0xBB, 0x34,
        0x1B, 0x00, 0x00, 0x00, 0x0F, 0x00, 0x00, 0x00, 0xEE, 0xD9, 0x7B, 0xD2, 0xB8, 0x6A, 0xC1, 0xE4,
        0x1A, 0x00, 0x00, 0x00, 0x4E, 0x8E, 0xEC, 0x5F, 0x73, 0x00, 0x00, 0x00, 0xA7, 0x0D, 0xBB, 0x92,
        0x22, 0x00, 0x00, 0x00, 0x4E, 0x8E, 0xEC, 0x5F, 0x54, 0x00, 0x00, 0x00, 0xCC, 0xDF, 0x38, 0x56,
        0x22, 0x00, 0x00, 0x00, 0x4E, 0x8E, 0xEC, 0x5F, 0x6F, 0x00, 0x00, 0x00, 0x4F, 0xEE, 0xDB, 0xE3,
        0x22, 0x00, 0x00, 0x00, 0x4E, 0x8E, 0xEC, 0x5F, 0x53, 0x00, 0x00, 0x00, 0xFD, 0x37, 0xE9, 0x7E,
        0x22, 0x00, 0x00, 0x00, 0x99, 0x6D, 0xEA, 0xB9, 0xC9, 0x9D, 0x83, 0xDB, 0xEC, 0x20, 0xBB, 0x34,
        0x1B, 0x00, 0x00, 0x00, 0x0E, 0x00, 0x00, 0x00, 0x1E, 0x00, 0x00, 0x00, 0xEC, 0x20, 0xBB, 0x34,
        0x2A, 0x00, 0x00, 0x00, 0x44, 0x74, 0xB4, 0x1D, 0x1A, 0x00, 0x00, 0x00, 0x1B, 0x00, 0x00, 0x00,
        0x25, 0x00, 0x00, 0x00, 0x06, 0x00, 0x00, 0x00, 0x86, 0x08, 0xE0, 0x28, 0xC4, 0xCC, 0xD1, 0x37,
        0xFC, 0xB6, 0xB2, 0x3C, 0x25, 0x00, 0x00, 0x00, 0x7D, 0x8A, 0x1E, 0xB8, 0x1A, 0x00, 0x00, 0x00,
        0xFC, 0xB6, 0xB2, 0x3C, 0x22, 0x00, 0x00, 0x00, 0xCC, 0xDF, 0x38, 0x56, 0x1B, 0x00, 0x00, 0x00,
        0x25, 0x00, 0x00, 0x00, 0x0E, 0x00, 0x00, 0x00, 0x6E, 0x00, 0x00, 0x00, 0x28, 0x67, 0xF3, 0xED,
        0x2A, 0x00, 0x00, 0x00, 0x6E, 0x00, 0x00, 0x00, 0x1A, 0x00, 0x00, 0x00, 0x19, 0x02, 0x00, 0x00,
        0x22, 0x00, 0x00, 0x00, 0x19, 0x02, 0x00, 0x00, 0x22, 0x00, 0x00, 0x00, 0x1A, 0x02, 0x00, 0x00,
        0x1B, 0x00, 0x00, 0x00, 0x25, 0x00, 0x00, 0x00, 0x06, 0x00, 0x00, 0x00, 0xE8, 0xCB, 0xE9, 0x1F,
        0x28, 0x67, 0xF3, 0xED, 0x2A, 0x00, 0x00, 0x00, 0x83, 0x13, 0x0A, 0xB0, 0x1A, 0x00, 0x00, 0x00,
        0x49, 0x00, 0x6B, 0x60, 0x22, 0x00, 0x00, 0x00, 0xCC, 0xDF, 0x38, 0x56, 0x23, 0x00, 0x00, 0x00,
        0x99, 0x28, 0xE6, 0x8F, 0x1B, 0x00, 0x00, 0x00, 0x25, 0x00, 0x00, 0x00, 0x0E, 0x00, 0x00, 0x00,
        0xEC, 0x20, 0xBB, 0x34, 0x23, 0x00, 0x00, 0x00, 0xC6, 0x4D, 0xBA, 0x09, 0x2A, 0x00, 0x00, 0x00,
        0x0E, 0x7E, 0x35, 0x6A, 0x23, 0x00, 0x00, 0x00, 0x12, 0x02, 0x00, 0x00, 0x2E, 0x00, 0x00, 0x00,
        0xDD, 0x7C, 0xD3, 0x9B, 0x1A, 0x00, 0x00, 0x00, 0x46, 0xF3, 0x9F, 0x9A, 0x22, 0x00, 0x00, 0x00,
        0xCC, 0xDF, 0x38, 0x56, 0x23, 0x00, 0x00, 0x00, 0x99, 0x28, 0xE6, 0x8F, 0x1B, 0x00, 0x00, 0x00,
        0x25, 0x00, 0x00, 0x00, 0x06, 0x00, 0x00, 0x00, 0x26, 0x00, 0x00, 0x00, 0x20, 0xA3, 0xB0, 0xFC,
        0xEC, 0x20, 0xBB, 0x34, 0x23, 0x00, 0x00, 0x00, 0x0F, 0x06, 0xAB, 0x2A, 0x2A, 0x00, 0x00, 0x00,
        0x02, 0x4A, 0x77, 0x6C, 0x1A, 0x00, 0x00, 0x00, 0xBC, 0xCA, 0x20, 0xF1, 0x22, 0x00, 0x00, 0x00,
        0xCC, 0xDF, 0x38, 0x56, 0x23, 0x00, 0x00, 0x00, 0x99, 0x28, 0xE6, 0x8F, 0x1B, 0x00, 0x00, 0x00,
        0x23, 0x00, 0x00, 0x00, 0x38, 0x98, 0x34, 0x21, 0x25, 0x00, 0x00, 0x00, 0x0F, 0x00, 0x00, 0x00,
        0xEC, 0x20, 0xBB, 0x34, 0x23, 0x00, 0x00, 0x00, 0x0F, 0x06, 0xAB, 0x2A, 0x2A, 0x00, 0x00, 0x00,
        0x02, 0x4A, 0x77, 0x6C, 0x1A, 0x00, 0x00, 0x00, 0xBC, 0xCA, 0x20, 0xF1, 0x22, 0x00, 0x00, 0x00,
        0x56, 0x00, 0x00, 0x00, 0x1A, 0x00, 0x00, 0x00, 0xCC, 0xDF, 0x38, 0x56, 0x23, 0x00, 0x00, 0x00,
        0x99, 0x28, 0xE6, 0x8F, 0x22, 0x00, 0x00, 0x00, 0x19, 0x02, 0x00, 0x00, 0x22, 0x00, 0x00, 0x00,
        0x19, 0x02, 0x00, 0x00, 0x1B, 0x00, 0x00, 0x00, 0x1B, 0x00, 0x00, 0x00, 0x25, 0x00, 0x00, 0x00,
        0x0E, 0x00, 0x00, 0x00, 0x09, 0x00, 0x00, 0x00, 0xC6, 0x23, 0xCE, 0x03, 0x11, 0x00, 0x00, 0x00,
        0x11, 0x00, 0x00, 0x00, 0xB6, 0xBF, 0x2C, 0x2B, 0x09, 0x00, 0x00, 0x00, 0xEF, 0x01, 0x00, 0x00,
        0xEC, 0x20, 0xBB, 0x34, 0x23, 0x00, 0x00, 0x00, 0x0F, 0x06, 0xAB, 0x2A, 0x2A, 0x00, 0x00, 0x00,
        0xEF, 0x73, 0x54, 0x3D, 0x1A, 0x00, 0x00, 0x00, 0xBC, 0xCA, 0x20, 0xF1, 0x22, 0x00, 0x00, 0x00,
        0xCC, 0xDF, 0x38, 0x56, 0x23, 0x00, 0x00, 0x00, 0x99, 0x28, 0xE6, 0x8F, 0x2D, 0x00, 0x00, 0x00,
        0xCC, 0xDF, 0x38, 0x56, 0x23, 0x00, 0x00, 0x00, 0x12, 0x02, 0x00, 0x00, 0x1B, 0x00, 0x00, 0x00,
        0x23, 0x00, 0x00, 0x00, 0x38, 0x98, 0x34, 0x21, 0x25, 0x00, 0x00, 0x00, 0x0F, 0x00, 0x00, 0x00,
        0xEC, 0x20, 0xBB, 0x34, 0x23, 0x00, 0x00, 0x00, 0x0F, 0x06, 0xAB, 0x2A, 0x2A, 0x00, 0x00, 0x00,
        0xEF, 0x73, 0x54, 0x3D, 0x1A, 0x00, 0x00, 0x00, 0xBC, 0xCA, 0x20, 0xF1, 0x22, 0x00, 0x00, 0x00,
        0xCC, 0xDF, 0x38, 0x56, 0x23, 0x00, 0x00, 0x00, 0x99, 0x28, 0xE6, 0x8F, 0x1B, 0x00, 0x00, 0x00,
        0x23, 0x00, 0x00, 0x00, 0x38, 0x98, 0x34, 0x21, 0x25, 0x00, 0x00, 0x00, 0x0E, 0x00, 0x00, 0x00,
        0x0E, 0x00, 0x00, 0x00, 0xEC, 0x20, 0xBB, 0x34, 0x23, 0x00, 0x00, 0x00, 0xA1, 0xD4, 0xC1, 0x3D,
        0x2A, 0x00, 0x00, 0x00, 0x0E, 0x7E, 0x35, 0x6A, 0x23, 0x00, 0x00, 0x00, 0x38, 0x98, 0x34, 0x21,
        0x25, 0x00, 0x00, 0x00, 0x06, 0x00, 0x00, 0x00, 0x80, 0x91, 0x6D, 0x7C, 0x06, 0x00, 0x00, 0x00,
        0x26, 0x00, 0x00, 0x00, 0x20, 0xA3, 0xB0, 0xFC, 0x5D, 0x00, 0x00, 0x00, 0x90, 0x8D, 0x2E, 0x67,
        0x2A, 0x00, 0x00, 0x00, 0xF9, 0x4C, 0x39, 0x17, 0x1A, 0x00, 0x00, 0x00, 0xF2, 0x85, 0x7D, 0x3B,
        0x22, 0x00, 0x00, 0x00, 0xCC, 0xDF, 0x38, 0x56, 0x23, 0x00, 0x00, 0x00, 0x99, 0x28, 0xE6, 0x8F,
        0x1B, 0x00, 0x00, 0x00, 0x23, 0x00, 0x00, 0x00, 0x38, 0x98, 0x34, 0x21, 0x25, 0x00, 0x00, 0x00,
        0x0F, 0x00, 0x00, 0x00, 0x5D, 0x00, 0x00, 0x00, 0x90, 0x8D, 0x2E, 0x67, 0x2A, 0x00, 0x00, 0x00,
        0xD6, 0xBF, 0xA7, 0x97, 0x1A, 0x00, 0x00, 0x00, 0xF2, 0x85, 0x7D, 0x3B, 0x22, 0x00, 0x00, 0x00,
        0x56, 0x00, 0x00, 0x00, 0x1A, 0x00, 0x00, 0x00, 0xCC, 0xDF, 0x38, 0x56, 0x23, 0x00, 0x00, 0x00,
        0x99, 0x28, 0xE6, 0x8F, 0x22, 0x00, 0x00, 0x00, 0x19, 0x02, 0x00, 0x00, 0x22, 0x00, 0x00, 0x00,
        0x19, 0x02, 0x00, 0x00, 0x1B, 0x00, 0x00, 0x00, 0x1B, 0x00, 0x00, 0x00, 0x23, 0x00, 0x00, 0x00,
        0x38, 0x98, 0x34, 0x21, 0x25, 0x00, 0x00, 0x00, 0x0E, 0x00, 0x00, 0x00, 0x06, 0x00, 0x00, 0x00,
        0x4E, 0x08, 0x7E, 0x66, 0xAD, 0x3B, 0x7E, 0x0E, 0x1A, 0x00, 0x00, 0x00, 0xEC, 0x20, 0xBB, 0x34,
        0x23, 0x00, 0x00, 0x00, 0x0F, 0x06, 0xAB, 0x2A, 0x22, 0x00, 0x00, 0x00, 0x90, 0x8D, 0x2E, 0x67,
        0x1B, 0x00, 0x00, 0x00, 0x25, 0x00, 0x00, 0x00, 0x0E, 0x00, 0x00, 0x00, 0xEC, 0x20, 0xBB, 0x34,
        0x23, 0x00, 0x00, 0x00, 0xA1, 0xD4, 0xC1, 0x3D, 0x2E, 0x00, 0x00, 0x00, 0x2A, 0x00, 0x00, 0x00,
        0x90, 0x8D, 0x2E, 0x67, 0x25, 0x00, 0x00, 0x00, 0x0E, 0x00, 0x00, 0x00, 0x06, 0x00, 0x00, 0x00,
        0xCB, 0x4C, 0x87, 0x6D, 0x11, 0xE1, 0x76, 0xE9, 0x1A, 0x00, 0x00, 0x00, 0xEC, 0x20, 0xBB, 0x34,
        0x23, 0x00, 0x00, 0x00, 0x0F, 0x06, 0xAB, 0x2A, 0x1B, 0x00, 0x00, 0x00, 0x25, 0x00, 0x00, 0x00,
        0x0E, 0x00, 0x00, 0x00, 0x6C, 0x00, 0x00, 0x00, 0xD9, 0xF2, 0xCF, 0xAD, 0x2A, 0x00, 0x00, 0x00,
        0x19, 0x02, 0x00, 0x00, 0x25, 0x00, 0x00, 0x00, 0x06, 0x00, 0x00, 0x00, 0x97, 0x2B, 0x88, 0x0A,
        0x06, 0x00, 0x00, 0x00, 0x99, 0x8C, 0xB2, 0x0D, 0xD9, 0xF2, 0xCF, 0xAD, 0x2A, 0x00, 0x00, 0x00,
        0x0B, 0xCE, 0x5B, 0x67, 0x1A, 0x00, 0x00, 0x00, 0x90, 0x4D, 0xFF, 0x09, 0x22, 0x00, 0x00, 0x00,
        0x86, 0xDC, 0x54, 0xAE, 0x23, 0x00, 0x00, 0x00, 0x99, 0x28, 0xE6, 0x8F, 0x22, 0x00, 0x00, 0x00,
        0x19, 0x02, 0x00, 0x00, 0x22, 0x00, 0x00, 0x00, 0x1A, 0x02, 0x00, 0x00, 0x23, 0x00, 0x00, 0x00,
        0xE7, 0x06, 0x6B, 0x91, 0x22, 0x00, 0x00, 0x00, 0x3D, 0xA3, 0x42, 0xD9, 0x22, 0x00, 0x00, 0x00,
        0xA6, 0x1A, 0x31, 0x17, 0x1B, 0x00, 0x00, 0x00, 0x25, 0x00, 0x00, 0x00, 0x0F, 0x00, 0x00, 0x00,
        0xD9, 0xF2, 0xCF, 0xAD, 0x2A, 0x00, 0x00, 0x00, 0x0B, 0xCE, 0x5B, 0x67, 0x1A, 0x00, 0x00, 0x00,
        0x79, 0xEB, 0x12, 0xA5, 0x22, 0x00, 0x00, 0x00, 0xCC, 0xDF, 0x38, 0x56, 0x23, 0x00, 0x00, 0x00,
        0x99, 0x28, 0xE6, 0x8F, 0x2E, 0x00, 0x00, 0x00, 0x6E, 0x26, 0x65, 0xB7, 0x22, 0x00, 0x00, 0x00,
        0x19, 0x02, 0x00, 0x00, 0x22, 0x00, 0x00, 0x00, 0x4F, 0xEE, 0xDB, 0xE3, 0x23, 0x00, 0x00, 0x00,
        0x12, 0x02, 0x00, 0x00, 0x22, 0x00, 0x00, 0x00, 0x3D, 0xA3, 0x42, 0xD9, 0x22, 0x00, 0x00, 0x00,
        0xA6, 0x1A, 0x31, 0x17, 0x1B, 0x00, 0x00, 0x00, 0x25, 0x00, 0x00, 0x00, 0x0E, 0x00, 0x00, 0x00,
        0x06, 0x00, 0x00, 0x00, 0x26, 0x00, 0x00, 0x00, 0x20, 0xA3, 0xB0, 0xFC, 0x6F, 0x00, 0x00, 0x00,
        0xA1, 0x5B, 0x32, 0x3A, 0x2A, 0x00, 0x00, 0x00, 0x81, 0x4B, 0x36, 0xA6, 0x1A, 0x00, 0x00, 0x00,
        0x5D, 0x0D, 0xEE, 0x0C, 0x22, 0x00, 0x00, 0x00, 0xCC, 0xDF, 0x38, 0x56, 0x23, 0x00, 0x00, 0x00,
        0x99, 0x28, 0xE6, 0x8F, 0x2E, 0x00, 0x00, 0x00, 0x75, 0x65, 0x32, 0x52, 0x1B, 0x00, 0x00, 0x00,
        0x25, 0x00, 0x00, 0x00, 0x0F, 0x00, 0x00, 0x00, 0x6F, 0x00, 0x00, 0x00, 0xA1, 0x5B, 0x32, 0x3A,
        0x2A, 0x00, 0x00, 0x00, 0xD9, 0x0D, 0xBB, 0x12, 0x1A, 0x00, 0x00, 0x00, 0x5D, 0x0D, 0xEE, 0x0C,
        0x22, 0x00, 0x00, 0x00, 0x56, 0x00, 0x00, 0x00, 0x1A, 0x00, 0x00, 0x00, 0xCC, 0xDF, 0x38, 0x56,
        0x23, 0x00, 0x00, 0x00, 0x99, 0x28, 0xE6, 0x8F, 0x2E, 0x00, 0x00, 0x00, 0x75, 0x65, 0x32, 0x52,
        0x22, 0x00, 0x00, 0x00, 0x19, 0x02, 0x00, 0x00, 0x22, 0x00, 0x00, 0x00, 0x19, 0x02, 0x00, 0x00,
        0x1B, 0x00, 0x00, 0x00, 0x1B, 0x00, 0x00, 0x00, 0x25, 0x00, 0x00, 0x00, 0x0E, 0x00, 0x00, 0x00,
        0xEC, 0x20, 0xBB, 0x34, 0x23, 0x00, 0x00, 0x00, 0x0F, 0x06, 0xAB, 0x2A, 0x2A, 0x00, 0x00, 0x00,
        0x3B, 0x00, 0x00, 0x00, 0x1A, 0x00, 0x00, 0x00, 0xEC, 0x20, 0xBB, 0x34, 0x23, 0x00, 0x00, 0x00,
        0x0F, 0x06, 0xAB, 0x2A, 0x22, 0x00, 0x00, 0x00, 0xA1, 0x5B, 0x32, 0x3A, 0x23, 0x00, 0x00, 0x00,
        0x67, 0xBA, 0x8E, 0xEB, 0x22, 0x00, 0x00, 0x00, 0xD9, 0xF2, 0xCF, 0xAD, 0x1B, 0x00, 0x00, 0x00,
        0x25, 0x00, 0x00, 0x00, 0x06, 0x00, 0x00, 0x00, 0x26, 0x00, 0x00, 0x00, 0x20, 0xA3, 0xB0, 0xFC,
        0x6C, 0x00, 0x00, 0x00, 0xDA, 0xFC, 0x0B, 0xF4, 0x2A, 0x00, 0x00, 0x00, 0xF2, 0x20, 0xAD, 0xB0,
        0x1A, 0x00, 0x00, 0x00, 0xB1, 0x26, 0x71, 0xD7, 0x22, 0x00, 0x00, 0x00, 0xCC, 0xDF, 0x38, 0x56,
        0x23, 0x00, 0x00, 0x00, 0x99, 0x28, 0xE6, 0x8F, 0x2E, 0x00, 0x00, 0x00, 0x75, 0x65, 0x32, 0x52,
        0x1B, 0x00, 0x00, 0x00, 0x25, 0x00, 0x00, 0x00, 0x0F, 0x00, 0x00, 0x00, 0x6C, 0x00, 0x00, 0x00,
        0xDA, 0xFC, 0x0B, 0xF4, 0x2A, 0x00, 0x00, 0x00, 0x66, 0x23, 0xD8, 0xA5, 0x1A, 0x00, 0x00, 0x00,
        0xB1, 0x26, 0x71, 0xD7, 0x22, 0x00, 0x00, 0x00, 0x56, 0x00, 0x00, 0x00, 0x1A, 0x00, 0x00, 0x00,
        0xCC, 0xDF, 0x38, 0x56, 0x23, 0x00, 0x00, 0x00, 0x99, 0x28, 0xE6, 0x8F, 0x2E, 0x00, 0x00, 0x00,
        0x75, 0x65, 0x32, 0x52, 0x22, 0x00, 0x00, 0x00, 0x19, 0x02, 0x00, 0x00, 0x22, 0x00, 0x00, 0x00,
        0x19, 0x02, 0x00, 0x00, 0x1B, 0x00, 0x00, 0x00, 0x1B, 0x00, 0x00, 0x00, 0x25, 0x00, 0x00, 0x00,
        0x0E, 0x00, 0x00, 0x00, 0xEC, 0x20, 0xBB, 0x34, 0x23, 0x00, 0x00, 0x00, 0xC6, 0x4D, 0xBA, 0x09,
        0x2A, 0x00, 0x00, 0x00, 0x3B, 0x00, 0x00, 0x00, 0x1A, 0x00, 0x00, 0x00, 0xEC, 0x20, 0xBB, 0x34,
        0x23, 0x00, 0x00, 0x00, 0xC6, 0x4D, 0xBA, 0x09, 0x22, 0x00, 0x00, 0x00, 0xDA, 0xFC, 0x0B, 0xF4,
        0x22, 0x00, 0x00, 0x00, 0xD9, 0xF2, 0xCF, 0xAD, 0x1B, 0x00, 0x00, 0x00, 0x25, 0x00, 0x00, 0x00,
        0xEC, 0x20, 0xBB, 0x34, 0x23, 0x00, 0x00, 0x00, 0xA1, 0xD4, 0xC1, 0x3D, 0x2A, 0x00, 0x00, 0x00,
        0x3B, 0x00, 0x00, 0x00, 0x1A, 0x00, 0x00, 0x00, 0xEC, 0x20, 0xBB, 0x34, 0x23, 0x00, 0x00, 0x00,
        0xA1, 0xD4, 0xC1, 0x3D, 0x22, 0x00, 0x00, 0x00, 0x4D, 0xB4, 0xD5, 0xF2, 0x22, 0x00, 0x00, 0x00,
        0xD9, 0xF2, 0xCF, 0xAD, 0x1B, 0x00, 0x00, 0x00, 0x25, 0x00, 0x00, 0x00, 0x6E, 0x00, 0x00, 0x00,
        0x98, 0xBC, 0x5F, 0xE0, 0x2A, 0x00, 0x00, 0x00, 0x83, 0x13, 0x0A, 0xB0, 0x1A, 0x00, 0x00, 0x00,
        0x94, 0xC9, 0xB1, 0x8A, 0x22, 0x00, 0x00, 0x00, 0xCC, 0xDF, 0x38, 0x56, 0x23, 0x00, 0x00, 0x00,
        0x99, 0x28, 0xE6, 0x8F, 0x2E, 0x00, 0x00, 0x00, 0x75, 0x65, 0x32, 0x52, 0x1B, 0x00, 0x00, 0x00,
        0x25, 0x00, 0x00, 0x00, 0x06, 0x00, 0x00, 0x00, 0x20, 0xA3, 0xB0, 0xFC, 0x8C, 0x00, 0x00, 0x00,
        0x55, 0x00, 0x00, 0x00, 0xA0, 0xD5, 0x3C, 0x97, 0x2A, 0x00, 0x00, 0x00, 0x28, 0x67, 0xF3, 0xED,
        0x25, 0x00, 0x00, 0x00, 0x8C, 0x00, 0x00, 0x00, 0x55, 0x00, 0x00, 0x00, 0x72, 0x10, 0xA4, 0xD6,
        0x2A, 0x00, 0x00, 0x00, 0x39, 0x14, 0x13, 0x57, 0x1A, 0x00, 0x00, 0x00, 0x55, 0x00, 0x00, 0x00,
        0x1A, 0x00, 0x00, 0x00, 0x1A, 0x02, 0x00, 0x00, 0x22, 0x00, 0x00, 0x00, 0x19, 0x02, 0x00, 0x00,
        0x22, 0x00, 0x00, 0x00, 0x19, 0x02, 0x00, 0x00, 0x1B, 0x00, 0x00, 0x00, 0x22, 0x00, 0x00, 0x00,
        0xA0, 0xD5, 0x3C, 0x97, 0x1B, 0x00, 0x00, 0x00, 0x25, 0x00, 0x00, 0x00, 0x8C, 0x00, 0x00, 0x00,
        0x55, 0x00, 0x00, 0x00, 0x12, 0xFB, 0xA4, 0xA4, 0x2A, 0x00, 0x00, 0x00, 0x39, 0x14, 0x13, 0x57,
        0x1A, 0x00, 0x00, 0x00, 0xA0, 0xD5, 0x3C, 0x97, 0x22, 0x00, 0x00, 0x00, 0x72, 0x10, 0xA4, 0xD6,
        0x1B, 0x00, 0x00, 0x00, 0x25, 0x00, 0x00, 0x00, 0x8C, 0x00, 0x00, 0x00, 0x5A, 0x00, 0x00, 0x00,
        0x74, 0x32, 0x8B, 0x1F, 0x2A, 0x00, 0x00, 0x00, 0x5A, 0x00, 0x00, 0x00, 0x1A, 0x00, 0x00, 0x00,
        0x12, 0xFB, 0xA4, 0xA4, 0x22, 0x00, 0x00, 0x00, 0x2C, 0x00, 0x00, 0x00, 0x72, 0x10, 0xA4, 0xD6,
        0x22, 0x00, 0x00, 0x00, 0xA0, 0xD5, 0x3C, 0x97, 0x1B, 0x00, 0x00, 0x00, 0x25, 0x00, 0x00, 0x00,
        0x98, 0xBC, 0x5F, 0xE0, 0x2A, 0x00, 0x00, 0x00, 0x30, 0x00, 0x00, 0x00, 0x1A, 0x00, 0x00, 0x00,
        0x98, 0xBC, 0x5F, 0xE0, 0x22, 0x00, 0x00, 0x00, 0x74, 0x32, 0x8B, 0x1F, 0x1B, 0x00, 0x00, 0x00,
        0x25, 0x00, 0x00, 0x00, 0x0E, 0x00, 0x00, 0x00, 0x28, 0x67, 0xF3, 0xED, 0x2A, 0x00, 0x00, 0x00,
        0x3B, 0x00, 0x00, 0x00, 0x1A, 0x00, 0x00, 0x00, 0x28, 0x67, 0xF3, 0xED, 0x22, 0x00, 0x00, 0x00,
        0x98, 0xBC, 0x5F, 0xE0, 0x22, 0x00, 0x00, 0x00, 0xD9, 0xF2, 0xCF, 0xAD, 0x1B, 0x00, 0x00, 0x00,
        0x25, 0x00, 0x00, 0x00, 0x0E, 0x00, 0x00, 0x00, 0x06, 0x00, 0x00, 0x00, 0xC0, 0xB9, 0x0D, 0x34,
        0xEC, 0x20, 0xBB, 0x34, 0x23, 0x00, 0x00, 0x00, 0xEB, 0xC3, 0x8D, 0x35, 0x2A, 0x00, 0x00, 0x00,
        0x4B, 0xC3, 0x52, 0xCE, 0x1A, 0x00, 0x00, 0x00, 0x30, 0x00, 0x00, 0x00, 0x1A, 0x00, 0x00, 0x00,
        0x28, 0x67, 0xF3, 0xED, 0x22, 0x00, 0x00, 0x00, 0xA7, 0x0D, 0xBB, 0x92, 0x1B, 0x00, 0x00, 0x00,
        0x1B, 0x00, 0x00, 0x00, 0x25, 0x00, 0x00, 0x00, 0xD9, 0xF2, 0xCF, 0xAD, 0x2A, 0x00, 0x00, 0x00,
        0x98, 0xE0, 0x83, 0xBE, 0x1A, 0x00, 0x00, 0x00, 0xEC, 0x20, 0xBB, 0x34, 0x23, 0x00, 0x00, 0x00,
        0xEB, 0xC3, 0x8D, 0x35, 0x1B, 0x00, 0x00, 0x00, 0x25, 0x00, 0x00, 0x00, 0x0E, 0x00, 0x00, 0x00,
        0x06, 0x00, 0x00, 0x00, 0x99, 0x8C, 0xB2, 0x0D, 0x5E, 0x00, 0x00, 0x00, 0x4D, 0xCD, 0x0B, 0x19,
        0x2A, 0x00, 0x00, 0x00, 0xC2, 0xE8, 0xF7, 0x2C, 0x1A, 0x00, 0x00, 0x00, 0x86, 0xDC, 0x54, 0xAE,
        0x23, 0x00, 0x00, 0x00, 0x99, 0x28, 0xE6, 0x8F, 0x1B, 0x00, 0x00, 0x00, 0x25, 0x00, 0x00, 0x00,
        0xEC, 0x20, 0xBB, 0x34, 0x23, 0x00, 0x00, 0x00, 0x0F, 0x06, 0xAB, 0x2A, 0x23, 0x00, 0x00, 0x00,
        0x67, 0xBA, 0x8E, 0xEB, 0x2A, 0x00, 0x00, 0x00, 0x1A, 0x00, 0x00, 0x00, 0x1D, 0x02, 0x00, 0x00,
        0x23, 0x00, 0x00, 0x00, 0x19, 0x02, 0x00, 0x00, 0x2E, 0x00, 0x00, 0x00, 0xEC, 0x20, 0xBB, 0x34,
        0x23, 0x00, 0x00, 0x00, 0x0F, 0x06, 0xAB, 0x2A, 0x23, 0x00, 0x00, 0x00, 0x67, 0xBA, 0x8E, 0xEB,
        0x2E, 0x00, 0x00, 0x00, 0x4D, 0xCD, 0x0B, 0x19, 0x23, 0x00, 0x00, 0x00, 0x67, 0xBA, 0x8E, 0xEB,
        0x1B, 0x00, 0x00, 0x00, 0x25, 0x00, 0x00, 0x00, 0x0E, 0x00, 0x00, 0x00, 0x06, 0x00, 0x00, 0x00,
        0xE7, 0x8D, 0xAA, 0x09, 0x6F, 0x00, 0x00, 0x00, 0x37, 0x58, 0x80, 0xFE, 0x2A, 0x00, 0x00, 0x00,
        0x1D, 0x8D, 0x5C, 0x50, 0x1A, 0x00, 0x00, 0x00, 0xFE, 0x8D, 0xC0, 0x87, 0x22, 0x00, 0x00, 0x00,
        0xCC, 0xDF, 0x38, 0x56, 0x23, 0x00, 0x00, 0x00, 0x99, 0x28, 0xE6, 0x8F, 0x2E, 0x00, 0x00, 0x00,
        0x6D, 0x00, 0x00, 0x00, 0x1A, 0x00, 0x00, 0x00, 0x9D, 0xCF, 0x2A, 0x6F, 0x22, 0x00, 0x00, 0x00,
        0x9D, 0xCF, 0x2A, 0x6F, 0x1B, 0x00, 0x00, 0x00, 0x1B, 0x00, 0x00, 0x00, 0x25, 0x00, 0x00, 0x00,
        0x6C, 0x00, 0x00, 0x00, 0x3F, 0xB1, 0x70, 0x15, 0x2A, 0x00, 0x00, 0x00, 0xC6, 0x79, 0x37, 0x76,
        0x2E, 0x00, 0x00, 0x00, 0x3B, 0x00, 0x00, 0x00, 0x1A, 0x00, 0x00, 0x00, 0x1A, 0x02, 0x00, 0x00,
        0x23, 0x00, 0x00, 0x00, 0x66, 0xCD, 0xF6, 0xDD, 0x22, 0x00, 0x00, 0x00, 0x37, 0x58, 0x80, 0xFE,
        0x23, 0x00, 0x00, 0x00, 0x16, 0x02, 0x00, 0x00, 0x22, 0x00, 0x00, 0x00, 0x24, 0x0B, 0x9F, 0xF4,
        0x1B, 0x00, 0x00, 0x00, 0x2E, 0x00, 0x00, 0x00, 0x1A, 0x00, 0x00, 0x00, 0x1A, 0x02, 0x00, 0x00,
        0x2C, 0x00, 0x00, 0x00, 0x4F, 0xEE, 0xDB, 0xE3, 0x23, 0x00, 0x00, 0x00, 0x16, 0x02, 0x00, 0x00,
        0x1B, 0x00, 0x00, 0x00, 0x25, 0x00, 0x00, 0x00, 0xEC, 0x20, 0xBB, 0x34, 0x23, 0x00, 0x00, 0x00,
        0x0F, 0x06, 0xAB, 0x2A, 0x2A, 0x00, 0x00, 0x00, 0x3B, 0x00, 0x00, 0x00, 0x1A, 0x00, 0x00, 0x00,
        0xEC, 0x20, 0xBB, 0x34, 0x23, 0x00, 0x00, 0x00, 0x0F, 0x06, 0xAB, 0x2A, 0x22, 0x00, 0x00, 0x00,
        0x37, 0x58, 0x80, 0xFE, 0x2E, 0x00, 0x00, 0x00, 0xDB, 0x6B, 0x1C, 0x33, 0x22, 0x00, 0x00, 0x00,
        0x3F, 0xB1, 0x70, 0x15, 0x1B, 0x00, 0x00, 0x00, 0x25, 0x00, 0x00, 0x00, 0xEC, 0x20, 0xBB, 0x34,
        0x23, 0x00, 0x00, 0x00, 0xA1, 0xD4, 0xC1, 0x3D, 0x2A, 0x00, 0x00, 0x00, 0x3B, 0x00, 0x00, 0x00,
        0x1A, 0x00, 0x00, 0x00, 0xEC, 0x20, 0xBB, 0x34, 0x23, 0x00, 0x00, 0x00, 0xA1, 0xD4, 0xC1, 0x3D,
        0x22, 0x00, 0x00, 0x00, 0xEC, 0x20, 0xBB, 0x34, 0x23, 0x00, 0x00, 0x00, 0xA1, 0xD4, 0xC1, 0x3D,
        0x2E, 0x00, 0x00, 0x00, 0x63, 0xAC, 0x40, 0x5B, 0x22, 0x00, 0x00, 0x00, 0x3F, 0xB1, 0x70, 0x15,
        0x1B, 0x00, 0x00, 0x00, 0x25, 0x00, 0x00, 0x00, 0x0E, 0x00, 0x00, 0x00, 0xEC, 0x20, 0xBB, 0x34,
        0x23, 0x00, 0x00, 0x00, 0x0F, 0x06, 0xAB, 0x2A, 0x2E, 0x00, 0x00, 0x00, 0x2A, 0x00, 0x00, 0x00,
        0x1B, 0x02, 0x00, 0x00, 0x23, 0x00, 0x00, 0x00, 0xE0, 0x2B, 0xD3, 0x76, 0x2E, 0x00, 0x00, 0x00,
        0x4F, 0xEE, 0xDB, 0xE3, 0x23, 0x00, 0x00, 0x00, 0x38, 0x98, 0x34, 0x21, 0x25, 0x00, 0x00, 0x00,
        0x06, 0x00, 0x00, 0x00, 0x01, 0x4E, 0x5D, 0x81, 0x10, 0x00, 0x00, 0x00, 0x10, 0x00, 0x00, 0x00,
        0x7B, 0x29, 0x94, 0x47, 0x6E, 0x00, 0x00, 0x00, 0xE4, 0xEC, 0x53, 0x01, 0x2A, 0x00, 0x00, 0x00,
        0x6E, 0x00, 0x00, 0x00, 0x1A, 0x00, 0x00, 0x00, 0x87, 0xEF, 0xE0, 0xA8, 0x22, 0x00, 0x00, 0x00,
        0xED, 0x3F, 0xF5, 0x76, 0x22, 0x00, 0x00, 0x00, 0x99, 0xF3, 0xB7, 0xDC, 0x1B, 0x00, 0x00, 0x00,
        0x25, 0x00, 0x00, 0x00, 0x6F, 0x6C, 0x82, 0x64, 0x1A, 0x00, 0x00, 0x00, 0xE4, 0xEC, 0x53, 0x01,
        0x22, 0x00, 0x00, 0x00, 0xFD, 0x37, 0xE9, 0x7E, 0x1B, 0x00, 0x00, 0x00, 0x25, 0x00, 0x00, 0x00,
        0x06, 0x00, 0x00, 0x00, 0x99, 0x8C, 0xB2, 0x0D, 0x11, 0x00, 0x00, 0x00, 0x11, 0x00, 0x00, 0x00,
        0x26, 0x00, 0x00, 0x00, 0x15, 0x19, 0xDA, 0xAE, 0x8C, 0x00, 0x00, 0x00, 0x6D, 0x00, 0x00, 0x00,
        0x7D, 0xCD, 0x0E, 0x6F, 0x2A, 0x00, 0x00, 0x00, 0x86, 0xDC, 0x54, 0xAE, 0x23, 0x00, 0x00, 0x00,
        0x99, 0x28, 0xE6, 0x8F, 0x2E, 0x00, 0x00, 0x00, 0x2E, 0xC4, 0xD2, 0x0A, 0x23, 0x00, 0x00, 0x00,
        0x99, 0x28, 0xE6, 0x8F, 0x25, 0x00, 0x00, 0x00, 0x0F, 0x00, 0x00, 0x00, 0x8C, 0x00, 0x00, 0x00,
        0x6D, 0x00, 0x00, 0x00, 0x7D, 0xCD, 0x0E, 0x6F, 0x2A, 0x00, 0x00, 0x00, 0xCC, 0xDF, 0x38, 0x56,
        0x23, 0x00, 0x00, 0x00, 0x99, 0x28, 0xE6, 0x8F, 0x2E, 0x00, 0x00, 0x00, 0x2E, 0xC4, 0xD2, 0x0A,
        0x23, 0x00, 0x00, 0x00, 0x99, 0x28, 0xE6, 0x8F, 0x25, 0x00, 0x00, 0x00, 0x0E, 0x00, 0x00, 0x00,
        0x06, 0x00, 0x00, 0x00, 0x7B, 0x29, 0x94, 0x47, 0x6F, 0x00, 0x00, 0x00, 0xD0, 0x2A, 0x71, 0x15,
        0x2A, 0x00, 0x00, 0x00, 0xE7, 0xF0, 0x66, 0x63, 0x1A, 0x00, 0x00, 0x00, 0x19, 0xFF, 0x31, 0x6C,
        0x22, 0x00, 0x00, 0x00, 0x7D, 0xCD, 0x0E, 0x6F, 0x22, 0x00, 0x00, 0x00, 0xCC, 0xDF, 0x38, 0x56,
        0x23, 0x00, 0x00, 0x00, 0x99, 0x28, 0xE6, 0x8F, 0x1B, 0x00, 0x00, 0x00, 0x2E, 0x00, 0x00, 0x00,
        0xE4, 0xEC, 0x53, 0x01, 0x23, 0x00, 0x00, 0x00, 0x1A, 0x34, 0x00, 0x9B, 0x25, 0x00, 0x00, 0x00,
        0x0F, 0x00, 0x00, 0x00, 0x6F, 0x00, 0x00, 0x00, 0xD0, 0x2A, 0x71, 0x15, 0x2A, 0x00, 0x00, 0x00,
        0x9C, 0xEE, 0xC6, 0xE9, 0x1A, 0x00, 0x00, 0x00, 0x19, 0xFF, 0x31, 0x6C, 0x22, 0x00, 0x00, 0x00,
        0x7D, 0xCD, 0x0E, 0x6F, 0x1B, 0x00, 0x00, 0x00, 0x2E, 0x00, 0x00, 0x00, 0xE4, 0xEC, 0x53, 0x01,
        0x23, 0x00, 0x00, 0x00, 0x1A, 0x34, 0x00, 0x9B, 0x25, 0x00, 0x00, 0x00, 0x0E, 0x00, 0x00, 0x00,
        0x06, 0x00, 0x00, 0x00, 0x97, 0x2B, 0x88, 0x0A, 0x10, 0x00, 0x00, 0x00, 0x10, 0x00, 0x00, 0x00,
        0xC0, 0xB9, 0x0D, 0x34, 0x6E, 0x00, 0x00, 0x00, 0xDC, 0x73, 0x2C, 0x71, 0x2A, 0x00, 0x00, 0x00,
        0x6E, 0x00, 0x00, 0x00, 0x1A, 0x00, 0x00, 0x00, 0xAA, 0x5C, 0xEA, 0xDA, 0x22, 0x00, 0x00, 0x00,
        0x49, 0xFE, 0x5D, 0x69, 0x22, 0x00, 0x00, 0x00, 0x5F, 0xA5, 0x1A, 0x99, 0x1B, 0x00, 0x00, 0x00,
        0x25, 0x00, 0x00, 0x00, 0x6F, 0x00, 0x00, 0x00, 0x10, 0xDB, 0x31, 0x2E, 0x2A, 0x00, 0x00, 0x00,
        0x19, 0x02, 0x00, 0x00, 0x25, 0x00, 0x00, 0x00, 0x6F, 0x6C, 0x82, 0x64, 0x1A, 0x00, 0x00, 0x00,
        0xDC, 0x73, 0x2C, 0x71, 0x22, 0x00, 0x00, 0x00, 0xFD, 0x37, 0xE9, 0x7E, 0x1B, 0x00, 0x00, 0x00,
        0x25, 0x00, 0x00, 0x00, 0x06, 0x00, 0x00, 0x00, 0x99, 0x8C, 0xB2, 0x0D, 0x11, 0x00, 0x00, 0x00,
        0x11, 0x00, 0x00, 0x00, 0x26, 0x00, 0x00, 0x00, 0x15, 0x19, 0xDA, 0xAE, 0x8C, 0x00, 0x00, 0x00,
        0x54, 0x00, 0x00, 0x00, 0x41, 0xBD, 0x0E, 0x34, 0x2A, 0x00, 0x00, 0x00, 0x86, 0xDC, 0x54, 0xAE,
        0x23, 0x00, 0x00, 0x00, 0x99, 0x28, 0xE6, 0x8F, 0x2E, 0x00, 0x00, 0x00, 0x09, 0x45, 0x12, 0xC7,
        0x23, 0x00, 0x00, 0x00, 0x99, 0x28, 0xE6, 0x8F, 0x25, 0x00, 0x00, 0x00, 0x0F, 0x00, 0x00, 0x00,
        0x8C, 0x00, 0x00, 0x00, 0x54, 0x00, 0x00, 0x00, 0x41, 0xBD, 0x0E, 0x34, 0x2A, 0x00, 0x00, 0x00,
        0xCC, 0xDF, 0x38, 0x56, 0x23, 0x00, 0x00, 0x00, 0x99, 0x28, 0xE6, 0x8F, 0x2E, 0x00, 0x00, 0x00,
        0x09, 0x45, 0x12, 0xC7, 0x23, 0x00, 0x00, 0x00, 0x99, 0x28, 0xE6, 0x8F, 0x25, 0x00, 0x00, 0x00,
        0x0E, 0x00, 0x00, 0x00, 0x06, 0x00, 0x00, 0x00, 0x7B, 0x29, 0x94, 0x47, 0x10, 0xDB, 0x31, 0x2E,
        0x2A, 0x00, 0x00, 0x00, 0xE7, 0xF0, 0x66, 0x63, 0x1A, 0x00, 0x00, 0x00, 0xD8, 0xC4, 0x53, 0x2C,
        0x22, 0x00, 0x00, 0x00, 0x41, 0xBD, 0x0E, 0x34, 0x22, 0x00, 0x00, 0x00, 0xCC, 0xDF, 0x38, 0x56,
        0x23, 0x00, 0x00, 0x00, 0x99, 0x28, 0xE6, 0x8F, 0x1B, 0x00, 0x00, 0x00, 0x2E, 0x00, 0x00, 0x00,
        0xDC, 0x73, 0x2C, 0x71, 0x23, 0x00, 0x00, 0x00, 0x1A, 0x34, 0x00, 0x9B, 0x25, 0x00, 0x00, 0x00,
        0x0F, 0x00, 0x00, 0x00, 0x10, 0xDB, 0x31, 0x2E, 0x2A, 0x00, 0x00, 0x00, 0x9C, 0xEE, 0xC6, 0xE9,
        0x1A, 0x00, 0x00, 0x00, 0xD8, 0xC4, 0x53, 0x2C, 0x22, 0x00, 0x00, 0x00, 0x41, 0xBD, 0x0E, 0x34,
        0x1B, 0x00, 0x00, 0x00, 0x2E, 0x00, 0x00, 0x00, 0xDC, 0x73, 0x2C, 0x71, 0x23, 0x00, 0x00, 0x00,
        0x1A, 0x34, 0x00, 0x9B, 0x25, 0x00, 0x00, 0x00, 0x0E, 0x00, 0x00, 0x00, 0xD0, 0x2A, 0x71, 0x15,
        0x2A, 0x00, 0x00, 0x00, 0x3B, 0x00, 0x00, 0x00, 0x1A, 0x00, 0x00, 0x00, 0xD0, 0x2A, 0x71, 0x15,
        0x22, 0x00, 0x00, 0x00, 0x10, 0xDB, 0x31, 0x2E, 0x22, 0x00, 0x00, 0x00, 0xD9, 0xF2, 0xCF, 0xAD,
        0x1B, 0x00, 0x00, 0x00, 0x25, 0x00, 0x00, 0x00, 0x0E, 0x00, 0x00, 0x00, 0x06, 0x00, 0x00, 0x00,
        0x4D, 0x29, 0x7B, 0x89, 0xD0, 0x2A, 0x71, 0x15, 0x2E, 0x00, 0x00, 0x00, 0x2A, 0x00, 0x00, 0x00,
        0x24, 0x45, 0x4F, 0xAB, 0x1A, 0x00, 0x00, 0x00, 0xBC, 0xCA, 0x20, 0xF1, 0x22, 0x00, 0x00, 0x00,
        0xCC, 0xDF, 0x38, 0x56, 0x23, 0x00, 0x00, 0x00, 0x99, 0x28, 0xE6, 0x8F, 0x1B, 0x00, 0x00, 0x00,
        0x25, 0x00, 0x00, 0x00, 0x0E, 0x00, 0x00, 0x00, 0x06, 0x00, 0x00, 0x00, 0x86, 0x08, 0xE0, 0x28,
        0xD1, 0x09, 0x0B, 0x9F, 0x1A, 0x00, 0x00, 0x00, 0xD0, 0x2A, 0x71, 0x15, 0x22, 0x00, 0x00, 0x00,
        0xFC, 0xB6, 0xB2, 0x3C, 0x1B, 0x00, 0x00, 0x00, 0x25, 0x00, 0x00, 0x00, 0x0E, 0x00, 0x00, 0x00,
        0x28, 0x67, 0xF3, 0xED, 0x23, 0x00, 0x00, 0x00, 0x99, 0x28, 0xE6, 0x8F, 0x2B, 0x00, 0x00, 0x00,
        0x2A, 0x00, 0x00, 0x00, 0xD0, 0x2A, 0x71, 0x15, 0x23, 0x00, 0x00, 0x00, 0x99, 0x28, 0xE6, 0x8F,
        0x25, 0x00, 0x00, 0x00, 0xEC, 0x20, 0xBB, 0x34, 0x23, 0x00, 0x00, 0x00, 0xC6, 0x4D, 0xBA, 0x09,
        0x2B, 0x00, 0x00, 0x00, 0x2A, 0x00, 0x00, 0x00, 0xEC, 0x20, 0xBB, 0x34, 0x23, 0x00, 0x00, 0x00,
        0xC6, 0x4D, 0xBA, 0x09, 0x2E, 0x00, 0x00, 0x00, 0xD0, 0x2A, 0x71, 0x15, 0x23, 0x00, 0x00, 0x00,
        0x12, 0x02, 0x00, 0x00, 0x25, 0x00, 0x00, 0x00, 0xEC, 0x20, 0xBB, 0x34, 0x23, 0x00, 0x00, 0x00,
        0x0F, 0x06, 0xAB, 0x2A, 0x2B, 0x00, 0x00, 0x00, 0x2A, 0x00, 0x00, 0x00, 0xEC, 0x20, 0xBB, 0x34,
        0x23, 0x00, 0x00, 0x00, 0x0F, 0x06, 0xAB, 0x2A, 0x2E, 0x00, 0x00, 0x00, 0xD0, 0x2A, 0x71, 0x15,
        0x23, 0x00, 0x00, 0x00, 0x11, 0x02, 0x00, 0x00, 0x25, 0x00, 0x00, 0x00, 0x0E, 0x00, 0x00, 0x00,
        0xEC, 0x20, 0xBB, 0x34, 0x23, 0x00, 0x00, 0x00, 0xEB, 0xC3, 0x8D, 0x35, 0x2A, 0x00, 0x00, 0x00,
        0x4B, 0xC3, 0x52, 0xCE, 0x1A, 0x00, 0x00, 0x00, 0xA7, 0x0D, 0xBB, 0x92, 0x1C, 0x00, 0x00, 0x00,
        0x1B, 0x02, 0x00, 0x00, 0x1D, 0x00, 0x00, 0x00, 0x2B, 0x00, 0x00, 0x00, 0x9A, 0x80, 0x5C, 0xBA,
        0x2C, 0x00, 0x00, 0x00, 0x1F, 0x02, 0x00, 0x00, 0x1B, 0x00, 0x00, 0x00, 0x25, 0x00, 0x00, 0x00,
        0x06, 0x00, 0x00, 0x00, 0xE8, 0xCB, 0xE9, 0x1F, 0x10, 0x00, 0x00, 0x00, 0x10, 0x00, 0x00, 0x00,
        0xB1, 0x6D, 0x38, 0x5D, 0x10, 0x00, 0x00, 0x00, 0x10, 0x00, 0x00, 0x00, 0x01, 0x4E, 0x5D, 0x81,
        0xEC, 0x20, 0xBB, 0x34, 0x23, 0x00, 0x00, 0x00, 0xEB, 0xC3, 0x8D, 0x35, 0x2A, 0x00, 0x00, 0x00,
        0x4B, 0xC3, 0x52, 0xCE, 0x1A, 0x00, 0x00, 0x00, 0x30, 0x00, 0x00, 0x00, 0x1A, 0x00, 0x00, 0x00,
        0x28, 0x67, 0xF3, 0xED, 0x22, 0x00, 0x00, 0x00, 0xA7, 0x0D, 0xBB, 0x92, 0x1B, 0x00, 0x00, 0x00,
        0x1B, 0x00, 0x00, 0x00, 0x25, 0x00, 0x00, 0x00, 0x0E, 0x00, 0x00, 0x00, 0x06, 0x00, 0x00, 0x00,
        0x86, 0x08, 0xE0, 0x28, 0x61, 0x2E, 0x16, 0x87, 0x1A, 0x00, 0x00, 0x00, 0xEC, 0x20, 0xBB, 0x34,
        0x23, 0x00, 0x00, 0x00, 0x0F, 0x06, 0xAB, 0x2A, 0x22, 0x00, 0x00, 0x00, 0xEC, 0x20, 0xBB, 0x34,
        0x23, 0x00, 0x00, 0x00, 0xA1, 0xD4, 0xC1, 0x3D, 0x22, 0x00, 0x00, 0x00, 0xEC, 0x20, 0xBB, 0x34,
        0x23, 0x00, 0x00, 0x00, 0xC6, 0x4D, 0xBA, 0x09, 0x22, 0x00, 0x00, 0x00, 0xFC, 0xB6, 0xB2, 0x3C,
        0x22, 0x00, 0x00, 0x00, 0xCC, 0xDF, 0x38, 0x56, 0x1B, 0x00, 0x00, 0x00, 0x25, 0x00, 0x00, 0x00,
        0x0E, 0x00, 0x00, 0x00, 0x06, 0x00, 0x00, 0x00, 0xC0, 0xB9, 0x0D, 0x34, 0xB9, 0x60, 0x1C, 0xDA,
        0x1A, 0x00, 0x00, 0x00, 0x28, 0x67, 0xF3, 0xED, 0x22, 0x00, 0x00, 0x00, 0xD9, 0xF2, 0xCF, 0xAD,
        0x22, 0x00, 0x00, 0x00, 0xCC, 0xDF, 0x38, 0x56, 0x23, 0x00, 0x00, 0x00, 0x99, 0x28, 0xE6, 0x8F,
        0x1B, 0x00, 0x00, 0x00, 0x25, 0x00, 0x00, 0x00, 0xEC, 0x20, 0xBB, 0x34, 0x23, 0x00, 0x00, 0x00,
        0xEB, 0xC3, 0x8D, 0x35, 0x2A, 0x00, 0x00, 0x00, 0x4B, 0xC3, 0x52, 0xCE, 0x1A, 0x00, 0x00, 0x00,
        0x30, 0x00, 0x00, 0x00, 0x1A, 0x00, 0x00, 0x00, 0x28, 0x67, 0xF3, 0xED, 0x22, 0x00, 0x00, 0x00,
        0xA7, 0x0D, 0xBB, 0x92, 0x1B, 0x00, 0x00, 0x00, 0x1B, 0x00, 0x00, 0x00, 0x25, 0x00, 0x00, 0x00,
        0x64, 0x0B, 0x9E, 0xD6, 0x1A, 0x00, 0x00, 0x00, 0xEC, 0x20, 0xBB, 0x34, 0x23, 0x00, 0x00, 0x00,
        0x0F, 0x06, 0xAB, 0x2A, 0x22, 0x00, 0x00, 0x00, 0xD9, 0xF2, 0xCF, 0xAD, 0x22, 0x00, 0x00, 0x00,
        0xCC, 0xDF, 0x38, 0x56, 0x23, 0x00, 0x00, 0x00, 0x99, 0x28, 0xE6, 0x8F, 0x1B, 0x00, 0x00, 0x00,
        0x25, 0x00, 0x00, 0x00, 0x0E, 0x00, 0x00, 0x00, 0xEC, 0x20, 0xBB, 0x34, 0x23, 0x00, 0x00, 0x00,
        0x0F, 0x06, 0xAB, 0x2A, 0x2E, 0x00, 0x00, 0x00, 0x2A, 0x00, 0x00, 0x00, 0x05, 0xA1, 0xD0, 0xE9,
        0x23, 0x00, 0x00, 0x00, 0x38, 0x98, 0x34, 0x21, 0x25, 0x00, 0x00, 0x00, 0x1F, 0x00, 0x00, 0x00,
        0x53, 0x00, 0x00, 0x00, 0x5D, 0x02, 0x00, 0x00, 0x1A, 0x00, 0x00, 0x00, 0x56, 0x00, 0x00, 0x00,
        0xCC, 0xDF, 0x38, 0x56, 0x22, 0x00, 0x00, 0x00, 0x6C, 0x00, 0x00, 0x00, 0xCC, 0x9F, 0x6D, 0x55,
        0x1B, 0x00, 0x00, 0x00, 0x1E, 0x00, 0x00, 0x00, 0x6C, 0x00, 0x00, 0x00, 0x6A, 0x39, 0xE0, 0xD0,
        0x2A, 0x00, 0x00, 0x00, 0x05, 0xA1, 0xD0, 0xE9, 0x23, 0x00, 0x00, 0x00, 0x12, 0x02, 0x00, 0x00,
        0x25, 0x00, 0x00, 0x00, 0x06, 0x00, 0x00, 0x00, 0x26, 0x00, 0x00, 0x00, 0x20, 0xA3, 0xB0, 0xFC,
        0x6A, 0x39, 0xE0, 0xD0, 0x2E, 0x00, 0x00, 0x00, 0x2A, 0x00, 0x00, 0x00, 0x02, 0x4A, 0x77, 0x6C,
        0x1A, 0x00, 0x00, 0x00, 0xBC, 0xCA, 0x20, 0xF1, 0x22, 0x00, 0x00, 0x00, 0xCC, 0xDF, 0x38, 0x56,
        0x23, 0x00, 0x00, 0x00, 0x99, 0x28, 0xE6, 0x8F, 0x1B, 0x00, 0x00, 0x00, 0x23, 0x00, 0x00, 0x00,
        0x12, 0x02, 0x00, 0x00, 0x25, 0x00, 0x00, 0x00, 0x0F, 0x00, 0x00, 0x00, 0x6A, 0x39, 0xE0, 0xD0,
        0x2E, 0x00, 0x00, 0x00, 0x2A, 0x00, 0x00, 0x00, 0x02, 0x4A, 0x77, 0x6C, 0x1A, 0x00, 0x00, 0x00,
        0xBC, 0xCA, 0x20, 0xF1, 0x22, 0x00, 0x00, 0x00, 0x56, 0x00, 0x00, 0x00, 0x1A, 0x00, 0x00, 0x00,
        0xCC, 0xDF, 0x38, 0x56, 0x23, 0x00, 0x00, 0x00, 0x99, 0x28, 0xE6, 0x8F, 0x22, 0x00, 0x00, 0x00,
        0x19, 0x02, 0x00, 0x00, 0x22, 0x00, 0x00, 0x00, 0x19, 0x02, 0x00, 0x00, 0x1B, 0x00, 0x00, 0x00,
        0x1B, 0x00, 0x00, 0x00, 0x23, 0x00, 0x00, 0x00, 0x12, 0x02, 0x00, 0x00, 0x25, 0x00, 0x00, 0x00,
        0x0E, 0x00, 0x00, 0x00, 0x6A, 0x39, 0xE0, 0xD0, 0x2E, 0x00, 0x00, 0x00, 0x2A, 0x00, 0x00, 0x00,
        0xCC, 0x9F, 0x6D, 0x55, 0x25, 0x00, 0x00, 0x00, 0x06, 0x00, 0x00, 0x00, 0xC6, 0x23, 0xCE, 0x03,
        0x06, 0x00, 0x00, 0x00, 0x26, 0x00, 0x00, 0x00, 0xE7, 0x8D, 0xAA, 0x09, 0x6A, 0x39, 0xE0, 0xD0,
        0x2A, 0x00, 0x00, 0x00, 0x06, 0xCE, 0x15, 0x35, 0x1A, 0x00, 0x00, 0x00, 0xB5, 0x22, 0xB4, 0x87,
        0x1A, 0x00, 0x00, 0x00, 0x6A, 0x39, 0xE0, 0xD0, 0x2E, 0x00, 0x00, 0x00, 0x1A, 0x61, 0x6B, 0xD8,
        0x22, 0x00, 0x00, 0x00, 0xE0, 0x25, 0x03, 0x82, 0x1B, 0x00, 0x00, 0x00, 0x1B, 0x00, 0x00, 0x00,
        0x25, 0x00, 0x00, 0x00, 0x0E, 0x00, 0x00, 0x00, 0x0E, 0x00, 0x00, 0x00, 0x09, 0x00, 0x00, 0x00,
        0xB6, 0xBF, 0x2C, 0x2B, 0x6A, 0x39, 0xE0, 0xD0, 0x2E, 0x00, 0x00, 0x00, 0x2A, 0x00, 0x00, 0x00,
        0xEA, 0x50, 0x77, 0x23, 0x23, 0x00, 0x00, 0x00, 0x19, 0x02, 0x00, 0x00, 0x2D, 0x00, 0x00, 0x00,
        0x4D, 0x17, 0x58, 0x10, 0x23, 0x00, 0x00, 0x00, 0x19, 0x02, 0x00, 0x00, 0x25, 0x00, 0x00, 0x00,
        0x0E, 0x00, 0x00, 0x00, 0xD8, 0x00, 0x00, 0x00, 0x6A, 0x39, 0xE0, 0xD0, 0x25, 0x00, 0x00, 0x00,
        0x1F, 0x00, 0x00, 0x00, 0x6E, 0x00, 0x00, 0x00, 0x72, 0x73, 0x0E, 0x34, 0x1A, 0x00, 0x00, 0x00,
        0x54, 0x00, 0x00, 0x00, 0xCC, 0xDF, 0x38, 0x56, 0x1B, 0x00, 0x00, 0x00, 0x1E, 0x00, 0x00, 0x00,
        0x06, 0x00, 0x00, 0x00, 0x1A, 0x00, 0x00, 0x00, 0x97, 0x2B, 0x88, 0x0A, 0x10, 0x00, 0x00, 0x00,
        0x10, 0x00, 0x00, 0x00, 0xC0, 0xB9, 0x0D, 0x34, 0x1B, 0x00, 0x00, 0x00, 0x11, 0x00, 0x00, 0x00,
        0x11, 0x00, 0x00, 0x00, 0x1A, 0x00, 0x00, 0x00, 0x01, 0x4E, 0x5D, 0x81, 0x10, 0x00, 0x00, 0x00,
        0x10, 0x00, 0x00, 0x00, 0x7B, 0x29, 0x94, 0x47, 0x1B, 0x00, 0x00, 0x00, 0xD8, 0x00, 0x00, 0x00,
        0x6E, 0x00, 0x00, 0x00, 0x1A, 0x00, 0x00, 0x00, 0x1A, 0x02, 0x00, 0x00, 0x22, 0x00, 0x00, 0x00,
        0x1A, 0x02, 0x00, 0x00, 0x22, 0x00, 0x00, 0x00, 0x1A, 0x02, 0x00, 0x00, 0x1B, 0x00, 0x00, 0x00,
        0x25, 0x00, 0x00, 0x00, 0x0F, 0x00, 0x00, 0x00, 0x6F, 0x00, 0x00, 0x00, 0xDF, 0x32, 0x37, 0x61,
        0x2A, 0x00, 0x00, 0x00, 0x57, 0x7A, 0x89, 0x8F, 0x1A, 0x00, 0x00, 0x00, 0x16, 0xE7, 0x77, 0x18,
        0x22, 0x00, 0x00, 0x00, 0xCC, 0xDF, 0x38, 0x56, 0x23, 0x00, 0x00, 0x00, 0x99, 0x28, 0xE6, 0x8F,
        0x1B, 0x00, 0x00, 0x00, 0x25, 0x00, 0x00, 0x00, 0xDF, 0x32, 0x37, 0x61, 0x23, 0x00, 0x00, 0x00,
        0x38, 0x98, 0x34, 0x21, 0x2E, 0x00, 0x00, 0x00, 0x2A, 0x00, 0x00, 0x00, 0xB5, 0x22, 0xB4, 0x87,
        0x1A, 0x00, 0x00, 0x00, 0x3F, 0x00, 0x00, 0x00, 0x1A, 0x00, 0x00, 0x00, 0x0B, 0x89, 0x5A, 0x6C,
        0x1A, 0x00, 0x00, 0x00, 0xDF, 0x32, 0x37, 0x61, 0x23, 0x00, 0x00, 0x00, 0x38, 0x98, 0x34, 0x21,
        0x1B, 0x00, 0x00, 0x00, 0x22, 0x00, 0x00, 0x00, 0x6C, 0x00, 0x00, 0x00, 0x1A, 0x00, 0x00, 0x00,
        0x9A, 0x80, 0x5C, 0xBA, 0x2C, 0x00, 0x00, 0x00, 0x1D, 0x02, 0x00, 0x00, 0x1B, 0x00, 0x00, 0x00,
        0x1B, 0x00, 0x00, 0x00, 0x22, 0x00, 0x00, 0x00, 0x6C, 0x00, 0x00, 0x00, 0x1A, 0x00, 0x00, 0x00,
        0xDE, 0xBC, 0x64, 0x27, 0x2C, 0x00, 0x00, 0x00, 0x1A, 0x02, 0x00, 0x00, 0x1B, 0x00, 0x00, 0x00,
        0x1B, 0x00, 0x00, 0x00, 0x2E, 0x00, 0x00, 0x00, 0xDF, 0x32, 0x37, 0x61, 0x23, 0x00, 0x00, 0x00,
        0x16, 0x02, 0x00, 0x00, 0x25, 0x00, 0x00, 0x00, 0xD8, 0x00, 0x00, 0x00, 0xDF, 0x32, 0x37, 0x61,
        0x23, 0x00, 0x00, 0x00, 0x38, 0x98, 0x34, 0x21, 0x25, 0x00, 0x00, 0x00, 0x0E, 0x00, 0x00, 0x00,
        0x1F, 0x00, 0x00, 0x00, 0xEE, 0xD9, 0x7B, 0xD2, 0x9D, 0xE3, 0x9A, 0x05, 0x1A, 0x00, 0x00, 0x00,
        0x4E, 0x8E, 0xEC, 0x5F, 0x54, 0x26, 0xCF, 0x09, 0xEC, 0x20, 0xBB, 0x34, 0x22, 0x00, 0x00, 0x00,
        0x4E, 0x8E, 0xEC, 0x5F, 0xF7, 0x79, 0x13, 0xA8, 0xF7, 0x5C, 0x1A, 0x6B, 0x22, 0x00, 0x00, 0x00,
        0x99, 0x6D, 0xEA, 0xB9, 0x55, 0x00, 0x00, 0x00, 0x4D, 0xC5, 0xF2, 0x37, 0x22, 0x00, 0x00, 0x00,
        0x99, 0x6D, 0xEA, 0xB9, 0x55, 0x00, 0x00, 0x00, 0x03, 0x8A, 0xAF, 0xFD, 0x1B, 0x00, 0x00, 0x00,
        0x1E, 0x00, 0x00, 0x00, 0x55, 0x00, 0x00, 0x00, 0xE7, 0xF9, 0x15, 0x3E, 0x2A, 0x00, 0x00, 0x00,
        0x4B, 0xC3, 0x52, 0xCE, 0x1A, 0x00, 0x00, 0x00, 0x2C, 0x00, 0x00, 0x00, 0xEC, 0x20, 0xBB, 0x34,
        0x23, 0x00, 0x00, 0x00, 0x60, 0x54, 0xF0, 0x57, 0x1B, 0x00, 0x00, 0x00, 0x25, 0x00, 0x00, 0x00,
        0x53, 0x00, 0x00, 0x00, 0x35, 0x4C, 0x17, 0xE2, 0x2A, 0x00, 0x00, 0x00, 0x06, 0xCE, 0x15, 0x35,
        0x1A, 0x00, 0x00, 0x00, 0x2F, 0x00, 0x00, 0x00, 0x1A, 0x00, 0x00, 0x00, 0xEC, 0x20, 0xBB, 0x34,
        0x23, 0x00, 0x00, 0x00, 0xE4, 0x68, 0x85, 0x21, 0x22, 0x00, 0x00, 0x00, 0xF7, 0x5C, 0x1A, 0x6B,
        0x23, 0x00, 0x00, 0x00, 0x0C, 0xAA, 0xA6, 0x00, 0x1B, 0x00, 0x00, 0x00, 0x1B, 0x00, 0x00, 0x00,
        0x25, 0x00, 0x00, 0x00, 0x09, 0x00, 0x00, 0x00, 0x60, 0x52, 0x8A, 0xA9, 0x7C, 0x06, 0x37, 0x51,
        0x1A, 0x00, 0x00, 0x00, 0xF7, 0x5C, 0x1A, 0x6B, 0x23, 0x00, 0x00, 0x00, 0x29, 0x57, 0xDE, 0x8C,
        0x2A, 0x00, 0x00, 0x00, 0x2A, 0x00, 0x00, 0x00, 0x9A, 0xED, 0x4A, 0x2E, 0x10, 0x00, 0x00, 0x00,
        0x10, 0x00, 0x00, 0x00, 0xF7, 0x5C, 0x1A, 0x6B, 0x23, 0x00, 0x00, 0x00, 0x29, 0x57, 0xDE, 0x8C,
        0x2A, 0x00, 0x00, 0x00, 0x2A, 0x00, 0x00, 0x00, 0xA0, 0x7E, 0x06, 0x96, 0x1B, 0x00, 0x00, 0x00,
        0x1E, 0x00, 0x00, 0x00, 0x4F, 0xA7, 0xD2, 0xCC, 0x1A, 0x00, 0x00, 0x00, 0xEC, 0x20, 0xBB, 0x34,
        0x23, 0x00, 0x00, 0x00, 0xE4, 0x68, 0x85, 0x21, 0x22, 0x00, 0x00, 0x00, 0x2C, 0x00, 0x00, 0x00,
        0x4B, 0xC3, 0x52, 0xCE, 0x1A, 0x00, 0x00, 0x00, 0xEC, 0x20, 0xBB, 0x34, 0x23, 0x00, 0x00, 0x00,
        0x71, 0x0F, 0xBE, 0x64, 0x23, 0x00, 0x00, 0x00, 0xF5, 0xE4, 0x2C, 0x46, 0x1B, 0x00, 0x00, 0x00,
        0x22, 0x00, 0x00, 0x00, 0xEC, 0x20, 0xBB, 0x34, 0x23, 0x00, 0x00, 0x00, 0x16, 0x4E, 0xE7, 0x46,
        0x22, 0x00, 0x00, 0x00, 0xEC, 0x20, 0xBB, 0x34, 0x23, 0x00, 0x00, 0x00, 0x76, 0x5B, 0x5D, 0xBB,
        0x22, 0x00, 0x00, 0x00, 0xEC, 0x20, 0xBB, 0x34, 0x23, 0x00, 0x00, 0x00, 0x71, 0x0F, 0xBE, 0x64,
        0x22, 0x00, 0x00, 0x00, 0xDC, 0xD3, 0x9A, 0xC6, 0x22, 0x00, 0x00, 0x00, 0x4D, 0xC5, 0xF2, 0x37,
        0x22, 0x00, 0x00, 0x00, 0x03, 0x8A, 0xAF, 0xFD, 0x1B, 0x00, 0x00, 0x00, 0x25, 0x00, 0x00, 0x00,
        0x1F, 0x00, 0x00, 0x00, 0x8B, 0x55, 0xBB, 0x55, 0x0E, 0x00, 0x00, 0x00, 0x7C, 0x06, 0x37, 0x51,
        0x1A, 0x00, 0x00, 0x00, 0xF7, 0x5C, 0x1A, 0x6B, 0x23, 0x00, 0x00, 0x00, 0x29, 0x57, 0xDE, 0x8C,
        0x2A, 0x00, 0x00, 0x00, 0x2A, 0x00, 0x00, 0x00, 0x15, 0x4E, 0x0B, 0xE5, 0x1B, 0x00, 0x00, 0x00,
        0x1E, 0x00, 0x00, 0x00, 0x8C, 0x00, 0x00, 0x00, 0x55, 0x00, 0x00, 0x00, 0x6C, 0xAD, 0x7A, 0x9F,
        0x2A, 0x00, 0x00, 0x00, 0x1A, 0x35, 0x5F, 0x6F, 0x1A, 0x00, 0x00, 0x00, 0xEC, 0x20, 0xBB, 0x34,
        0x23, 0x00, 0x00, 0x00, 0xE4, 0x68, 0x85, 0x21, 0x22, 0x00, 0x00, 0x00, 0xE7, 0xF9, 0x15, 0x3E,
        0x22, 0x00, 0x00, 0x00, 0xF7, 0x5C, 0x1A, 0x6B, 0x23, 0x00, 0x00, 0x00, 0x0C, 0xAA, 0xA6, 0x00,
        0x1B, 0x00, 0x00, 0x00, 0x25, 0x00, 0x00, 0x00, 0x4D, 0xC5, 0xF2, 0x37, 0x23, 0x00, 0x00, 0x00,
        0x0F, 0x02, 0x00, 0x00, 0x2A, 0x00, 0x00, 0x00, 0x3B, 0xD9, 0xA2, 0x2E, 0x1A, 0x00, 0x00, 0x00,
        0xEC, 0x20, 0xBB, 0x34, 0x23, 0x00, 0x00, 0x00, 0xE4, 0x68, 0x85, 0x21, 0x22, 0x00, 0x00, 0x00,
        0xE7, 0xF9, 0x15, 0x3E, 0x22, 0x00, 0x00, 0x00, 0xF7, 0x5C, 0x1A, 0x6B, 0x23, 0x00, 0x00, 0x00,
        0x0C, 0xAA, 0xA6, 0x00, 0x22, 0x00, 0x00, 0x00, 0xEC, 0x20, 0xBB, 0x34, 0x23, 0x00, 0x00, 0x00,
        0x16, 0x4E, 0xE7, 0x46, 0x22, 0x00, 0x00, 0x00, 0x35, 0x4C, 0x17, 0xE2, 0x1B, 0x00, 0x00, 0x00,
        0x25, 0x00, 0x00, 0x00, 0x03, 0x8A, 0xAF, 0xFD, 0x2A, 0x00, 0x00, 0x00, 0xCC, 0xBC, 0xA1, 0x21,
        0x1A, 0x00, 0x00, 0x00, 0xEC, 0x20, 0xBB, 0x34, 0x23, 0x00, 0x00, 0x00, 0xE4, 0x68, 0x85, 0x21,
        0x22, 0x00, 0x00, 0x00, 0xE7, 0xF9, 0x15, 0x3E, 0x22, 0x00, 0x00, 0x00, 0x6C, 0xAD, 0x7A, 0x9F,
        0x22, 0x00, 0x00, 0x00, 0xEC, 0x20, 0xBB, 0x34, 0x23, 0x00, 0x00, 0x00, 0x16, 0x4E, 0xE7, 0x46,
        0x22, 0x00, 0x00, 0x00, 0xEC, 0x20, 0xBB, 0x34, 0x23, 0x00, 0x00, 0x00, 0x76, 0x5B, 0x5D, 0xBB,
        0x1B, 0x00, 0x00, 0x00, 0x2E, 0x00, 0x00, 0x00, 0x35, 0x4C, 0x17, 0xE2, 0x25, 0x00, 0x00, 0x00,
        0x1F, 0x00, 0x00, 0x00, 0x8B, 0x55, 0xBB, 0x55, 0x1E, 0x00, 0x00, 0x00, 0x4D, 0xC5, 0xF2, 0x37,
        0x23, 0x00, 0x00, 0x00, 0x0F, 0x02, 0x00, 0x00, 0x2A, 0x00, 0x00, 0x00, 0x3B, 0xD9, 0xA2, 0x2E,
        0x1A, 0x00, 0x00, 0x00, 0xEC, 0x20, 0xBB, 0x34, 0x23, 0x00, 0x00, 0x00, 0xE4, 0x68, 0x85, 0x21,
        0x22, 0x00, 0x00, 0x00, 0xE7, 0xF9, 0x15, 0x3E, 0x22, 0x00, 0x00, 0x00, 0xF7, 0x5C, 0x1A, 0x6B,
        0x23, 0x00, 0x00, 0x00, 0x0C, 0xAA, 0xA6, 0x00, 0x22, 0x00, 0x00, 0x00, 0xEC, 0x20, 0xBB, 0x34,
        0x23, 0x00, 0x00, 0x00, 0x16, 0x4E, 0xE7, 0x46, 0x22, 0x00, 0x00, 0x00, 0x35, 0x4C, 0x17, 0xE2,
        0x1B, 0x00, 0x00, 0x00, 0x25, 0x00, 0x00, 0x00, 0x03, 0x8A, 0xAF, 0xFD, 0x2A, 0x00, 0x00, 0x00,
        0xCC, 0xBC, 0xA1, 0x21, 0x1A, 0x00, 0x00, 0x00, 0xEC, 0x20, 0xBB, 0x34, 0x23, 0x00, 0x00, 0x00,
        0xE4, 0x68, 0x85, 0x21, 0x22, 0x00, 0x00, 0x00, 0xE7, 0xF9, 0x15, 0x3E, 0x22, 0x00, 0x00, 0x00,
        0xF7, 0x5C, 0x1A, 0x6B, 0x23, 0x00, 0x00, 0x00, 0x0C, 0xAA, 0xA6, 0x00, 0x22, 0x00, 0x00, 0x00,
        0xEC, 0x20, 0xBB, 0x34, 0x23, 0x00, 0x00, 0x00, 0x16, 0x4E, 0xE7, 0x46, 0x22, 0x00, 0x00, 0x00,
        0xEC, 0x20, 0xBB, 0x34, 0x23, 0x00, 0x00, 0x00, 0x76, 0x5B, 0x5D, 0xBB, 0x1B, 0x00, 0x00, 0x00,
        0x2E, 0x00, 0x00, 0x00, 0x35, 0x4C, 0x17, 0xE2, 0x25, 0x00, 0x00, 0x00, 0x4D, 0xC5, 0xF2, 0x37,
        0x23, 0x00, 0x00, 0x00, 0x0F, 0x02, 0x00, 0x00, 0x2E, 0x00, 0x00, 0x00, 0x2A, 0x00, 0x00, 0x00,
        0xF7, 0x5C, 0x1A, 0x6B, 0x23, 0x00, 0x00, 0x00, 0x81, 0x51, 0x3D, 0x57, 0x23, 0x00, 0x00, 0x00,
        0x52, 0xD5, 0x34, 0x5C, 0x25, 0x00, 0x00, 0x00, 0x03, 0x8A, 0xAF, 0xFD, 0x2E, 0x00, 0x00, 0x00,
        0x2A, 0x00, 0x00, 0x00, 0xF7, 0x5C, 0x1A, 0x6B, 0x23, 0x00, 0x00, 0x00, 0x81, 0x51, 0x3D, 0x57,
        0x23, 0x00, 0x00, 0x00, 0x52, 0xD5, 0x34, 0x5C, 0x25, 0x00, 0x00, 0x00, 0x1F, 0x00, 0x00, 0x00,
        0x4D, 0xC5, 0xF2, 0x37, 0x2A, 0x00, 0x00, 0x00, 0x4D, 0xC5, 0xF2, 0x37, 0x23, 0x00, 0x00, 0x00,
        0x0F, 0x02, 0x00, 0x00, 0x2E, 0x00, 0x00, 0x00, 0xF7, 0x5C, 0x1A, 0x6B, 0x23, 0x00, 0x00, 0x00,
        0x81, 0x51, 0x3D, 0x57, 0x23, 0x00, 0x00, 0x00, 0xE5, 0x00, 0x00, 0x00, 0x2E, 0x00, 0x00, 0x00,
        0xF7, 0x5C, 0x1A, 0x6B, 0x23, 0x00, 0x00, 0x00, 0x81, 0x51, 0x3D, 0x57, 0x23, 0x00, 0x00, 0x00,
        0x1C, 0x02, 0xE8, 0xA5, 0x25, 0x00, 0x00, 0x00, 0x03, 0x8A, 0xAF, 0xFD, 0x2A, 0x00, 0x00, 0x00,
        0x03, 0x8A, 0xAF, 0xFD, 0x2E, 0x00, 0x00, 0x00, 0xF7, 0x5C, 0x1A, 0x6B, 0x23, 0x00, 0x00, 0x00,
        0x81, 0x51, 0x3D, 0x57, 0x23, 0x00, 0x00, 0x00, 0xE5, 0x00, 0x00, 0x00, 0x2E, 0x00, 0x00, 0x00,
        0xF7, 0x5C, 0x1A, 0x6B, 0x23, 0x00, 0x00, 0x00, 0x81, 0x51, 0x3D, 0x57, 0x23, 0x00, 0x00, 0x00,
        0x1C, 0x02, 0xE8, 0xA5, 0x25, 0x00, 0x00, 0x00, 0x1F, 0x00, 0x00, 0x00, 0x01, 0x00, 0x00, 0x00,
        0x65, 0xBA, 0xD8, 0x63, 0x06, 0x00, 0x00, 0x00, 0x20, 0xA3, 0xB0, 0xFC, 0xA6, 0x85, 0xE2, 0xC6,
        0x82, 0x86, 0x0D, 0x59, 0x1A, 0x00, 0x00, 0x00, 0x4F, 0x86, 0xB1, 0xF3, 0xCB, 0x4C, 0xAA, 0x13,
        0x1B, 0x00, 0x00, 0x00, 0x0F, 0x00, 0x00, 0x00, 0x61, 0x02, 0x00, 0x00, 0xA6, 0x85, 0xE2, 0xC6,
        0x82, 0x86, 0x0D, 0x59, 0x1A, 0x00, 0x00, 0x00, 0x45, 0xC9, 0x24, 0x59, 0x24, 0x8A, 0x06, 0xF1,
        0x1B, 0x00, 0x00, 0x00, 0x0E, 0x00, 0x00, 0x00, 0x1E, 0x00, 0x00, 0x00, 0x06, 0x00, 0x00, 0x00,
        0x20, 0xA3, 0xB0, 0xFC, 0x45, 0xC9, 0x24, 0x59, 0x24, 0x8A, 0x06, 0xF1, 0x2A, 0x00, 0x00, 0x00,
        0xCB, 0x4C, 0xAA, 0x13, 0x23, 0x00, 0x00, 0x00, 0x24, 0x8A, 0x06, 0xF1, 0x25, 0x00, 0x00, 0x00,
        0x0E, 0x00, 0x00, 0x00, 0x1E, 0x00, 0x00, 0x00, 0x8C, 0x00, 0x00, 0x00, 0x53, 0x00, 0x00, 0x00,
        0x6A, 0xAE, 0xD8, 0x33, 0x2A, 0x00, 0x00, 0x00, 0x5A, 0x29, 0xAB, 0x89, 0x1A, 0x00, 0x00, 0x00,
        0x1B, 0x00, 0x00, 0x00, 0x25, 0x00, 0x00, 0x00, 0x67, 0x14, 0x20, 0xAD, 0x1A, 0x00, 0x00, 0x00,
        0x1A, 0x00, 0x00, 0x00, 0x6A, 0xAE, 0xD8, 0x33, 0x21, 0x00, 0x00, 0x00, 0x2A, 0x00, 0x00, 0x00,
        0x19, 0x02, 0x00, 0x00, 0x29, 0x00, 0x00, 0x00, 0x1A, 0x02, 0x00, 0x00, 0x23, 0x00, 0x00, 0x00,
        0x19, 0x02, 0x00, 0x00, 0x24, 0x00, 0x00, 0x00, 0x2C, 0x00, 0x00, 0x00, 0x1A, 0x02, 0x00, 0x00,
        0x23, 0x00, 0x00, 0x00, 0x19, 0x02, 0x00, 0x00, 0x1B, 0x00, 0x00, 0x00, 0x2E, 0x00, 0x00, 0x00,
        0x1A, 0x00, 0x00, 0x00, 0x13, 0xF1, 0x4F, 0x26, 0x1A, 0x00, 0x00, 0x00, 0x1A, 0x00, 0x00, 0x00,
        0x65, 0x00, 0x00, 0x00, 0x1B, 0x00, 0x00, 0x00, 0x24, 0x8A, 0x06, 0xF1, 0x23, 0x00, 0x00, 0x00,
        0x59, 0x91, 0x4B, 0x30, 0x23, 0x00, 0x00, 0x00, 0x99, 0x28, 0xE6, 0x8F, 0x1B, 0x00, 0x00, 0x00,
        0x2C, 0x00, 0x00, 0x00, 0x3C, 0x00, 0x00, 0x00, 0x1A, 0x00, 0x00, 0x00, 0x6A, 0xAE, 0xD8, 0x33,
        0x1B, 0x00, 0x00, 0x00, 0x1B, 0x00, 0x00, 0x00, 0x1B, 0x00, 0x00, 0x00, 0x25, 0x00, 0x00, 0x00,
        0x1F, 0x00, 0x00, 0x00, 0xA6, 0x85, 0xE2, 0xC6, 0x13, 0x2F, 0x4D, 0x2F, 0x2A, 0x00, 0x00, 0x00,
        0x1A, 0x00, 0x00, 0x00, 0xA6, 0x85, 0xE2, 0xC6, 0x1B, 0x00, 0x00, 0x00, 0x19, 0x02, 0x00, 0x00,
        0x25, 0x00, 0x00, 0x00, 0x6E, 0x00, 0x00, 0x00, 0x3E, 0xBE, 0x07, 0x8B, 0x2A, 0x00, 0x00, 0x00,
        0x53, 0x2B, 0x8F, 0x53, 0x23, 0x00, 0x00, 0x00, 0x67, 0xBA, 0x8E, 0xEB, 0x2E, 0x00, 0x00, 0x00,
        0x53, 0x2B, 0x8F, 0x53, 0x23, 0x00, 0x00, 0x00, 0x12, 0x02, 0x00, 0x00, 0x2E, 0x00, 0x00, 0x00,
        0x1A, 0x00, 0x00, 0x00, 0x17, 0xA3, 0x27, 0xB4, 0x23, 0x00, 0x00, 0x00, 0x19, 0x02, 0x00, 0x00,
        0x2D, 0x00, 0x00, 0x00, 0x45, 0x7D, 0xBC, 0x77, 0x23, 0x00, 0x00, 0x00, 0x19, 0x02, 0x00, 0x00,
        0x1B, 0x00, 0x00, 0x00, 0x25, 0x00, 0x00, 0x00, 0x8C, 0x00, 0x00, 0x00, 0x63, 0x00, 0x00, 0x00,
        0xD7, 0x2C, 0x38, 0xF4, 0x2A, 0x00, 0x00, 0x00, 0x0B, 0x89, 0x5A, 0x6C, 0x1A, 0x00, 0x00, 0x00,
        0x3E, 0xBE, 0x07, 0x8B, 0x23, 0x00, 0x00, 0x00, 0x67, 0xBA, 0x8E, 0xEB, 0x1B, 0x00, 0x00, 0x00,
        0x21, 0x00, 0x00, 0x00, 0x19, 0x02, 0x00, 0x00, 0x25, 0x00, 0x00, 0x00, 0x7C, 0x06, 0x37, 0x51,
        0x1A, 0x00, 0x00, 0x00, 0xD7, 0x2C, 0x38, 0xF4, 0x1B, 0x00, 0x00, 0x00, 0x1E, 0x00, 0x00, 0x00,
        0x3E, 0xBE, 0x07, 0x8B, 0x2E, 0x00, 0x00, 0x00, 0x2A, 0x00, 0x00, 0x00, 0x72, 0x73, 0x0E, 0x34,
        0x1A, 0x00, 0x00, 0x00, 0x24, 0x8A, 0x06, 0xF1, 0x23, 0x00, 0x00, 0x00, 0xCC, 0xDF, 0x38, 0x56,
        0x23, 0x00, 0x00, 0x00, 0x99, 0x28, 0xE6, 0x8F, 0x1B, 0x00, 0x00, 0x00, 0x25, 0x00, 0x00, 0x00,
        0x1F, 0x00, 0x00, 0x00, 0x09, 0x00, 0x00, 0x00, 0x26, 0x00, 0x00, 0x00, 0x2B, 0xFF, 0x10, 0x95,
        0x7C, 0x06, 0x37, 0x51, 0x1A, 0x00, 0x00, 0x00, 0x26, 0x00, 0x00, 0x00, 0xD7, 0x2C, 0x38, 0xF4,
        0x1B, 0x00, 0x00, 0x00, 0x1E, 0x00, 0x00, 0x00, 0x13, 0x2F, 0x4D, 0x2F, 0x23, 0x00, 0x00, 0x00,
        0x31, 0x01, 0x00, 0x00, 0x2A, 0x00, 0x00, 0x00, 0x56, 0x00, 0x00, 0x00, 0x1A, 0x00, 0x00, 0x00,
        0x1A, 0x02, 0x00, 0x00, 0x23, 0x00, 0x00, 0x00, 0xE0, 0x2B, 0xD3, 0x76, 0x22, 0x00, 0x00, 0x00,
        0x19, 0x02, 0x00, 0x00, 0x23, 0x00, 0x00, 0x00, 0xE0, 0x2B, 0xD3, 0x76, 0x22, 0x00, 0x00, 0x00,
        0x19, 0x02, 0x00, 0x00, 0x23, 0x00, 0x00, 0x00, 0x24, 0x14, 0x39, 0x47, 0x22, 0x00, 0x00, 0x00,
        0x1A, 0x02, 0x00, 0x00, 0x23, 0x00, 0x00, 0x00, 0xE0, 0x2B, 0xD3, 0x76, 0x1B, 0x00, 0x00, 0x00,
        0x25, 0x00, 0x00, 0x00, 0xD8, 0x00, 0x00, 0x00, 0x13, 0x2F, 0x4D, 0x2F, 0x25, 0x00, 0x00, 0x00,
        0x1F, 0x00, 0x00, 0x00, 0x0E, 0x00, 0x00, 0x00, 0x09, 0x00, 0x00, 0x00, 0x26, 0x00, 0x00, 0x00,
        0xF2, 0xF6, 0x1E, 0x2B, 0x7C, 0x06, 0x37, 0x51, 0x1A, 0x00, 0x00, 0x00, 0xD7, 0x2C, 0x38, 0xF4,
        0x11, 0x00, 0x00, 0x00, 0x11, 0x00, 0x00, 0x00, 0x05, 0xA1, 0xD0, 0xE9, 0x23, 0x00, 0x00, 0x00,
        0x12, 0x02, 0x00, 0x00, 0x2A, 0x00, 0x00, 0x00, 0x2A, 0x00, 0x00, 0x00, 0x1A, 0x02, 0x00, 0x00,
        0x1B, 0x00, 0x00, 0x00, 0x1E, 0x00, 0x00, 0x00, 0x13, 0x2F, 0x4D, 0x2F, 0x23, 0x00, 0x00, 0x00,
        0x31, 0x01, 0x00, 0x00, 0x23, 0x00, 0x00, 0x00, 0x38, 0x98, 0x34, 0x21, 0x2A, 0x00, 0x00, 0x00,
        0x3E, 0xBE, 0x07, 0x8B, 0x25, 0x00, 0x00, 0x00, 0xD8, 0x00, 0x00, 0x00, 0x13, 0x2F, 0x4D, 0x2F,
        0x25, 0x00, 0x00, 0x00, 0x1F, 0x00, 0x00, 0x00, 0x0E, 0x00, 0x00, 0x00, 0x09, 0x00, 0x00, 0x00,
        0xCB, 0xA6, 0x86, 0x3B, 0x6C, 0x00, 0x00, 0x00, 0x7B, 0xE7, 0xE4, 0x93, 0x2A, 0x00, 0x00, 0x00,
        0x24, 0x45, 0x4F, 0xAB, 0x1A, 0x00, 0x00, 0x00, 0xBC, 0xCA, 0x20, 0xF1, 0x22, 0x00, 0x00, 0x00,
        0x24, 0x8A, 0x06, 0xF1, 0x23, 0x00, 0x00, 0x00, 0xCC, 0xDF, 0x38, 0x56, 0x23, 0x00, 0x00, 0x00,
        0x99, 0x28, 0xE6, 0x8F, 0x1B, 0x00, 0x00, 0x00, 0x25, 0x00, 0x00, 0x00, 0x67, 0x14, 0x20, 0xAD,
        0x1A, 0x00, 0x00, 0x00, 0x7B, 0xE7, 0xE4, 0x93, 0x2C, 0x00, 0x00, 0x00, 0xB0, 0x13, 0x1F, 0xF9,
        0x1A, 0x00, 0x00, 0x00, 0x1B, 0x00, 0x00, 0x00, 0x1B, 0x00, 0x00, 0x00, 0x25, 0x00, 0x00, 0x00,
        0x0E, 0x00, 0x00, 0x00, 0xC9, 0x9D, 0x83, 0xDB, 0x66, 0x6D, 0x03, 0x79, 0x25, 0x00, 0x00, 0x00,
        0x73, 0x00, 0x00, 0x00, 0xA7, 0x0D, 0xBB, 0x92, 0x2A, 0x00, 0x00, 0x00, 0x73, 0x00, 0x00, 0x00,
        0x1A, 0x00, 0x00, 0x00, 0x24, 0x8A, 0x06, 0xF1, 0x23, 0x00, 0x00, 0x00, 0x74, 0xAA, 0xD6, 0x79,
        0x23, 0x00, 0x00, 0x00, 0x67, 0xBA, 0x8E, 0xEB, 0x22, 0x00, 0x00, 0x00, 0x24, 0x8A, 0x06, 0xF1,
        0x23, 0x00, 0x00, 0x00, 0x10, 0xAB, 0x61, 0x80, 0x23, 0x00, 0x00, 0x00, 0x67, 0xBA, 0x8E, 0xEB,
        0x22, 0x00, 0x00, 0x00, 0x39, 0x14, 0x13, 0x57, 0x1A, 0x00, 0x00, 0x00, 0x24, 0x8A, 0x06, 0xF1,
        0x23, 0x00, 0x00, 0x00, 0x74, 0xAA, 0xD6, 0x79, 0x23, 0x00, 0x00, 0x00, 0x67, 0xBA, 0x8E, 0xEB,
        0x22, 0x00, 0x00, 0x00, 0x24, 0x8A, 0x06, 0xF1, 0x23, 0x00, 0x00, 0x00, 0x10, 0xAB, 0x61, 0x80,
        0x23, 0x00, 0x00, 0x00, 0x67, 0xBA, 0x8E, 0xEB, 0x1B, 0x00, 0x00, 0x00, 0x2E, 0x00, 0x00, 0x00,
        0x24, 0x8A, 0x06, 0xF1, 0x23, 0x00, 0x00, 0x00, 0x74, 0xAA, 0xD6, 0x79, 0x23, 0x00, 0x00, 0x00,
        0x12, 0x02, 0x00, 0x00, 0x1B, 0x00, 0x00, 0x00, 0x25, 0x00, 0x00, 0x00, 0x6F, 0x00, 0x00, 0x00,
        0x4F, 0xEE, 0xDB, 0xE3, 0x2A, 0x00, 0x00, 0x00, 0x24, 0x8A, 0x06, 0xF1, 0x23, 0x00, 0x00, 0x00,
        0x31, 0x01, 0x00, 0x00, 0x25, 0x00, 0x00, 0x00, 0x8C, 0x00, 0x00, 0x00, 0x53, 0x00, 0x00, 0x00,
        0xFD, 0x37, 0xE9, 0x7E, 0x2A, 0x00, 0x00, 0x00, 0x24, 0x8A, 0x06, 0xF1, 0x23, 0x00, 0x00, 0x00,
        0x59, 0x91, 0x4B, 0x30, 0x23, 0x00, 0x00, 0x00, 0x12, 0x02, 0x00, 0x00, 0x2E, 0x00, 0x00, 0x00,
        0x4B, 0x25, 0x5C, 0x30, 0x23, 0x00, 0x00, 0x00, 0x12, 0x02, 0x00, 0x00, 0x25, 0x00, 0x00, 0x00,
        0x06, 0x00, 0x00, 0x00, 0x99, 0x8C, 0xB2, 0x0D, 0xB8, 0x6A, 0xC1, 0xE4, 0x1A, 0x00, 0x00, 0x00,
        0xA7, 0x0D, 0xBB, 0x92, 0x22, 0x00, 0x00, 0x00, 0x24, 0x8A, 0x06, 0xF1, 0x23, 0x00, 0x00, 0x00,
        0xCC, 0xDF, 0x38, 0x56, 0x23, 0x00, 0x00, 0x00, 0x99, 0x28, 0xE6, 0x8F, 0x22, 0x00, 0x00, 0x00,
        0x24, 0x8A, 0x06, 0xF1, 0x23, 0x00, 0x00, 0x00, 0x86, 0xDC, 0x54, 0xAE, 0x23, 0x00, 0x00, 0x00,
        0x99, 0x28, 0xE6, 0x8F, 0x22, 0x00, 0x00, 0x00, 0x4F, 0xEE, 0xDB, 0xE3, 0x22, 0x00, 0x00, 0x00,
        0xFD, 0x37, 0xE9, 0x7E, 0x22, 0x00, 0x00, 0x00, 0x66, 0x6D, 0x03, 0x79, 0x1B, 0x00, 0x00, 0x00,
        0x25, 0x00, 0x00, 0x00, 0x0F, 0x00, 0x00, 0x00, 0xB8, 0x6A, 0xC1, 0xE4, 0x1A, 0x00, 0x00, 0x00,
        0xA7, 0x0D, 0xBB, 0x92, 0x22, 0x00, 0x00, 0x00, 0x24, 0x8A, 0x06, 0xF1, 0x23, 0x00, 0x00, 0x00,
        0xCC, 0xDF, 0x38, 0x56, 0x23, 0x00, 0x00, 0x00, 0x99, 0x28, 0xE6, 0x8F, 0x22, 0x00, 0x00, 0x00,
        0x4F, 0xEE, 0xDB, 0xE3, 0x22, 0x00, 0x00, 0x00, 0xFD, 0x37, 0xE9, 0x7E, 0x22, 0x00, 0x00, 0x00,
        0x66, 0x6D, 0x03, 0x79, 0x1B, 0x00, 0x00, 0x00, 0x25, 0x00, 0x00, 0x00, 0x0E, 0x00, 0x00, 0x00,
        0x54, 0x26, 0xCF, 0x09, 0x12, 0xDA, 0x7A, 0x99, 0x25, 0x00, 0x00, 0x00, 0x12, 0xDA, 0x7A, 0x99,
        0x23, 0x00, 0x00, 0x00, 0x5E, 0xF7, 0xEE, 0xE1, 0x2A, 0x00, 0x00, 0x00, 0x24, 0x8A, 0x06, 0xF1,
        0x23, 0x00, 0x00, 0x00, 0x54, 0x05, 0xA0, 0x01, 0x23, 0x00, 0x00, 0x00, 0x99, 0x28, 0xE6, 0x8F,
        0x2D, 0x00, 0x00, 0x00, 0x24, 0x8A, 0x06, 0xF1, 0x23, 0x00, 0x00, 0x00, 0x54, 0x05, 0xA0, 0x01,
        0x23, 0x00, 0x00, 0x00, 0x12, 0x02, 0x00, 0x00, 0x25, 0x00, 0x00, 0x00, 0x12, 0xDA, 0x7A, 0x99,
        0x23, 0x00, 0x00, 0x00, 0x60, 0x54, 0xF0, 0x57, 0x2A, 0x00, 0x00, 0x00, 0x24, 0x8A, 0x06, 0xF1,
        0x23, 0x00, 0x00, 0x00, 0xDE, 0x39, 0x3B, 0xCF, 0x23, 0x00, 0x00, 0x00, 0x67, 0xBA, 0x8E, 0xEB,
        0x25, 0x00, 0x00, 0x00, 0x55, 0x00, 0x00, 0x00, 0x4D, 0xC5, 0xF2, 0x37, 0x2A, 0x00, 0x00, 0x00,
        0x19, 0x02, 0x00, 0x00, 0x22, 0x00, 0x00, 0x00, 0x03, 0x8A, 0xAF, 0xFD, 0x2A, 0x00, 0x00, 0x00,
        0x19, 0x02, 0x00, 0x00, 0x25, 0x00, 0x00, 0x00, 0x09, 0x00, 0x00, 0x00, 0x2B, 0xFF, 0x10, 0x95,
        0x11, 0x00, 0x00, 0x00, 0x11, 0x00, 0x00, 0x00, 0x26, 0x00, 0x00, 0x00, 0xC6, 0x23, 0xCE, 0x03,
        0x8C, 0x00, 0x00, 0x00, 0x63, 0x00, 0x00, 0x00, 0x94, 0x15, 0xB9, 0xF5, 0x2A, 0x00, 0x00, 0x00,
        0x18, 0x02, 0x00, 0x00, 0x25, 0x00, 0x00, 0x00, 0x8C, 0x00, 0x00, 0x00, 0x63, 0x00, 0x00, 0x00,
        0x5C, 0x7C, 0xE3, 0xC9, 0x2A, 0x00, 0x00, 0x00, 0x18, 0x02, 0x00, 0x00, 0x25, 0x00, 0x00, 0x00,
        0x0F, 0x00, 0x00, 0x00, 0x8C, 0x00, 0x00, 0x00, 0x63, 0x00, 0x00, 0x00, 0x94, 0x15, 0xB9, 0xF5,
        0x2A, 0x00, 0x00, 0x00, 0x17, 0x02, 0x00, 0x00, 0x25, 0x00, 0x00, 0x00, 0x8C, 0x00, 0x00, 0x00,
        0x63, 0x00, 0x00, 0x00, 0x5C, 0x7C, 0xE3, 0xC9, 0x2A, 0x00, 0x00, 0x00, 0x17, 0x02, 0x00, 0x00,
        0x25, 0x00, 0x00, 0x00, 0x0E, 0x00, 0x00, 0x00, 0x10, 0xAC, 0x1B, 0xC7, 0x1A, 0x00, 0x00, 0x00,
        0x66, 0x6D, 0x03, 0x79, 0x22, 0x00, 0x00, 0x00, 0x12, 0xDA, 0x7A, 0x99, 0x22, 0x00, 0x00, 0x00,
        0x4D, 0xC5, 0xF2, 0x37, 0x22, 0x00, 0x00, 0x00, 0x03, 0x8A, 0xAF, 0xFD, 0x22, 0x00, 0x00, 0x00,
        0x94, 0x15, 0xB9, 0xF5, 0x22, 0x00, 0x00, 0x00, 0x5C, 0x7C, 0xE3, 0xC9, 0x1B, 0x00, 0x00, 0x00,
        0x25, 0x00, 0x00, 0x00, 0x13, 0x2F, 0x4D, 0x2F, 0x23, 0x00, 0x00, 0x00, 0x31, 0x01, 0x00, 0x00,
        0x23, 0x00, 0x00, 0x00, 0x38, 0x98, 0x34, 0x21, 0x2A, 0x00, 0x00, 0x00, 0x4D, 0xC5, 0xF2, 0x37,
        0x2B, 0x00, 0x00, 0x00, 0x03, 0x8A, 0xAF, 0xFD, 0x2B, 0x00, 0x00, 0x00, 0x3E, 0xBE, 0x07, 0x8B,
        0x25, 0x00, 0x00, 0x00, 0x13, 0x2F, 0x4D, 0x2F, 0x23, 0x00, 0x00, 0x00, 0x31, 0x01, 0x00, 0x00,
        0x23, 0x00, 0x00, 0x00, 0x16, 0x02, 0x00, 0x00, 0x2A, 0x00, 0x00, 0x00, 0x1A, 0x02, 0x00, 0x00,
        0x25, 0x00, 0x00, 0x00, 0x09, 0x00, 0x00, 0x00, 0x2B, 0xFF, 0x10, 0x95, 0x13, 0x2F, 0x4D, 0x2F,
        0x23, 0x00, 0x00, 0x00, 0x31, 0x01, 0x00, 0x00, 0x23, 0x00, 0x00, 0x00, 0x16, 0x02, 0x00, 0x00,
        0x2A, 0x00, 0x00, 0x00, 0x5D, 0x02, 0x00, 0x00, 0x1A, 0x00, 0x00, 0x00, 0x24, 0x8A, 0x06, 0xF1,
        0x23, 0x00, 0x00, 0x00, 0xCC, 0xDF, 0x38, 0x56, 0x23, 0x00, 0x00, 0x00, 0x53, 0x71, 0x5E, 0xCF,
        0x22, 0x00, 0x00, 0x00, 0x4F, 0xEE, 0xDB, 0xE3, 0x23, 0x00, 0x00, 0x00, 0x12, 0x02, 0x00, 0x00,
        0x1B, 0x00, 0x00, 0x00, 0x25, 0x00, 0x00, 0x00, 0x0E, 0x00, 0x00, 0x00, 0x09, 0x00, 0x00, 0x00,
        0x2B, 0xFF, 0x10, 0x95, 0x11, 0x00, 0x00, 0x00, 0x11, 0x00, 0x00, 0x00, 0x26, 0x00, 0x00, 0x00,
        0xC6, 0x23, 0xCE, 0x03, 0x8C, 0x00, 0x00, 0x00, 0x55, 0x00, 0x00, 0x00, 0x60, 0x54, 0xF0, 0x57,
        0x2A, 0x00, 0x00, 0x00, 0x24, 0x8A, 0x06, 0xF1, 0x23, 0x00, 0x00, 0x00, 0xDE, 0x39, 0x3B, 0xCF,
        0x23, 0x00, 0x00, 0x00, 0x67, 0xBA, 0x8E, 0xEB, 0x2B, 0x00, 0x00, 0x00, 0xA6, 0x43, 0x8E, 0xEC,
        0x1A, 0x00, 0x00, 0x00, 0x1B, 0x00, 0x00, 0x00, 0x25, 0x00, 0x00, 0x00, 0x80, 0xA1, 0x59, 0x0B,
        0x1A, 0x00, 0x00, 0x00, 0x60, 0x54, 0xF0, 0x57, 0x23, 0x00, 0x00, 0x00, 0x67, 0xBA, 0x8E, 0xEB,
        0x22, 0x00, 0x00, 0x00, 0x24, 0x8A, 0x06, 0xF1, 0x23, 0x00, 0x00, 0x00, 0xDE, 0x39, 0x3B, 0xCF,
        0x23, 0x00, 0x00, 0x00, 0x67, 0xBA, 0x8E, 0xEB, 0x22, 0x00, 0x00, 0x00, 0x24, 0x8A, 0x06, 0xF1,
        0x23, 0x00, 0x00, 0x00, 0x59, 0x91, 0x4B, 0x30, 0x22, 0x00, 0x00, 0x00, 0x13, 0x2F, 0x4D, 0x2F,
        0x23, 0x00, 0x00, 0x00, 0x31, 0x01, 0x00, 0x00, 0x23, 0x00, 0x00, 0x00, 0x38, 0x98, 0x34, 0x21,
        0x1B, 0x00, 0x00, 0x00, 0x25, 0x00, 0x00, 0x00, 0x0E, 0x00, 0x00, 0x00, 0xD8, 0x00, 0x00, 0x00,
        0x13, 0x2F, 0x4D, 0x2F, 0x25, 0x00, 0x00, 0x00, 0x1F, 0x00, 0x00, 0x00, 0x01, 0x00, 0x00, 0x00,
        0x94, 0x86, 0x4A, 0xA2, 0xE9, 0x00, 0x00, 0x00, 0x9D, 0x01, 0x00, 0x00, 0x20, 0x00, 0x00, 0x00,
        0xEA, 0x00, 0x00, 0x00, 0x0A, 0x01, 0x00, 0x00, 0x2A, 0x00, 0x00, 0x00, 0x27, 0x00, 0x00, 0x00,
        0xB6, 0x01, 0x00, 0x00, 0x2A, 0x00, 0x00, 0x00, 0x71, 0x84, 0x87, 0xFB, 0x25, 0x00, 0x00, 0x00,
        0x27, 0x00, 0x00, 0x00, 0x06, 0x00, 0x00, 0x00, 0x26, 0x00, 0x00, 0x00, 0xC6, 0x23, 0xCE, 0x03,
        0x11, 0x00, 0x00, 0x00, 0x11, 0x00, 0x00, 0x00, 0x26, 0x00, 0x00, 0x00, 0x20, 0xA3, 0xB0, 0xFC,
        0x27, 0x00, 0x00, 0x00, 0xBE, 0x01, 0x00, 0x00, 0x2A, 0x00, 0x00, 0x00, 0x94, 0x01, 0x00, 0x00,
        0x25, 0x00, 0x00, 0x00, 0x27, 0x00, 0x00, 0x00, 0x0E, 0x00, 0x00, 0x00, 0x27, 0x00, 0x00, 0x00,
        0xB8, 0x01, 0x00, 0x00, 0x2A, 0x00, 0x00, 0x00, 0x21, 0x8E, 0xB6, 0x06, 0x25, 0x00, 0x00, 0x00,
        0x27, 0x00, 0x00, 0x00, 0x27, 0x00, 0x00, 0x00, 0xB9, 0x01, 0x00, 0x00, 0x2A, 0x00, 0x00, 0x00,
        0x11, 0x04, 0xB3, 0x76, 0x25, 0x00, 0x00, 0x00, 0x27, 0x00, 0x00, 0x00, 0x27, 0x00, 0x00, 0x00,
        0xBA, 0x01, 0x00, 0x00, 0x2A, 0x00, 0x00, 0x00, 0x40, 0x85, 0xF9, 0xBB, 0x25, 0x00, 0x00, 0x00,
        0x27, 0x00, 0x00, 0x00, 0x27, 0x00, 0x00, 0x00, 0xB7, 0x01, 0x00, 0x00, 0x2A, 0x00, 0x00, 0x00,
        0x4F, 0xE8, 0xA3, 0x3A, 0x25, 0x00, 0x00, 0x00, 0x27, 0x00, 0x00, 0x00, 0x27, 0x00, 0x00, 0x00,
        0xBB, 0x01, 0x00, 0x00, 0x2A, 0x00, 0x00, 0x00, 0x9F, 0x26, 0xAE, 0xDE, 0x25, 0x00, 0x00, 0x00,
        0x27, 0x00, 0x00, 0x00, 0x21, 0x00, 0x00, 0x00, 0x1E, 0x00, 0x00, 0x00, 0x36, 0x01, 0x00, 0x00,
        0xA5, 0x5B, 0x3F, 0x48, 0x1E, 0x00, 0x00, 0x00, 0x39, 0x01, 0x00, 0x00, 0x2A, 0x00, 0x00, 0x00,
        0x04, 0x21, 0x57, 0x0F, 0x1A, 0x00, 0x00, 0x00, 0x1B, 0x00, 0x00, 0x00, 0xFF, 0x96, 0x87, 0x18,
        0x25, 0x00, 0x00, 0x00, 0x06, 0x00, 0x00, 0x00, 0xD0, 0xF3, 0x1A, 0xBE, 0x3C, 0x01, 0x00, 0x00,
        0x2A, 0x00, 0x00, 0x00, 0x27, 0x77, 0x27, 0xB9, 0x1A, 0x00, 0x00, 0x00, 0x1B, 0x00, 0x00, 0x00,
        0x20, 0xA9, 0xC6, 0xCC, 0x25, 0x00, 0x00, 0x00, 0x3D, 0x01, 0x00, 0x00, 0x2A, 0x00, 0x00, 0x00,
        0x2B, 0x38, 0x92, 0x15, 0x1A, 0x00, 0x00, 0x00, 0x1B, 0x00, 0x00, 0x00, 0x2C, 0xE6, 0x73, 0x60,
        0x25, 0x00, 0x00, 0x00, 0x0E, 0x00, 0x00, 0x00, 0x06, 0x00, 0x00, 0x00, 0x20, 0xA3, 0xB0, 0xFC,
        0x3B, 0x01, 0x00, 0x00, 0x2A, 0x00, 0x00, 0x00, 0x14, 0x02, 0x8E, 0x5C, 0x1A, 0x00, 0x00, 0x00,
        0x1B, 0x00, 0x00, 0x00, 0xEF, 0xB5, 0x5E, 0x4B, 0x25, 0x00, 0x00, 0x00, 0x0E, 0x00, 0x00, 0x00,
        0x3A, 0x01, 0x00, 0x00, 0x2A, 0x00, 0x00, 0x00, 0x82, 0x86, 0x0D, 0x59, 0x1A, 0x00, 0x00, 0x00,
        0x1B, 0x00, 0x00, 0x00, 0x79, 0x31, 0xDD, 0x4E, 0x25, 0x00, 0x00, 0x00, 0x06, 0x00, 0x00, 0x00,
        0xC6, 0x23, 0xCE, 0x03, 0x3F, 0x01, 0x00, 0x00, 0x2A, 0x00, 0x00, 0x00, 0x17, 0x02, 0x00, 0x00,
        0x25, 0x00, 0x00, 0x00, 0x40, 0x01, 0x00, 0x00, 0x2A, 0x00, 0x00, 0x00, 0x18, 0x02, 0x00, 0x00,
        0x25, 0x00, 0x00, 0x00, 0x47, 0x01, 0x00, 0x00, 0x2A, 0x00, 0x00, 0x00, 0x53, 0x01, 0x00, 0x00,
        0x25, 0x00, 0x00, 0x00, 0x41, 0x01, 0x00, 0x00, 0x2A, 0x00, 0x00, 0x00, 0x4E, 0x01, 0x00, 0x00,
        0x25, 0x00, 0x00, 0x00, 0x0F, 0x00, 0x00, 0x00, 0x3F, 0x01, 0x00, 0x00, 0x2A, 0x00, 0x00, 0x00,
        0x17, 0x02, 0x00, 0x00, 0x25, 0x00, 0x00, 0x00, 0x40, 0x01, 0x00, 0x00, 0x2A, 0x00, 0x00, 0x00,
        0x17, 0x02, 0x00, 0x00, 0x25, 0x00, 0x00, 0x00, 0x41, 0x01, 0x00, 0x00, 0x2A, 0x00, 0x00, 0x00,
        0x4E, 0x01, 0x00, 0x00, 0x25, 0x00, 0x00, 0x00, 0x0E, 0x00, 0x00, 0x00, 0x1F, 0x00, 0x00, 0x00,
        0x1F, 0x00, 0x00, 0x00, 0x06, 0x00, 0x00, 0x00, 0x26, 0x00, 0x00, 0x00, 0xC6, 0x23, 0xCE, 0x03,
        0x11, 0x00, 0x00, 0x00, 0x11, 0x00, 0x00, 0x00, 0x26, 0x00, 0x00, 0x00, 0x20, 0xA3, 0xB0, 0xFC,
        0x01, 0x00, 0x00, 0x00, 0xDC, 0xE1, 0x1D, 0xE3, 0x0E, 0x00, 0x00, 0x00, 0x01, 0x00, 0x00, 0x00,
        0x2C, 0x63, 0xA6, 0x90, 0x01, 0x00, 0x00, 0x00, 0xC9, 0xC9, 0x47, 0x07, 0x01, 0x00, 0x00, 0x00,
        0x89, 0x4B, 0x0D, 0xD5, 0x01, 0x00, 0x00, 0x00, 0x4D, 0x1E, 0x29, 0x15, 0x01, 0x00, 0x00, 0x00,
        0xB0, 0x6A, 0xD4, 0x63, 0x01, 0x00, 0x00, 0x00, 0xF6, 0x9A, 0x9B, 0x1D, 0x06, 0x00, 0x00, 0x00,
        0x2E, 0x02, 0x00, 0x00, 0x01, 0x00, 0x00, 0x00, 0xDC, 0x29, 0x52, 0x2B, 0x0E, 0x00, 0x00, 0x00,
        0x0C, 0xAA, 0xA6, 0x00, 0x6C, 0x69, 0x67, 0x68, 0x74, 0x56, 0x65, 0x63, 0x00, 0x30, 0x89, 0xF4,
        0x00, 0x57, 0x48, 0x52, 0x6F, 0x63, 0x6B, 0x44, 0x61, 0x72, 0x6B, 0x65, 0x6E, 0x69, 0x6E, 0x67,
        0x00, 0xE4, 0xEC, 0x53, 0x01, 0x64, 0x65, 0x74, 0x61, 0x69, 0x6C, 0x53, 0x63, 0x61, 0x6C, 0x65,
        0x73, 0x00, 0x54, 0x05, 0xA0, 0x01, 0x73, 0x63, 0x72, 0x65, 0x65, 0x6E, 0x50, 0x72, 0x6F, 0x6A,
        0x00, 0x1E, 0x68, 0x79, 0x02, 0x73, 0x6B, 0x69, 0x6E, 0x00, 0x69, 0xEE, 0x9B, 0x03, 0x43, 0x6F,
        0x6E, 0x74, 0x72, 0x6F, 0x6C, 0x73, 0x00, 0xC6, 0x23, 0xCE, 0x03, 0x25, 0x44, 0x45, 0x43, 0x41,
        0x4C, 0x00, 0x91, 0x14, 0xCB, 0x04, 0x54, 0x4D, 0x5F, 0x44, 0x65, 0x63, 0x61, 0x6C, 0x4F, 0x76,
        0x65, 0x72, 0x6C, 0x61, 0x79, 0x00, 0x4E, 0x4B, 0xDA, 0x04, 0x76, 0x65, 0x72, 0x74, 0x32, 0x47,
        0x65, 0x6F, 0x6D, 0x47, 0x65, 0x6E, 0x65, 0x72, 0x61, 0x6C, 0x00, 0x28, 0xD8, 0x54, 0x05, 0x56,
        0x65, 0x72, 0x74, 0x65, 0x78, 0x4C, 0x69, 0x62, 0x00, 0x75, 0xFF, 0x82, 0x05, 0x47, 0x61, 0x6D,
        0x6D, 0x61, 0x00, 0x9D, 0xE3, 0x9A, 0x05, 0x43, 0x61, 0x6C, 0x6C, 0x62, 0x61, 0x63, 0x6B, 0x5F,
        0x53, 0x68, 0x61, 0x64, 0x69, 0x6E, 0x67, 0x44, 0x69, 0x72, 0x65, 0x63, 0x74, 0x00, 0x21, 0x8E,
        0xB6, 0x06, 0x4D, 0x6F, 0x74, 0x69, 0x6F, 0x6E, 0x42, 0x6C, 0x75, 0x72, 0x50, 0x61, 0x73, 0x73,
        0x00, 0x48, 0x84, 0xF8, 0x06, 0x43, 0x75, 0x73, 0x74, 0x6F, 0x6D, 0x46, 0x6F, 0x72, 0x77, 0x61,
        0x72, 0x64, 0x53, 0x68, 0x61, 0x64, 0x69, 0x6E, 0x67, 0x41, 0x74, 0x74, 0x72, 0x69, 0x62, 0x73,
        0x00, 0x24, 0xEB, 0x2D, 0x07, 0x64, 0x69, 0x73, 0x61, 0x62, 0x6C, 0x65, 0x73, 0x00, 0xC9, 0xC9,
        0x47, 0x07, 0x43, 0x6F, 0x6D, 0x6D, 0x6F, 0x6E, 0x4D, 0x6F, 0x74, 0x69, 0x6F, 0x6E, 0x42, 0x6C,
        0x75, 0x72, 0x50, 0x61, 0x73, 0x73, 0x00, 0xFA, 0xA1, 0x6D, 0x07, 0x6F, 0x66, 0x00, 0x6D, 0x9B,
        0xF5, 0x07, 0x61, 0x6E, 0x64, 0x00, 0x86, 0x76, 0x8B, 0x08, 0x6F, 0x70, 0x61, 0x71, 0x75, 0x65,
        0x00, 0xA5, 0x3D, 0x12, 0x09, 0x52, 0x45, 0x47, 0x5F, 0x50, 0x4D, 0x5F, 0x50, 0x41, 0x52, 0x41,
        0x4D, 0x5F, 0x32, 0x00, 0x37, 0x3D, 0x29, 0x09, 0x52, 0x45, 0x47, 0x5F, 0x50, 0x4D, 0x5F, 0x50,
        0x41, 0x52, 0x41, 0x4D, 0x5F, 0x31, 0x35, 0x00, 0x5A, 0x05, 0x96, 0x09, 0x44, 0x65, 0x63, 0x61,
        0x6C, 0x4E, 0x6F, 0x72, 0x6D, 0x61, 0x6C, 0x73, 0x54, 0x65, 0x78, 0x00, 0xE7, 0x8D, 0xAA, 0x09,
        0x25, 0x44, 0x49, 0x52, 0x54, 0x4C, 0x41, 0x59, 0x45, 0x52, 0x00, 0xC8, 0x29, 0xB6, 0x09, 0x6F,
        0x6E, 0x00, 0xC6, 0x4D, 0xBA, 0x09, 0x53, 0x6D, 0x6F, 0x6F, 0x74, 0x68, 0x6E, 0x65, 0x73, 0x73,
        0x00, 0x54, 0x26, 0xCF, 0x09, 0x46, 0x6F, 0x72, 0x77, 0x61, 0x72, 0x64, 0x53, 0x68, 0x61, 0x64,
        0x69, 0x6E, 0x67, 0x41, 0x74, 0x74, 0x72, 0x69, 0x62, 0x73, 0x00, 0x9D, 0x3C, 0xF6, 0x09, 0x45,
        0x6D, 0x69, 0x74, 0x74, 0x61, 0x6E, 0x63, 0x65, 0x00, 0x90, 0x4D, 0xFF, 0x09, 0x53, 0x4E, 0x44,
        0x55, 0x56, 0x53, 0x44, 0x69, 0x66, 0x66, 0x75, 0x73, 0x65, 0x54, 0x65, 0x78, 0x00, 0x97, 0x2B,
        0x88, 0x0A, 0x25, 0x42, 0x4C, 0x45, 0x4E, 0x44, 0x4C, 0x41, 0x59, 0x45, 0x52, 0x00, 0x2E, 0xC4,
        0xD2, 0x0A, 0x43, 0x4D, 0x5F, 0x44, 0x65, 0x74, 0x61, 0x69, 0x6C, 0x54, 0x69, 0x6C, 0x69, 0x6E,
        0x67, 0x41, 0x6E, 0x64, 0x41, 0x6C, 0x70, 0x68, 0x61, 0x52, 0x65, 0x66, 0x00, 0x80, 0xA1, 0x59,
        0x0B, 0x46, 0x77, 0x64, 0x5F, 0x41, 0x70, 0x70, 0x6C, 0x79, 0x46, 0x6F, 0x67, 0x00, 0x0F, 0x40,
        0x89, 0x0B, 0x53, 0x70, 0x65, 0x63, 0x75, 0x6C, 0x61, 0x72, 0x00, 0x5D, 0x0D, 0xEE, 0x0C, 0x44,
        0x69, 0x66, 0x66, 0x75, 0x73, 0x65, 0x32, 0x54, 0x65, 0x78, 0x00, 0x99, 0x8C, 0xB2, 0x0D, 0x25,
        0x53, 0x4E, 0x44, 0x55, 0x56, 0x53, 0x00, 0x42, 0x23, 0x38, 0x0E, 0x73, 0x74, 0x72, 0x65, 0x61,
        0x6D, 0x50, 0x6F, 0x73, 0x00, 0xAD, 0x3B, 0x7E, 0x0E, 0x41, 0x70, 0x70, 0x6C, 0x79, 0x43, 0x6F,
        0x6C, 0x6F, 0x72, 0x69, 0x7A, 0x69, 0x6E, 0x67, 0x57, 0x69, 0x74, 0x68, 0x4D, 0x61, 0x73, 0x6B,
        0x00, 0xBC, 0xF9, 0x7F, 0x0E, 0x52, 0x45, 0x47, 0x5F, 0x50, 0x4D, 0x5F, 0x50, 0x41, 0x52, 0x41,
        0x4D, 0x5F, 0x36, 0x00, 0x04, 0x21, 0x57, 0x0F, 0x49, 0x6C, 0x6C, 0x75, 0x6D, 0x69, 0x6E, 0x61,
        0x74, 0x69, 0x6F, 0x6E, 0x56, 0x53, 0x00, 0x4D, 0x17, 0x58, 0x10, 0x39, 0x39, 0x00, 0x48, 0x1A,
        0xCC, 0x10, 0x48, 0x49, 0x44, 0x49, 0x4E, 0x47, 0x5F, 0x47, 0x52, 0x4F, 0x55, 0x50, 0x53, 0x00,
        0x30, 0x31, 0xD7, 0x10, 0x66, 0x61, 0x64, 0x69, 0x6E, 0x67, 0x00, 0x6E, 0x16, 0x21, 0x11, 0x41,
        0x6C, 0x70, 0x68, 0x61, 0x00, 0x66, 0x8A, 0xCA, 0x11, 0x74, 0x77, 0x6F, 0x00, 0x55, 0x92, 0x55,
        0x12, 0x67, 0x6C, 0x6F, 0x73, 0x73, 0x00, 0xD9, 0x0D, 0xBB, 0x12, 0x47, 0x65, 0x74, 0x44, 0x69,
        0x66, 0x66, 0x75, 0x73, 0x65, 0x32, 0x54, 0x65, 0x78, 0x4C, 0x6F, 0x64, 0x00, 0xCB, 0x4C, 0xAA,
        0x13, 0x49, 0x4E, 0x5F, 0x65, 0x78, 0x74, 0x00, 0x86, 0x1D, 0x1B, 0x14, 0x44, 0x69, 0x73, 0x63,
        0x61, 0x72, 0x64, 0x56, 0x65, 0x72, 0x74, 0x65, 0x78, 0x49, 0x66, 0x48, 0x69, 0x64, 0x64, 0x65,
        0x6E, 0x00, 0xF4, 0x4C, 0x5F, 0x14, 0x69, 0x6E, 0x64, 0x65, 0x70, 0x65, 0x6E, 0x64, 0x65, 0x6E,
        0x63, 0x65, 0x00, 0x4D, 0x1E, 0x29, 0x15, 0x43, 0x6F, 0x6D, 0x6D, 0x6F, 0x6E, 0x45, 0x66, 0x66,
        0x65, 0x63, 0x74, 0x4C, 0x61, 0x79, 0x65, 0x72, 0x50, 0x61, 0x73, 0x73, 0x00, 0x3F, 0xB1, 0x70,
        0x15, 0x64, 0x69, 0x72, 0x74, 0x42, 0x6C, 0x65, 0x6E, 0x64, 0x46, 0x61, 0x63, 0x00, 0xD0, 0x2A,
        0x71, 0x15, 0x64, 0x65, 0x74, 0x61, 0x69, 0x6C, 0x4D, 0x61, 0x70, 0x00, 0x2B, 0x38, 0x92, 0x15,
        0x49, 0x6C, 0x6C, 0x75, 0x6D, 0x44, 0x53, 0x00, 0xA6, 0x1A, 0x31, 0x17, 0x42, 0x6C, 0x65, 0x6E,
        0x64, 0x46, 0x61, 0x6C, 0x6C, 0x6F, 0x66, 0x66, 0x00, 0xF9, 0x4C, 0x39, 0x17, 0x47, 0x65, 0x74,
        0x53, 0x70, 0x65, 0x63, 0x75, 0x6C, 0x61, 0x72, 0x54, 0x65, 0x78, 0x00, 0x06, 0x34, 0x7B, 0x17,
        0x46, 0x61, 0x64, 0x69, 0x6E, 0x67, 0x00, 0x02, 0xE0, 0x84, 0x17, 0x54, 0x4D, 0x5F, 0x53, 0x75,
        0x62, 0x53, 0x75, 0x72, 0x66, 0x61, 0x63, 0x65, 0x00, 0x16, 0xE7, 0x77, 0x18, 0x65, 0x6D, 0x69,
        0x74, 0x74, 0x61, 0x6E, 0x63, 0x65, 0x54, 0x65, 0x78, 0x00, 0xFF, 0x96, 0x87, 0x18, 0x47, 0x65,
        0x6E, 0x65, 0x72, 0x61, 0x6C, 0x56, 0x53, 0x00, 0x4D, 0xCD, 0x0B, 0x19, 0x64, 0x65, 0x74, 0x43,
        0x6F, 0x6C, 0x6F, 0x72, 0x00, 0x95, 0x72, 0x31, 0x19, 0x49, 0x6E, 0x74, 0x65, 0x72, 0x70, 0x6F,
        0x6C, 0x61, 0x74, 0x65, 0x00, 0x9A, 0x1C, 0x7D, 0x19, 0x57, 0x48, 0x47, 0x72, 0x69, 0x6D, 0x65,
        0x00, 0x15, 0x74, 0x53, 0x1B, 0x73, 0x65, 0x63, 0x6F, 0x6E, 0x64, 0x61, 0x72, 0x79, 0x00, 0x81,
        0x9A, 0x92, 0x1C, 0x64, 0x69, 0x73, 0x74, 0x61, 0x6E, 0x63, 0x65, 0x00, 0x34, 0x58, 0x77, 0x1D,
        0x76, 0x61, 0x6C, 0x75, 0x65, 0x00, 0xF6, 0x9A, 0x9B, 0x1D, 0x43, 0x6F, 0x6D, 0x6D, 0x6F, 0x6E,
        0x44, 0x65, 0x62, 0x75, 0x67, 0x50, 0x61, 0x73, 0x73, 0x00, 0x44, 0x74, 0xB4, 0x1D, 0x4D, 0x61,
        0x74, 0x65, 0x72, 0x69, 0x61, 0x6C, 0x41, 0x74, 0x74, 0x72, 0x69, 0x62, 0x73, 0x44, 0x65, 0x66,
        0x61, 0x75, 0x6C, 0x74, 0x00, 0xD2, 0x2B, 0x2B, 0x1E, 0x62, 0x6C, 0x65, 0x6E, 0x64, 0x69, 0x6E,
        0x67, 0x00, 0x55, 0x99, 0x59, 0x1E, 0x25, 0x42, 0x49, 0x4C, 0x4C, 0x42, 0x4F, 0x41, 0x52, 0x44,
        0x00, 0xD4, 0x45, 0xA6, 0x1E, 0x43, 0x4C, 0x53, 0x5F, 0x42, 0x4C, 0x4F, 0x4F, 0x44, 0x00, 0x74,
        0x32, 0x8B, 0x1F, 0x6D, 0x61, 0x74, 0x4C, 0x6F, 0x63, 0x61, 0x6C, 0x00, 0x5A, 0xBA, 0x9A, 0x1F,
        0x31, 0x32, 0x38, 0x00, 0x66, 0x75, 0xD7, 0x1F, 0x66, 0x65, 0x61, 0x74, 0x75, 0x72, 0x65, 0x00,
        0xE8, 0xCB, 0xE9, 0x1F, 0x25, 0x4E, 0x4F, 0x52, 0x4D, 0x41, 0x4C, 0x5F, 0x4D, 0x41, 0x50, 0x00,
        0xE0, 0x9D, 0xE7, 0x20, 0x57, 0x48, 0x42, 0x6C, 0x6F, 0x6F, 0x64, 0x00, 0x38, 0x98, 0x34, 0x21,
        0x72, 0x67, 0x62, 0x00, 0xE4, 0x68, 0x85, 0x21, 0x6E, 0x6F, 0x72, 0x6D, 0x61, 0x6C, 0x00, 0xCC,
        0xBC, 0xA1, 0x21, 0x53, 0x70, 0x65, 0x63, 0x75, 0x6C, 0x61, 0x72, 0x42, 0x52, 0x44, 0x46, 0x00,
        0xEA, 0x50, 0x77, 0x23, 0x31, 0x30, 0x30, 0x00, 0x0F, 0xAD, 0xDC, 0x23, 0x53, 0x69, 0x6C, 0x50,
        0x6F, 0x6D, 0x44, 0x69, 0x73, 0x70, 0x6C, 0x61, 0x63, 0x65, 0x6D, 0x65, 0x6E, 0x74, 0x00, 0xC4,
        0xFE, 0xD8, 0x25, 0x30, 0x30, 0x34, 0x00, 0xD2, 0x6D, 0x29, 0x26, 0x4E, 0x6F, 0x72, 0x6D, 0x61,
        0x6C, 0x00, 0x13, 0xF1, 0x4F, 0x26, 0x47, 0x65, 0x74, 0x44, 0x69, 0x73, 0x73, 0x6F, 0x6C, 0x76,
        0x65, 0x54, 0x68, 0x72, 0x65, 0x73, 0x68, 0x6F, 0x6C, 0x64, 0x31, 0x37, 0x00, 0x96, 0xF7, 0xFE,
        0x26, 0x61, 0x70, 0x70, 0x6C, 0x69, 0x65, 0x64, 0x00, 0xAE, 0xC4, 0x3C, 0x27, 0x43, 0x4C, 0x53,
        0x5F, 0x47, 0x52, 0x49, 0x4D, 0x45, 0x00, 0xDE, 0xBC, 0x64, 0x27, 0x45, 0x6D, 0x69, 0x74, 0x74,
        0x61, 0x6E, 0x63, 0x65, 0x4D, 0x61, 0x70, 0x47, 0x61, 0x6D, 0x6D, 0x61, 0x00, 0xC2, 0xDC, 0x91,
        0x27, 0x54, 0x69, 0x6C, 0x6C, 0x69, 0x6E, 0x67, 0x00, 0x44, 0x2E, 0xDE, 0x27, 0x73, 0x68, 0x6F,
        0x75, 0x6C, 0x64, 0x00, 0xB1, 0x6A, 0x16, 0x28, 0x64, 0x69, 0x73, 0x61, 0x70, 0x70, 0x65, 0x61,
        0x72, 0x00, 0x86, 0x08, 0xE0, 0x28, 0x25, 0x57, 0x45, 0x41, 0x50, 0x4F, 0x4E, 0x00, 0xA5, 0x7A,
        0xAA, 0x29, 0x44, 0x65, 0x74, 0x61, 0x69, 0x6C, 0x00, 0x0F, 0x06, 0xAB, 0x2A, 0x41, 0x6C, 0x62,
        0x65, 0x64, 0x6F, 0x00, 0xF2, 0xF6, 0x1E, 0x2B, 0x25, 0x5F, 0x52, 0x54, 0x5F, 0x53, 0x45, 0x43,
        0x4F, 0x4E, 0x44, 0x41, 0x52, 0x59, 0x5F, 0x56, 0x49, 0x45, 0x57, 0x00, 0xB6, 0xBF, 0x2C, 0x2B,
        0x25, 0x5F, 0x52, 0x54, 0x5F, 0x44, 0x45, 0x43, 0x41, 0x4C, 0x5F, 0x54, 0x45, 0x58, 0x47, 0x45,
        0x4E, 0x5F, 0x32, 0x44, 0x00, 0xDC, 0x29, 0x52, 0x2B, 0x4D, 0x65, 0x73, 0x68, 0x42, 0x61, 0x6B,
        0x65, 0x72, 0x00, 0xD8, 0xC4, 0x53, 0x2C, 0x64, 0x65, 0x74, 0x61, 0x69, 0x6C, 0x32, 0x54, 0x65,
        0x78, 0x00, 0xC2, 0xE8, 0xF7, 0x2C, 0x47, 0x65, 0x74, 0x53, 0x4E, 0x44, 0x55, 0x56, 0x53, 0x44,
        0x69, 0x66, 0x66, 0x75, 0x73, 0x65, 0x54, 0x65, 0x78, 0x00, 0x22, 0x04, 0x4F, 0x2D, 0x57, 0x48,
        0x50, 0x65, 0x72, 0x4D, 0x61, 0x74, 0x65, 0x72, 0x69, 0x61, 0x6C, 0x43, 0x42, 0x00, 0x29, 0xFA,
        0xED, 0x2D, 0x66, 0x75, 0x6C, 0x6C, 0x79, 0x00, 0x93, 0x7F, 0x06, 0x2E, 0x64, 0x65, 0x74, 0x61,
        0x69, 0x6C, 0x00, 0x74, 0xEB, 0x09, 0x2E, 0x74, 0x69, 0x6E, 0x74, 0x00, 0x10, 0xDB, 0x31, 0x2E,
        0x76, 0x44, 0x65, 0x74, 0x61, 0x69, 0x6C, 0x32, 0x00, 0x9A, 0xED, 0x4A, 0x2E, 0x4C, 0x49, 0x47,
        0x48, 0x54, 0x5F, 0x54, 0x59, 0x50, 0x45, 0x5F, 0x52, 0x45, 0x47, 0x55, 0x4C, 0x41, 0x52, 0x5F,
        0x41, 0x52, 0x45, 0x41, 0x00, 0x3B, 0xD9, 0xA2, 0x2E, 0x44, 0x69, 0x66, 0x66, 0x75, 0x73, 0x65,
        0x42, 0x52, 0x44, 0x46, 0x00, 0x13, 0x2F, 0x4D, 0x2F, 0x4F, 0x55, 0x54, 0x00, 0x8E, 0x83, 0xCF,
        0x2F, 0x53, 0x74, 0x72, 0x65, 0x6E, 0x67, 0x74, 0x68, 0x00, 0x59, 0x91, 0x4B, 0x30, 0x57, 0x50,
        0x6F, 0x73, 0x00, 0x4B, 0x25, 0x5C, 0x30, 0x67, 0x5F, 0x50, 0x53, 0x5F, 0x50, 0x72, 0x6F, 0x6A,
        0x52, 0x61, 0x74, 0x69, 0x6F, 0x00, 0x51, 0x2E, 0x93, 0x31, 0x55, 0x49, 0x48, 0x65, 0x6C, 0x70,
        0x00, 0xDB, 0x6B, 0x1C, 0x33, 0x44, 0x69, 0x72, 0x74, 0x54, 0x69, 0x6E, 0x74, 0x00, 0xD1, 0xD4,
        0xD0, 0x33, 0x44, 0x65, 0x63, 0x61, 0x6C, 0x44, 0x69, 0x66, 0x66, 0x75, 0x73, 0x65, 0x4F, 0x70,
        0x61, 0x63, 0x69, 0x74, 0x79, 0x00, 0x6A, 0xAE, 0xD8, 0x33, 0x74, 0x70, 0x76, 0x46, 0x61, 0x64,
        0x65, 0x00, 0xC0, 0xB9, 0x0D, 0x34, 0x25, 0x44, 0x49, 0x52, 0x5F, 0x4F, 0x56, 0x45, 0x52, 0x4C,
        0x41, 0x59, 0x00, 0x72, 0x73, 0x0E, 0x34, 0x47, 0x65, 0x74, 0x45, 0x6D, 0x69, 0x74, 0x74, 0x61,
        0x6E, 0x63, 0x65, 0x4D, 0x61, 0x73, 0x6B, 0x00, 0x41, 0xBD, 0x0E, 0x34, 0x74, 0x63, 0x44, 0x65,
        0x74, 0x61, 0x69, 0x6C, 0x32, 0x00, 0x72, 0x0A, 0x22, 0x34, 0x73, 0x74, 0x65, 0x70, 0x73, 0x00,
        0xEC, 0x20, 0xBB, 0x34, 0x61, 0x74, 0x74, 0x72, 0x69, 0x62, 0x73, 0x00, 0x06, 0xCE, 0x15, 0x35,
        0x73, 0x61, 0x74, 0x75, 0x72, 0x61, 0x74, 0x65, 0x00, 0xEB, 0xC3, 0x8D, 0x35, 0x4E, 0x6F, 0x72,
        0x6D, 0x61, 0x6C, 0x57, 0x6F, 0x72, 0x6C, 0x64, 0x00, 0xC4, 0xCC, 0xD1, 0x37, 0x57, 0x65, 0x61,
        0x70, 0x6F, 0x6E, 0x50, 0x61, 0x72, 0x61, 0x6D, 0x73, 0x00, 0x4D, 0xC5, 0xF2, 0x37, 0x64, 0x69,
        0x66, 0x66, 0x75, 0x73, 0x65, 0x41, 0x63, 0x63, 0x00, 0x88, 0x4E, 0x55, 0x38, 0x44, 0x69, 0x72,
        0x74, 0x00, 0xA1, 0x5B, 0x32, 0x3A, 0x64, 0x69, 0x66, 0x66, 0x75, 0x73, 0x65, 0x4D, 0x61, 0x70,
        0x32, 0x00, 0xE2, 0x94, 0x84, 0x3A, 0x44, 0x65, 0x63, 0x61, 0x6C, 0x53, 0x6D, 0x6F, 0x6F, 0x74,
        0x68, 0x6E, 0x65, 0x73, 0x73, 0x54, 0x65, 0x78, 0x00, 0x4F, 0xE8, 0xA3, 0x3A, 0x53, 0x68, 0x61,
        0x64, 0x6F, 0x77, 0x47, 0x65, 0x6E, 0x00, 0xBE, 0x3B, 0xBA, 0x3A, 0x47, 0x00, 0x05, 0xEE, 0x1C,
        0x3B, 0x63, 0x61, 0x6D, 0x65, 0x72, 0x61, 0x00, 0x2D, 0x37, 0x57, 0x3B, 0x47, 0x65, 0x74, 0x54,
        0x65, 0x78, 0x74, 0x75, 0x72, 0x65, 0x32, 0x44, 0x00, 0xF2, 0x85, 0x7D, 0x3B, 0x73, 0x70, 0x65,
        0x63, 0x75, 0x6C, 0x61, 0x72, 0x54, 0x65, 0x78, 0x00, 0xCB, 0xA6, 0x86, 0x3B, 0x25, 0x5F, 0x52,
        0x54, 0x5F, 0x41, 0x4C, 0x50, 0x48, 0x41, 0x54, 0x45, 0x53, 0x54, 0x00, 0xE6, 0x6D, 0x45, 0x3C,
        0x74, 0x68, 0x65, 0x00, 0xFC, 0xB6, 0xB2, 0x3C, 0x77, 0x70, 0x6E, 0x50, 0x61, 0x72, 0x61, 0x6D,
        0x73, 0x00, 0xEF, 0x73, 0x54, 0x3D, 0x47, 0x65, 0x74, 0x44, 0x69, 0x66, 0x66, 0x75, 0x73, 0x65,
        0x44, 0x65, 0x63, 0x61, 0x6C, 0x54, 0x65, 0x78, 0x00, 0xD2, 0x51, 0x77, 0x3D, 0x57, 0x48, 0x44,
        0x69, 0x72, 0x4F, 0x76, 0x65, 0x72, 0x6C, 0x61, 0x79, 0x00, 0xA1, 0xD4, 0xC1, 0x3D, 0x52, 0x65,
        0x66, 0x6C, 0x65, 0x63, 0x74, 0x61, 0x6E, 0x63, 0x65, 0x00, 0xE7, 0xF9, 0x15, 0x3E, 0x76, 0x69,
        0x65, 0x77, 0x56, 0x65, 0x63, 0x00, 0x05, 0x48, 0xB2, 0x41, 0x49, 0x6E, 0x64, 0x65, 0x78, 0x00,
        0x5B, 0x6A, 0x87, 0x42, 0x62, 0x69, 0x61, 0x73, 0x00, 0x66, 0x6D, 0xFD, 0x43, 0x6F, 0x70, 0x61,
        0x63, 0x69, 0x74, 0x79, 0x00, 0xF5, 0xE4, 0x2C, 0x46, 0x70, 0x6F, 0x73, 0x69, 0x74, 0x69, 0x6F,
        0x6E, 0x00, 0xC8, 0x99, 0x58, 0x46, 0x45, 0x6D, 0x69, 0x74, 0x50, 0x72, 0x69, 0x73, 0x6D, 0x47,
        0x00, 0x16, 0x4E, 0xE7, 0x46, 0x73, 0x6D, 0x6F, 0x6F, 0x74, 0x68, 0x6E, 0x65, 0x73, 0x73, 0x00,
        0x24, 0x14, 0x39, 0x47, 0x35, 0x66, 0x00, 0x7B, 0x29, 0x94, 0x47, 0x25, 0x44, 0x45, 0x54, 0x41,
        0x49, 0x4C, 0x5F, 0x41, 0x54, 0x4C, 0x41, 0x53, 0x00, 0x16, 0xFB, 0xFB, 0x47, 0x43, 0x68, 0x61,
        0x6E, 0x67, 0x65, 0x00, 0xD4, 0x80, 0x3E, 0x48, 0x31, 0x36, 0x00, 0xA5, 0x5B, 0x3F, 0x48, 0x70,
        0x30, 0x00, 0x31, 0xCF, 0xD0, 0x4A, 0x42, 0x00, 0xEF, 0xB5, 0x5E, 0x4B, 0x47, 0x65, 0x6E, 0x65,
        0x72, 0x61, 0x6C, 0x47, 0x53, 0x00, 0x45, 0x03, 0xA5, 0x4E, 0x4F, 0x42, 0x4D, 0x00, 0x79, 0x31,
        0xDD, 0x4E, 0x47, 0x65, 0x6E, 0x65, 0x72, 0x61, 0x6C, 0x50, 0x53, 0x00, 0xF8, 0x2C, 0x6D, 0x4F,
        0x66, 0x61, 0x6C, 0x6C, 0x6F, 0x66, 0x66, 0x00, 0x4C, 0x1B, 0x0A, 0x50, 0x56, 0x00, 0x1D, 0x8D,
        0x5C, 0x50, 0x47, 0x65, 0x74, 0x43, 0x75, 0x73, 0x74, 0x6F, 0x6D, 0x54, 0x65, 0x78, 0x00, 0x7C,
        0x06, 0x37, 0x51, 0x69, 0x66, 0x00, 0x75, 0x65, 0x32, 0x52, 0x42, 0x6C, 0x65, 0x6E, 0x64, 0x4C,
        0x61, 0x79, 0x65, 0x72, 0x32, 0x54, 0x69, 0x6C, 0x69, 0x6E, 0x67, 0x00, 0x52, 0xCE, 0xDF, 0x52,
        0x30, 0x30, 0x35, 0x00, 0x53, 0x2B, 0x8F, 0x53, 0x4D, 0x61, 0x74, 0x45, 0x6D, 0x69, 0x73, 0x73,
        0x69, 0x76, 0x65, 0x43, 0x6F, 0x6C, 0x6F, 0x72, 0x00, 0xE6, 0xCE, 0x1E, 0x55, 0x43, 0x4C, 0x53,
        0x5F, 0x53, 0x43, 0x52, 0x41, 0x54, 0x43, 0x48, 0x00, 0xCC, 0x9F, 0x6D, 0x55, 0x76, 0x65, 0x72,
        0x74, 0x65, 0x78, 0x41, 0x6C, 0x70, 0x68, 0x61, 0x00, 0x4B, 0x0A, 0xB2, 0x55, 0x30, 0x30, 0x31,
        0x00, 0x8B, 0x55, 0xBB, 0x55, 0x65, 0x6C, 0x73, 0x65, 0x00, 0xD8, 0x08, 0xE1, 0x55, 0x53, 0x69,
        0x6C, 0x50, 0x6F, 0x6D, 0x53, 0x74, 0x65, 0x70, 0x53, 0x69, 0x7A, 0x65, 0x56, 0x69, 0x65, 0x77,
        0x44, 0x65, 0x70, 0x00, 0xCC, 0xDF, 0x38, 0x56, 0x62, 0x61, 0x73, 0x65, 0x54, 0x43, 0x00, 0x8C,
        0x75, 0x48, 0x56, 0x30, 0x32, 0x00, 0x39, 0x14, 0x13, 0x57, 0x63, 0x72, 0x6F, 0x73, 0x73, 0x00,
        0x81, 0x51, 0x3D, 0x57, 0x69, 0x6C, 0x6C, 0x75, 0x6D, 0x69, 0x6E, 0x61, 0x6E, 0x63, 0x65, 0x57,
        0x48, 0x00, 0x55, 0xDF, 0x67, 0x57, 0x52, 0x00, 0x60, 0x54, 0xF0, 0x57, 0x77, 0x6F, 0x72, 0x6C,
        0x64, 0x50, 0x6F, 0x73, 0x00, 0x82, 0x86, 0x0D, 0x59, 0x49, 0x6C, 0x6C, 0x75, 0x6D, 0x69, 0x6E,
        0x61, 0x74, 0x69, 0x6F, 0x6E, 0x50, 0x53, 0x00, 0x45, 0xC9, 0x24, 0x59, 0x76, 0x65, 0x72, 0x74,
        0x32, 0x46, 0x72, 0x61, 0x67, 0x47, 0x65, 0x6E, 0x65, 0x72, 0x61, 0x6C, 0x00, 0x7B, 0xEC, 0x3B,
        0x59, 0x48, 0x50, 0x6F, 0x73, 0x69, 0x74, 0x69, 0x6F, 0x6E, 0x00, 0x1C, 0x67, 0x68, 0x5A, 0x7A,
        0x77, 0x00, 0x63, 0xAC, 0x40, 0x5B, 0x44, 0x69, 0x72, 0x74, 0x47, 0x6C, 0x6F, 0x73, 0x73, 0x46,
        0x61, 0x63, 0x74, 0x6F, 0x72, 0x00, 0x52, 0xD5, 0x34, 0x5C, 0x69, 0x6E, 0x76, 0x65, 0x72, 0x73,
        0x65, 0x53, 0x71, 0x75, 0x61, 0x72, 0x65, 0x41, 0x74, 0x74, 0x65, 0x6E, 0x75, 0x61, 0x74, 0x69,
        0x6F, 0x6E, 0x00, 0x14, 0x02, 0x8E, 0x5C, 0x49, 0x6C, 0x6C, 0x75, 0x6D, 0x69, 0x6E, 0x61, 0x74,
        0x69, 0x6F, 0x6E, 0x47, 0x53, 0x00, 0x3D, 0xA9, 0x32, 0x5D, 0x4F, 0x75, 0x74, 0x53, 0x74, 0x72,
        0x65, 0x61, 0x6D, 0x00, 0xB1, 0x6D, 0x38, 0x5D, 0x25, 0x57, 0x52, 0x49, 0x4E, 0x4B, 0x4C, 0x45,
        0x5F, 0x42, 0x4C, 0x45, 0x4E, 0x44, 0x49, 0x4E, 0x47, 0x00, 0xBD, 0x69, 0xF4, 0x5D, 0x53, 0x6E,
        0x64, 0x55, 0x56, 0x73, 0x54, 0x69, 0x6C, 0x65, 0x55, 0x00, 0xD4, 0xCB, 0x9B, 0x5E, 0x44, 0x65,
        0x63, 0x61, 0x6C, 0x4E, 0x6F, 0x72, 0x6D, 0x61, 0x6C, 0x4F, 0x70, 0x61, 0x63, 0x69, 0x74, 0x79,
        0x00, 0xED, 0xF5, 0xBB, 0x5F, 0x44, 0x65, 0x63, 0x61, 0x6C, 0x41, 0x6E, 0x67, 0x6C, 0x65, 0x42,
        0x61, 0x73, 0x65, 0x64, 0x46, 0x61, 0x64, 0x69, 0x6E, 0x67, 0x00, 0x4E, 0x8E, 0xEC, 0x5F, 0x69,
        0x6E, 0x00, 0x00, 0xB8, 0x3C, 0x60, 0x53, 0x70, 0x65, 0x63, 0x00, 0x49, 0x00, 0x6B, 0x60, 0x6E,
        0x6F, 0x72, 0x6D, 0x61, 0x6C, 0x73, 0x54, 0x65, 0x78, 0x00, 0x2C, 0xE6, 0x73, 0x60, 0x47, 0x65,
        0x6E, 0x65, 0x72, 0x61, 0x6C, 0x44, 0x53, 0x00, 0xD0, 0xAC, 0xE9, 0x60, 0x30, 0x32, 0x35, 0x00,
        0xED, 0xEF, 0x1C, 0x61, 0x44, 0x69, 0x66, 0x66, 0x75, 0x73, 0x65, 0x00, 0xDF, 0x32, 0x37, 0x61,
        0x65, 0x6D, 0x69, 0x74, 0x74, 0x61, 0x6E, 0x63, 0x65, 0x4D, 0x61, 0x70, 0x00, 0x23, 0x1D, 0x8C,
        0x61, 0x50, 0x6F, 0x6D, 0x44, 0x69, 0x73, 0x70, 0x6C, 0x61, 0x63, 0x65, 0x6D, 0x65, 0x6E, 0x74,
        0x00, 0xF9, 0x2E, 0x07, 0x62, 0x62, 0x75, 0x6D, 0x70, 0x00, 0xE7, 0xF0, 0x66, 0x63, 0x47, 0x65,
        0x74, 0x44, 0x65, 0x74, 0x61, 0x69, 0x6C, 0x41, 0x74, 0x6C, 0x61, 0x73, 0x54, 0x65, 0x78, 0x00,
        0xF8, 0x80, 0x69, 0x63, 0x42, 0x61, 0x73, 0x65, 0x64, 0x00, 0xB0, 0x6A, 0xD4, 0x63, 0x43, 0x6F,
        0x6D, 0x6D, 0x6F, 0x6E, 0x53, 0x68, 0x61, 0x64, 0x6F, 0x77, 0x47, 0x65, 0x6E, 0x50, 0x61, 0x73,
        0x73, 0x00, 0x65, 0xBA, 0xD8, 0x63, 0x46, 0x6F, 0x72, 0x77, 0x61, 0x72, 0x64, 0x53, 0x68, 0x61,
        0x64, 0x69, 0x6E, 0x67, 0x00, 0x6F, 0x6C, 0x82, 0x64, 0x41, 0x70, 0x70, 0x6C, 0x79, 0x44, 0x65,
        0x74, 0x61, 0x69, 0x6C, 0x46, 0x61, 0x64, 0x65, 0x6F, 0x75, 0x74, 0x57, 0x48, 0x00, 0x71, 0x0F,
        0xBE, 0x64, 0x61, 0x72, 0x65, 0x61, 0x41, 0x74, 0x74, 0x72, 0x69, 0x62, 0x73, 0x00, 0x4E, 0x08,
        0x7E, 0x66, 0x25, 0x43, 0x4F, 0x4C, 0x4F, 0x52, 0x49, 0x5A, 0x49, 0x4E, 0x47, 0x5F, 0x57, 0x49,
        0x54, 0x48, 0x5F, 0x4D, 0x41, 0x53, 0x4B, 0x00, 0xA0, 0x39, 0x90, 0x66, 0x48, 0x65, 0x69, 0x67,
        0x68, 0x74, 0x32, 0x54, 0x65, 0x78, 0x00, 0x90, 0x8D, 0x2E, 0x67, 0x73, 0x70, 0x65, 0x63, 0x4D,
        0x61, 0x70, 0x00, 0x0B, 0xCE, 0x5B, 0x67, 0x47, 0x65, 0x74, 0x4C, 0x61, 0x79, 0x65, 0x72, 0x42,
        0x6C, 0x65, 0x6E, 0x64, 0x69, 0x6E, 0x67, 0x56, 0x61, 0x6C, 0x75, 0x65, 0x00, 0x84, 0x0B, 0x0F,
        0x69, 0x32, 0x6E, 0x64, 0x00, 0x49, 0xFE, 0x5D, 0x69, 0x44, 0x65, 0x74, 0x61, 0x69, 0x6C, 0x32,
        0x44, 0x69, 0x66, 0x66, 0x75, 0x73, 0x65, 0x53, 0x63, 0x61, 0x6C, 0x65, 0x00, 0xC1, 0x6C, 0xD3,
        0x69, 0x62, 0x6C, 0x65, 0x6E, 0x64, 0x65, 0x64, 0x00, 0x0E, 0x7E, 0x35, 0x6A, 0x4D, 0x61, 0x74,
        0x53, 0x70, 0x65, 0x63, 0x43, 0x6F, 0x6C, 0x6F, 0x72, 0x00, 0x2C, 0x5E, 0x5C, 0x6A, 0x42, 0x6C,
        0x65, 0x6E, 0x64, 0x00, 0xF7, 0x5C, 0x1A, 0x6B, 0x6C, 0x69, 0x67, 0x68, 0x74, 0x00, 0x19, 0xFF,
        0x31, 0x6C, 0x64, 0x65, 0x74, 0x61, 0x69, 0x6C, 0x54, 0x65, 0x78, 0x00, 0x0B, 0x89, 0x5A, 0x6C,
        0x47, 0x65, 0x74, 0x4C, 0x75, 0x6D, 0x69, 0x6E, 0x61, 0x6E, 0x63, 0x65, 0x00, 0x02, 0x4A, 0x77,
        0x6C, 0x47, 0x65, 0x74, 0x44, 0x69, 0x66, 0x66, 0x75, 0x73, 0x65, 0x54, 0x65, 0x78, 0x00, 0xCB,
        0x4C, 0x87, 0x6D, 0x25, 0x43, 0x4F, 0x4C, 0x4F, 0x52, 0x49, 0x5A, 0x49, 0x4E, 0x47, 0x00, 0x7D,
        0xCD, 0x0E, 0x6F, 0x74, 0x63, 0x44, 0x65, 0x74, 0x61, 0x69, 0x6C, 0x00, 0x9D, 0xCF, 0x2A, 0x6F,
        0x44, 0x69, 0x72, 0x74, 0x54, 0x69, 0x6C, 0x69, 0x6E, 0x67, 0x00, 0x1A, 0x35, 0x5F, 0x6F, 0x43,
        0x6F, 0x6D, 0x70, 0x75, 0x74, 0x65, 0x4E, 0x65, 0x61, 0x72, 0x65, 0x73, 0x74, 0x4C, 0x69, 0x67,
        0x68, 0x74, 0x4F, 0x6E, 0x53, 0x75, 0x6E, 0x57, 0x48, 0x00, 0xDC, 0x73, 0x2C, 0x71, 0x76, 0x44,
        0x65, 0x74, 0x61, 0x69, 0x6C, 0x32, 0x53, 0x63, 0x61, 0x6C, 0x65, 0x73, 0x00, 0x76, 0x24, 0xF6,
        0x71, 0x66, 0x61, 0x72, 0x00, 0x2D, 0x82, 0x76, 0x75, 0x73, 0x68, 0x61, 0x64, 0x6F, 0x77, 0x00,
        0xC6, 0x79, 0x37, 0x76, 0x44, 0x69, 0x72, 0x74, 0x53, 0x74, 0x72, 0x65, 0x6E, 0x67, 0x74, 0x68,
        0x00, 0x11, 0x04, 0xB3, 0x76, 0x43, 0x75, 0x73, 0x74, 0x6F, 0x6D, 0x52, 0x65, 0x6E, 0x64, 0x65,
        0x72, 0x50, 0x61, 0x73, 0x73, 0x00, 0xE0, 0x2B, 0xD3, 0x76, 0x66, 0x00, 0xED, 0x3F, 0xF5, 0x76,
        0x44, 0x65, 0x74, 0x61, 0x69, 0x6C, 0x44, 0x69, 0x66, 0x66, 0x75, 0x73, 0x65, 0x53, 0x63, 0x61,
        0x6C, 0x65, 0x00, 0x45, 0x7D, 0xBC, 0x77, 0x31, 0x30, 0x30, 0x30, 0x30, 0x00, 0x7A, 0x78, 0xE4,
        0x78, 0x45, 0x4E, 0x56, 0x49, 0x52, 0x4F, 0x4E, 0x4D, 0x45, 0x4E, 0x54, 0x43, 0x55, 0x42, 0x45,
        0x4D, 0x41, 0x50, 0x00, 0x66, 0x6D, 0x03, 0x79, 0x63, 0x6F, 0x6D, 0x6D, 0x6F, 0x6E, 0x41, 0x74,
        0x74, 0x72, 0x69, 0x62, 0x73, 0x00, 0x2A, 0xC9, 0x78, 0x79, 0x52, 0x45, 0x47, 0x5F, 0x50, 0x4D,
        0x5F, 0x50, 0x41, 0x52, 0x41, 0x4D, 0x5F, 0x37, 0x00, 0x74, 0xAA, 0xD6, 0x79, 0x76, 0x54, 0x61,
        0x6E, 0x67, 0x65, 0x6E, 0x74, 0x00, 0xC1, 0x8C, 0xAD, 0x7A, 0x55, 0x49, 0x53, 0x74, 0x65, 0x70,
        0x00, 0xE4, 0xF4, 0x9C, 0x7B, 0x30, 0x30, 0x30, 0x31, 0x00, 0x80, 0x91, 0x6D, 0x7C, 0x25, 0x53,
        0x50, 0x45, 0x43, 0x55, 0x4C, 0x41, 0x52, 0x5F, 0x4D, 0x41, 0x50, 0x00, 0x4F, 0x26, 0x65, 0x7D,
        0x33, 0x32, 0x00, 0x33, 0x0D, 0x15, 0x7E, 0x52, 0x45, 0x47, 0x5F, 0x50, 0x4D, 0x5F, 0x50, 0x41,
        0x52, 0x41, 0x4D, 0x5F, 0x33, 0x00, 0xA1, 0x0D, 0x2E, 0x7E, 0x52, 0x45, 0x47, 0x5F, 0x50, 0x4D,
        0x5F, 0x50, 0x41, 0x52, 0x41, 0x4D, 0x5F, 0x31, 0x34, 0x00, 0xFD, 0x37, 0xE9, 0x7E, 0x77, 0x6F,
        0x72, 0x6C, 0x64, 0x44, 0x69, 0x73, 0x74, 0x61, 0x6E, 0x63, 0x65, 0x00, 0x30, 0xC3, 0x6F, 0x7F,
        0x6D, 0x61, 0x73, 0x6B, 0x00, 0x10, 0xAB, 0x61, 0x80, 0x76, 0x42, 0x69, 0x6E, 0x6F, 0x72, 0x6D,
        0x61, 0x6C, 0x00, 0x64, 0x15, 0xD0, 0x80, 0x46, 0x61, 0x6C, 0x6C, 0x6F, 0x66, 0x66, 0x00, 0x0F,
        0xAA, 0x57, 0x81, 0x70, 0x72, 0x6F, 0x66, 0x69, 0x6C, 0x65, 0x00, 0x01, 0x4E, 0x5D, 0x81, 0x25,
        0x44, 0x45, 0x54, 0x41, 0x49, 0x4C, 0x5F, 0x4D, 0x41, 0x50, 0x50, 0x49, 0x4E, 0x47, 0x00, 0xE0,
        0x25, 0x03, 0x82, 0x44, 0x65, 0x63, 0x61, 0x6C, 0x46, 0x61, 0x6C, 0x6C, 0x6F, 0x66, 0x66, 0x00,
        0x72, 0x0D, 0x66, 0x82, 0x74, 0x65, 0x78, 0x74, 0x75, 0x72, 0x65, 0x00, 0xC5, 0x44, 0x8B, 0x86,
        0x67, 0x72, 0x69, 0x6D, 0x65, 0x00, 0x61, 0x2E, 0x16, 0x87, 0x41, 0x70, 0x70, 0x6C, 0x79, 0x57,
        0x65, 0x61, 0x70, 0x6F, 0x6E, 0x54, 0x6F, 0x43, 0x6F, 0x6D, 0x6D, 0x6F, 0x6E, 0x50, 0x61, 0x72,
        0x61, 0x6D, 0x73, 0x00, 0xB5, 0x22, 0xB4, 0x87, 0x70, 0x6F, 0x77, 0x00, 0xFE, 0x8D, 0xC0, 0x87,
        0x64, 0x69, 0x72, 0x74, 0x54, 0x65, 0x78, 0x00, 0x4D, 0x29, 0x7B, 0x89, 0x25, 0x41, 0x4C, 0x50,
        0x48, 0x41, 0x4D, 0x41, 0x53, 0x4B, 0x5F, 0x44, 0x45, 0x54, 0x41, 0x49, 0x4C, 0x4D, 0x41, 0x50,
        0x00, 0x5A, 0x29, 0xAB, 0x89, 0x47, 0x65, 0x74, 0x5F, 0x53, 0x50, 0x49, 0x5F, 0x44, 0x69, 0x73,
        0x73, 0x6F, 0x6C, 0x76, 0x65, 0x00, 0x22, 0x76, 0x70, 0x8A, 0x32, 0x30, 0x00, 0x94, 0xC9, 0xB1,
        0x8A, 0x42, 0x75, 0x6D, 0x70, 0x32, 0x54, 0x65, 0x78, 0x00, 0x6A, 0x1D, 0xB7, 0x8A, 0x55, 0x49,
        0x4D, 0x61, 0x78, 0x00, 0x3E, 0xBE, 0x07, 0x8B, 0x65, 0x6D, 0x69, 0x74, 0x74, 0x61, 0x6E, 0x63,
        0x65, 0x00, 0xD5, 0xCF, 0xB5, 0x8B, 0x55, 0x56, 0x53, 0x00, 0xFA, 0x54, 0x40, 0x8C, 0x4F, 0x70,
        0x61, 0x63, 0x69, 0x74, 0x79, 0x00, 0x1D, 0xFD, 0xBA, 0x8C, 0x57, 0x48, 0x48, 0x69, 0x64, 0x69,
        0x6E, 0x67, 0x47, 0x72, 0x6F, 0x75, 0x70, 0x73, 0x00, 0x29, 0x57, 0xDE, 0x8C, 0x74, 0x79, 0x70,
        0x65, 0x00, 0x4A, 0x44, 0x3B, 0x8E, 0x54, 0x69, 0x6E, 0x74, 0x00, 0x42, 0x70, 0xA1, 0x8E, 0x61,
        0x6D, 0x6F, 0x75, 0x6E, 0x74, 0x00, 0xF7, 0xD6, 0xF3, 0x8E, 0x25, 0x50, 0x41, 0x52, 0x41, 0x4C,
        0x4C, 0x41, 0x58, 0x5F, 0x4F, 0x43, 0x43, 0x4C, 0x55, 0x53, 0x49, 0x4F, 0x4E, 0x5F, 0x4D, 0x41,
        0x50, 0x50, 0x49, 0x4E, 0x47, 0x00, 0x57, 0x7A, 0x89, 0x8F, 0x47, 0x65, 0x74, 0x45, 0x6D, 0x69,
        0x74, 0x74, 0x61, 0x6E, 0x63, 0x65, 0x54, 0x65, 0x78, 0x00, 0x0E, 0x68, 0xDF, 0x8F, 0x44, 0x65,
        0x63, 0x61, 0x6C, 0x53, 0x70, 0x65, 0x63, 0x75, 0x6C, 0x61, 0x72, 0x4F, 0x70, 0x61, 0x63, 0x69,
        0x74, 0x79, 0x00, 0x99, 0x28, 0xE6, 0x8F, 0x78, 0x79, 0x00, 0x1F, 0x6C, 0x1B, 0x90, 0x52, 0x45,
        0x47, 0x5F, 0x50, 0x4D, 0x5F, 0x50, 0x41, 0x52, 0x41, 0x4D, 0x5F, 0x31, 0x00, 0x69, 0x18, 0x43,
        0x90, 0x66, 0x61, 0x64, 0x65, 0x6F, 0x75, 0x74, 0x00, 0x77, 0x5A, 0x45, 0x90, 0x73, 0x63, 0x72,
        0x61, 0x74, 0x63, 0x68, 0x00, 0x2C, 0x63, 0xA6, 0x90, 0x43, 0x6F, 0x6D, 0x6D, 0x6F, 0x6E, 0x5A,
        0x50, 0x61, 0x73, 0x73, 0x00, 0x62, 0x1A, 0x3C, 0x91, 0x4E, 0x75, 0x6D, 0x62, 0x65, 0x72, 0x00,
        0xE7, 0x06, 0x6B, 0x91, 0x68, 0x00, 0xDB, 0x1D, 0x78, 0x92, 0x57, 0x48, 0x57, 0x65, 0x61, 0x70,
        0x6F, 0x6E, 0x00, 0xA7, 0x0D, 0xBB, 0x92, 0x6D, 0x54, 0x61, 0x6E, 0x67, 0x65, 0x6E, 0x74, 0x54,
        0x6F, 0x57, 0x53, 0x00, 0x49, 0x5A, 0x87, 0x93, 0x72, 0x61, 0x6E, 0x67, 0x65, 0x00, 0xBB, 0xAA,
        0xAD, 0x93, 0x6D, 0x61, 0x70, 0x00, 0x7B, 0xE7, 0xE4, 0x93, 0x64, 0x69, 0x66, 0x66, 0x75, 0x73,
        0x65, 0x4D, 0x61, 0x70, 0x41, 0x6C, 0x70, 0x68, 0x61, 0x00, 0x2B, 0xFF, 0x10, 0x95, 0x25, 0x5F,
        0x52, 0x54, 0x5F, 0x41, 0x4C, 0x50, 0x48, 0x41, 0x42, 0x4C, 0x45, 0x4E, 0x44, 0x00, 0xA0, 0x7E,
        0x06, 0x96, 0x4C, 0x49, 0x47, 0x48, 0x54, 0x5F, 0x54, 0x59, 0x50, 0x45, 0x5F, 0x52, 0x45, 0x47,
        0x55, 0x4C, 0x41, 0x52, 0x5F, 0x41, 0x52, 0x45, 0x41, 0x46, 0x41, 0x43, 0x45, 0x00, 0x7E, 0x0E,
        0x0B, 0x96, 0x53, 0x68, 0x61, 0x64, 0x6F, 0x77, 0x43, 0x6F, 0x6D, 0x6D, 0x6F, 0x6E, 0x00, 0xA0,
        0xD5, 0x3C, 0x97, 0x6E, 0x6F, 0x72, 0x6D, 0x00, 0x06, 0xA8, 0x76, 0x97, 0x52, 0x45, 0x47, 0x5F,
        0x50, 0x4D, 0x5F, 0x50, 0x41, 0x52, 0x41, 0x4D, 0x5F, 0x35, 0x00, 0xD6, 0xBF, 0xA7, 0x97, 0x47,
        0x65, 0x74, 0x53, 0x70, 0x65, 0x63, 0x75, 0x6C, 0x61, 0x72, 0x54, 0x65, 0x78, 0x4C, 0x6F, 0x64,
        0x00, 0xB6, 0xE1, 0x67, 0x98, 0x64, 0x69, 0x72, 0x74, 0x00, 0xAF, 0xCF, 0xDD, 0x98, 0x44, 0x65,
        0x63, 0x61, 0x6C, 0x44, 0x69, 0x66, 0x66, 0x75, 0x73, 0x65, 0x54, 0x65, 0x78, 0x00, 0x5F, 0xA5,
        0x1A, 0x99, 0x44, 0x65, 0x74, 0x61, 0x69, 0x6C, 0x32, 0x47, 0x6C, 0x6F, 0x73, 0x73, 0x53, 0x63,
        0x61, 0x6C, 0x65, 0x00, 0x12, 0xDA, 0x7A, 0x99, 0x66, 0x77, 0x64, 0x41, 0x74, 0x74, 0x72, 0x69,
        0x62, 0x73, 0x00, 0x46, 0xF3, 0x9F, 0x9A, 0x73, 0x6D, 0x6F, 0x6F, 0x74, 0x68, 0x6E, 0x65, 0x73,
        0x73, 0x54, 0x65, 0x78, 0x00, 0x1A, 0x34, 0x00, 0x9B, 0x78, 0x78, 0x79, 0x7A, 0x00, 0xDD, 0x7C,
        0xD3, 0x9B, 0x47, 0x65, 0x74, 0x53, 0x6D, 0x6F, 0x6F, 0x74, 0x68, 0x6E, 0x65, 0x73, 0x73, 0x54,
        0x65, 0x78, 0x00, 0xD1, 0x09, 0x0B, 0x9F, 0x41, 0x70, 0x70, 0x6C, 0x79, 0x57, 0x65, 0x61, 0x70,
        0x6F, 0x6E, 0x54, 0x6F, 0x44, 0x65, 0x74, 0x61, 0x69, 0x6C, 0x00, 0x1C, 0xE9, 0x6F, 0x9F, 0x53,
        0x69, 0x6C, 0x68, 0x6F, 0x75, 0x65, 0x74, 0x74, 0x65, 0x00, 0x6C, 0xAD, 0x7A, 0x9F, 0x64, 0x69,
        0x73, 0x63, 0x4C, 0x69, 0x67, 0x68, 0x74, 0x56, 0x65, 0x63, 0x00, 0x27, 0x1D, 0x3C, 0xA1, 0x53,
        0x53, 0x53, 0x49, 0x6E, 0x64, 0x65, 0x78, 0x00, 0x94, 0x86, 0x4A, 0xA2, 0x49, 0x6C, 0x6C, 0x75,
        0x6D, 0x54, 0x65, 0x73, 0x73, 0x00, 0xFC, 0xAF, 0xA8, 0xA2, 0x62, 0x61, 0x73, 0x65, 0x64, 0x00,
        0x5B, 0xA9, 0x9A, 0xA4, 0x6D, 0x75, 0x6C, 0x74, 0x69, 0x70, 0x6C, 0x69, 0x65, 0x72, 0x00, 0x12,
        0xFB, 0xA4, 0xA4, 0x74, 0x61, 0x6E, 0x67, 0x00, 0x79, 0xEB, 0x12, 0xA5, 0x42, 0x6C, 0x65, 0x6E,
        0x64, 0x54, 0x65, 0x78, 0x00, 0x16, 0xB9, 0x87, 0xA5, 0x74, 0x65, 0x78, 0x74, 0x75, 0x72, 0x65,
        0x73, 0x00, 0x66, 0x23, 0xD8, 0xA5, 0x47, 0x65, 0x74, 0x53, 0x6D, 0x6F, 0x6F, 0x74, 0x68, 0x6E,
        0x65, 0x73, 0x73, 0x32, 0x54, 0x65, 0x78, 0x4C, 0x6F, 0x64, 0x00, 0x1C, 0x02, 0xE8, 0xA5, 0x63,
        0x6C, 0x69, 0x70, 0x70, 0x69, 0x6E, 0x67, 0x00, 0x81, 0x4B, 0x36, 0xA6, 0x47, 0x65, 0x74, 0x44,
        0x69, 0x66, 0x66, 0x75, 0x73, 0x65, 0x32, 0x54, 0x65, 0x78, 0x00, 0x3E, 0x0E, 0xA0, 0xA6, 0x76,
        0x73, 0x5F, 0x73, 0x68, 0x61, 0x72, 0x65, 0x64, 0x5F, 0x6F, 0x75, 0x74, 0x70, 0x75, 0x74, 0x00,
        0xBC, 0x2A, 0xA9, 0xA6, 0x54, 0x72, 0x61, 0x6E, 0x73, 0x6D, 0x69, 0x74, 0x74, 0x61, 0x6E, 0x63,
        0x65, 0x43, 0x6F, 0x6C, 0x6F, 0x72, 0x00, 0x49, 0xCF, 0x62, 0xA7, 0x57, 0x48, 0x44, 0x65, 0x63,
        0x61, 0x6C, 0x41, 0x74, 0x6C, 0x61, 0x73, 0x00, 0xBE, 0xA9, 0x66, 0xA7, 0x57, 0x48, 0x43, 0x6C,
        0x6F, 0x74, 0x68, 0x69, 0x6E, 0x67, 0x53, 0x79, 0x73, 0x74, 0x65, 0x6D, 0x00, 0xF7, 0x79, 0x13,
        0xA8, 0x46, 0x6F, 0x72, 0x77, 0x61, 0x72, 0x64, 0x4C, 0x69, 0x67, 0x68, 0x74, 0x50, 0x61, 0x72,
        0x61, 0x6D, 0x73, 0x00, 0x87, 0xEF, 0xE0, 0xA8, 0x44, 0x65, 0x74, 0x61, 0x69, 0x6C, 0x42, 0x75,
        0x6D, 0x70, 0x53, 0x63, 0x61, 0x6C, 0x65, 0x00, 0x60, 0x52, 0x8A, 0xA9, 0x25, 0x5F, 0x52, 0x54,
        0x5F, 0x41, 0x52, 0x45, 0x41, 0x5F, 0x4C, 0x49, 0x47, 0x48, 0x54, 0x00, 0x8E, 0xF1, 0x0D, 0xAB,
        0x74, 0x69, 0x6C, 0x69, 0x6E, 0x67, 0x00, 0x24, 0x45, 0x4F, 0xAB, 0x47, 0x65, 0x74, 0x41, 0x6C,
        0x70, 0x68, 0x61, 0x54, 0x65, 0x78, 0x00, 0x28, 0x71, 0x9D, 0xAB, 0x62, 0x6C, 0x65, 0x6E, 0x64,
        0x00, 0x5B, 0xEC, 0xE0, 0xAB, 0x4D, 0x61, 0x70, 0x00, 0x53, 0xEF, 0xF9, 0xAB, 0x76, 0x65, 0x72,
        0x74, 0x43, 0x6F, 0x6D, 0x6D, 0x6F, 0x6E, 0x00, 0xB8, 0xF4, 0xA1, 0xAC, 0x54, 0x69, 0x6C, 0x69,
        0x6E, 0x67, 0x00, 0x67, 0x14, 0x20, 0xAD, 0x63, 0x6C, 0x69, 0x70, 0x00, 0xB1, 0x07, 0x68, 0xAD,
        0x74, 0x65, 0x78, 0x54, 0x43, 0x00, 0x9D, 0x96, 0xCC, 0xAD, 0x48, 0x6F, 0x77, 0x00, 0xD9, 0xF2,
        0xCF, 0xAD, 0x62, 0x6C, 0x65, 0x6E, 0x64, 0x46, 0x61, 0x63, 0x00, 0x86, 0xDC, 0x54, 0xAE, 0x73,
        0x65, 0x63, 0x6F, 0x6E, 0x64, 0x54, 0x43, 0x00, 0x71, 0xD6, 0xA1, 0xAE, 0x64, 0x69, 0x66, 0x66,
        0x75, 0x73, 0x65, 0x00, 0x15, 0x19, 0xDA, 0xAE, 0x25, 0x55, 0x53, 0x45, 0x5F, 0x46, 0x49, 0x52,
        0x53, 0x54, 0x5F, 0x55, 0x56, 0x5F, 0x44, 0x45, 0x54, 0x4D, 0x41, 0x50, 0x00, 0x83, 0x13, 0x0A,
        0xB0, 0x47, 0x65, 0x74, 0x4E, 0x6F, 0x72, 0x6D, 0x61, 0x6C, 0x4D, 0x61, 0x70, 0x00, 0xF2, 0x20,
        0xAD, 0xB0, 0x47, 0x65, 0x74, 0x53, 0x6D, 0x6F, 0x6F, 0x74, 0x68, 0x6E, 0x65, 0x73, 0x73, 0x32,
        0x54, 0x65, 0x78, 0x00, 0x1D, 0xEF, 0xDB, 0xB0, 0x55, 0x56, 0x73, 0x00, 0x48, 0x0E, 0xAD, 0xB1,
        0x6D, 0x61, 0x78, 0x76, 0x65, 0x72, 0x74, 0x65, 0x78, 0x63, 0x6F, 0x75, 0x6E, 0x74, 0x00, 0x5F,
        0x14, 0xB3, 0xB1, 0x53, 0x65, 0x63, 0x6F, 0x6E, 0x64, 0x00, 0x17, 0xA3, 0x27, 0xB4, 0x31, 0x30,
        0x30, 0x30, 0x00, 0x91, 0x73, 0x7E, 0xB4, 0x45, 0x78, 0x70, 0x61, 0x6E, 0x64, 0x00, 0xC3, 0xBF,
        0x25, 0xB5, 0x32, 0x35, 0x36, 0x00, 0x69, 0x11, 0x1F, 0xB6, 0x73, 0x65, 0x63, 0x6F, 0x6E, 0x64,
        0x00, 0x5A, 0xE8, 0x27, 0xB6, 0x57, 0x48, 0x4D, 0x61, 0x74, 0x65, 0x72, 0x69, 0x61, 0x6C, 0x41,
        0x74, 0x6C, 0x61, 0x73, 0x00, 0x33, 0x22, 0xBA, 0xB6, 0x55, 0x49, 0x4D, 0x69, 0x6E, 0x00, 0x6E,
        0x26, 0x65, 0xB7, 0x42, 0x6C, 0x65, 0x6E, 0x64, 0x4D, 0x61, 0x73, 0x6B, 0x54, 0x69, 0x6C, 0x69,
        0x6E, 0x67, 0x00, 0x7D, 0x8A, 0x1E, 0xB8, 0x47, 0x65, 0x74, 0x57, 0x65, 0x61, 0x70, 0x6F, 0x6E,
        0x50, 0x61, 0x72, 0x61, 0x6D, 0x73, 0x00, 0x70, 0xA1, 0x1A, 0xB9, 0x66, 0x72, 0x6F, 0x6D, 0x00,
        0x27, 0x77, 0x27, 0xB9, 0x49, 0x6C, 0x6C, 0x75, 0x6D, 0x48, 0x53, 0x00, 0x01, 0xE9, 0x42, 0xB9,
        0x57, 0x48, 0x44, 0x65, 0x74, 0x61, 0x69, 0x6C, 0x41, 0x74, 0x6C, 0x61, 0x73, 0x00, 0x99, 0x6D,
        0xEA, 0xB9, 0x6F, 0x75, 0x74, 0x00, 0x9A, 0x80, 0x5C, 0xBA, 0x31, 0x65, 0x00, 0x76, 0x5B, 0x5D,
        0xBB, 0x72, 0x65, 0x66, 0x6C, 0x65, 0x63, 0x74, 0x61, 0x6E, 0x63, 0x65, 0x00, 0x40, 0x85, 0xF9,
        0xBB, 0x45, 0x66, 0x66, 0x65, 0x63, 0x74, 0x4C, 0x61, 0x79, 0x65, 0x72, 0x50, 0x61, 0x73, 0x73,
        0x00, 0x6E, 0x9E, 0x41, 0xBC, 0x73, 0x75, 0x72, 0x66, 0x61, 0x63, 0x65, 0x00, 0x02, 0x6C, 0x48,
        0xBC, 0x6E, 0x6F, 0x72, 0x6D, 0x61, 0x6C, 0x73, 0x00, 0xD0, 0xF3, 0x1A, 0xBE, 0x45, 0x4E, 0x41,
        0x42, 0x4C, 0x45, 0x5F, 0x54, 0x45, 0x53, 0x53, 0x45, 0x4C, 0x4C, 0x41, 0x54, 0x49, 0x4F, 0x4E,
        0x00, 0x98, 0xE0, 0x83, 0xBE, 0x47, 0x65, 0x74, 0x44, 0x69, 0x72, 0x4F, 0x76, 0x65, 0x72, 0x6C,
        0x61, 0x79, 0x42, 0x6C, 0x65, 0x6E, 0x64, 0x46, 0x61, 0x63, 0x74, 0x6F, 0x72, 0x00, 0xBF, 0xC5,
        0x11, 0xBF, 0x62, 0x6C, 0x6F, 0x6F, 0x64, 0x00, 0x8E, 0xB6, 0x22, 0xBF, 0x73, 0x73, 0x4D, 0x61,
        0x74, 0x65, 0x72, 0x69, 0x61, 0x6C, 0x41, 0x6E, 0x69, 0x73, 0x6F, 0x48, 0x69, 0x67, 0x68, 0x00,
        0xB9, 0xD0, 0x2B, 0xBF, 0x30, 0x34, 0x00, 0x29, 0x39, 0xAA, 0xBF, 0x44, 0x65, 0x63, 0x61, 0x6C,
        0x53, 0x70, 0x65, 0x63, 0x75, 0x6C, 0x61, 0x72, 0x54, 0x65, 0x78, 0x00, 0x55, 0x64, 0xF9, 0xBF,
        0x50, 0x6F, 0x77, 0x00, 0x30, 0x59, 0x05, 0xC1, 0x42, 0x47, 0x53, 0x00, 0x0D, 0x6A, 0x40, 0xC1,
        0x41, 0x6E, 0x67, 0x6C, 0x65, 0x00, 0xC7, 0x81, 0x35, 0xC2, 0x42, 0x75, 0x6D, 0x70, 0x00, 0x25,
        0xC5, 0xFC, 0xC2, 0x53, 0x65, 0x6C, 0x66, 0x53, 0x68, 0x61, 0x64, 0x6F, 0x77, 0x53, 0x74, 0x72,
        0x65, 0x6E, 0x67, 0x74, 0x68, 0x00, 0x07, 0x38, 0xFD, 0xC4, 0x53, 0x6E, 0x64, 0x55, 0x56, 0x73,
        0x54, 0x69, 0x6C, 0x65, 0x56, 0x00, 0xDC, 0xD3, 0x9A, 0xC6, 0x46, 0x77, 0x64, 0x5F, 0x53, 0x70,
        0x6F, 0x74, 0x54, 0x65, 0x78, 0x41, 0x72, 0x72, 0x61, 0x79, 0x00, 0xAA, 0x31, 0x9C, 0xC6, 0x4F,
        0x62, 0x6D, 0x44, 0x69, 0x73, 0x70, 0x6C, 0x61, 0x63, 0x65, 0x6D, 0x65, 0x6E, 0x74, 0x00, 0xA6,
        0x85, 0xE2, 0xC6, 0x70, 0x69, 0x78, 0x6F, 0x75, 0x74, 0x00, 0x09, 0x45, 0x12, 0xC7, 0x43, 0x4D,
        0x5F, 0x43, 0x75, 0x73, 0x74, 0x6F, 0x6D, 0x54, 0x69, 0x6C, 0x69, 0x6E, 0x67, 0x4F, 0x66, 0x66,
        0x73, 0x65, 0x74, 0x57, 0x48, 0x00, 0x10, 0xAC, 0x1B, 0xC7, 0x46, 0x77, 0x64, 0x5F, 0x53, 0x74,
        0x61, 0x6E, 0x64, 0x61, 0x72, 0x64, 0x53, 0x68, 0x61, 0x64, 0x69, 0x6E, 0x67, 0x00, 0x2F, 0xE0,
        0x2C, 0xC8, 0x30, 0x35, 0x00, 0xDC, 0x5D, 0xD6, 0xC8, 0x57, 0x48, 0x53, 0x63, 0x72, 0x61, 0x74,
        0x63, 0x68, 0x00, 0xF6, 0x4A, 0x03, 0xC9, 0x55, 0x00, 0x0C, 0xF2, 0x29, 0xC9, 0x57, 0x48, 0x5F,
        0x48, 0x4C, 0x53, 0x4C, 0x5F, 0x43, 0x50, 0x50, 0x5F, 0x53, 0x68, 0x61, 0x72, 0x65, 0x64, 0x00,
        0x5C, 0x7C, 0xE3, 0xC9, 0x69, 0x73, 0x4F, 0x70, 0x61, 0x71, 0x75, 0x65, 0x00, 0xEC, 0xAA, 0x68,
        0xCA, 0x49, 0x6E, 0x00, 0x0F, 0x15, 0xEA, 0xCA, 0x42, 0x61, 0x63, 0x6B, 0x44, 0x69, 0x66, 0x66,
        0x75, 0x73, 0x65, 0x4D, 0x75, 0x6C, 0x74, 0x69, 0x70, 0x6C, 0x69, 0x65, 0x72, 0x00, 0xB3, 0x87,
        0x33, 0xCB, 0x53, 0x68, 0x61, 0x64, 0x65, 0x4C, 0x69, 0x62, 0x00, 0x20, 0xA9, 0xC6, 0xCC, 0x47,
        0x65, 0x6E, 0x65, 0x72, 0x61, 0x6C, 0x48, 0x53, 0x00, 0x4F, 0xA7, 0xD2, 0xCC, 0x41, 0x72, 0x65,
        0x61, 0x4C, 0x69, 0x67, 0x68, 0x74, 0x4C, 0x54, 0x43, 0x5F, 0x47, 0x47, 0x58, 0x00, 0x4B, 0xC3,
        0x52, 0xCE, 0x6E, 0x6F, 0x72, 0x6D, 0x61, 0x6C, 0x69, 0x7A, 0x65, 0x00, 0x7F, 0x00, 0x30, 0xCF,
        0x44, 0x65, 0x74, 0x61, 0x69, 0x6C, 0x46, 0x61, 0x64, 0x65, 0x6F, 0x75, 0x74, 0x44, 0x69, 0x73,
        0x74, 0x61, 0x6E, 0x63, 0x65, 0x00, 0xDE, 0x39, 0x3B, 0xCF, 0x76, 0x56, 0x69, 0x65, 0x77, 0x00,
        0x36, 0x24, 0x41, 0xCF, 0x30, 0x31, 0x00, 0x53, 0x71, 0x5E, 0xCF, 0x78, 0x79, 0x7A, 0x77, 0x00,
        0xA3, 0x09, 0x71, 0xCF, 0x61, 0x70, 0x70, 0x32, 0x76, 0x65, 0x72, 0x74, 0x47, 0x65, 0x6E, 0x65,
        0x72, 0x61, 0x6C, 0x00, 0x07, 0x10, 0xC7, 0xCF, 0x73, 0x6C, 0x69, 0x64, 0x65, 0x72, 0x00, 0x66,
        0xBD, 0x85, 0xD0, 0x44, 0x69, 0x73, 0x70, 0x6C, 0x61, 0x63, 0x65, 0x6D, 0x65, 0x6E, 0x74, 0x00,
        0x6A, 0x39, 0xE0, 0xD0, 0x61, 0x6C, 0x70, 0x68, 0x61, 0x00, 0xEE, 0xD9, 0x7B, 0xD2, 0x76, 0x6F,
        0x69, 0x64, 0x00, 0x73, 0xF3, 0xA2, 0xD2, 0x48, 0x65, 0x69, 0x67, 0x68, 0x74, 0x42, 0x69, 0x61,
        0x73, 0x00, 0x45, 0x7A, 0x03, 0xD3, 0x4F, 0x55, 0x54, 0x5F, 0x65, 0x78, 0x74, 0x00, 0x5B, 0xA8,
        0x6B, 0xD3, 0x35, 0x31, 0x32, 0x00, 0x51, 0xBD, 0x94, 0xD3, 0x47, 0x6C, 0x6F, 0x73, 0x73, 0x00,
        0x4D, 0x23, 0x1B, 0xD4, 0x64, 0x65, 0x63, 0x61, 0x6C, 0x00, 0x89, 0x4B, 0x0D, 0xD5, 0x43, 0x6F,
        0x6D, 0x6D, 0x6F, 0x6E, 0x56, 0x69, 0x65, 0x77, 0x73, 0x50, 0x61, 0x73, 0x73, 0x00, 0x72, 0x41,
        0x39, 0xD6, 0x57, 0x48, 0x4D, 0x61, 0x63, 0x72, 0x6F, 0x41, 0x74, 0x6C, 0x61, 0x73, 0x00, 0x64,
        0x0B, 0x9E, 0xD6, 0x41, 0x70, 0x70, 0x6C, 0x79, 0x44, 0x69, 0x72, 0x4F, 0x76, 0x65, 0x72, 0x6C,
        0x61, 0x79, 0x54, 0x6F, 0x41, 0x6C, 0x62, 0x65, 0x64, 0x6F, 0x00, 0x72, 0x10, 0xA4, 0xD6, 0x62,
        0x69, 0x6E, 0x6F, 0x72, 0x6D, 0x00, 0xD8, 0xE1, 0xB9, 0xD6, 0x73, 0x74, 0x72, 0x65, 0x6E, 0x67,
        0x74, 0x68, 0x00, 0x3A, 0x06, 0xBD, 0xD6, 0x54, 0x69, 0x6C, 0x65, 0x00, 0xB1, 0x26, 0x71, 0xD7,
        0x73, 0x6D, 0x6F, 0x6F, 0x74, 0x68, 0x6E, 0x65, 0x73, 0x73, 0x32, 0x54, 0x65, 0x78, 0x00, 0xC4,
        0xD2, 0x87, 0xD7, 0x74, 0x6F, 0x00, 0x1A, 0x61, 0x6B, 0xD8, 0x44, 0x65, 0x63, 0x61, 0x6C, 0x41,
        0x6C, 0x70, 0x68, 0x61, 0x4D, 0x75, 0x6C, 0x74, 0x00, 0x3D, 0xA3, 0x42, 0xD9, 0x42, 0x6C, 0x65,
        0x6E, 0x64, 0x46, 0x61, 0x63, 0x74, 0x6F, 0x72, 0x00, 0xB9, 0x60, 0x1C, 0xDA, 0x41, 0x70, 0x70,
        0x6C, 0x79, 0x44, 0x69, 0x72, 0x4F, 0x76, 0x65, 0x72, 0x6C, 0x61, 0x79, 0x54, 0x6F, 0x4E, 0x6F,
        0x72, 0x6D, 0x61, 0x6C, 0x00, 0xAA, 0x5C, 0xEA, 0xDA, 0x44, 0x65, 0x74, 0x61, 0x69, 0x6C, 0x32,
        0x42, 0x75, 0x6D, 0x70, 0x53, 0x63, 0x61, 0x6C, 0x65, 0x00, 0x5D, 0x96, 0x79, 0xDB, 0x53, 0x65,
        0x6C, 0x66, 0x00, 0xC9, 0x9D, 0x83, 0xDB, 0x4D, 0x61, 0x74, 0x65, 0x72, 0x69, 0x61, 0x6C, 0x41,
        0x74, 0x74, 0x72, 0x69, 0x62, 0x73, 0x43, 0x6F, 0x6D, 0x6D, 0x6F, 0x6E, 0x00, 0x99, 0xF3, 0xB7,
        0xDC, 0x44, 0x65, 0x74, 0x61, 0x69, 0x6C, 0x47, 0x6C, 0x6F, 0x73, 0x73, 0x53, 0x63, 0x61, 0x6C,
        0x65, 0x00, 0x2A, 0x4B, 0xC1, 0xDC, 0x76, 0x65, 0x72, 0x74, 0x50, 0x61, 0x73, 0x73, 0x50, 0x6F,
        0x73, 0x00, 0x2F, 0x19, 0x69, 0xDD, 0x25, 0x4F, 0x46, 0x46, 0x53, 0x45, 0x54, 0x5F, 0x42, 0x55,
        0x4D, 0x50, 0x5F, 0x4D, 0x41, 0x50, 0x50, 0x49, 0x4E, 0x47, 0x00, 0x66, 0xCD, 0xF6, 0xDD, 0x30,
        0x68, 0x00, 0x3C, 0x63, 0x59, 0xDE, 0x53, 0x65, 0x74, 0x00, 0x28, 0x63, 0x7D, 0xDE, 0x53, 0x69,
        0x6C, 0x50, 0x6F, 0x6D, 0x4E, 0x75, 0x6D, 0x53, 0x74, 0x65, 0x70, 0x73, 0x00, 0x9F, 0x26, 0xAE,
        0xDE, 0x44, 0x65, 0x62, 0x75, 0x67, 0x50, 0x61, 0x73, 0x73, 0x00, 0xFF, 0x25, 0x0F, 0xDF, 0x6D,
        0x61, 0x72, 0x62, 0x6C, 0x65, 0x00, 0x07, 0x18, 0x5A, 0xDF, 0x62, 0x65, 0x74, 0x77, 0x65, 0x65,
        0x6E, 0x00, 0x0E, 0x6C, 0x5D, 0xDF, 0x4D, 0x61, 0x73, 0x6B, 0x00, 0x87, 0x6D, 0x97, 0xDF, 0x74,
        0x72, 0x69, 0x61, 0x6E, 0x67, 0x6C, 0x65, 0x00, 0x02, 0x98, 0x4A, 0xE0, 0x52, 0x45, 0x47, 0x5F,
        0x50, 0x4D, 0x5F, 0x50, 0x41, 0x52, 0x41, 0x4D, 0x5F, 0x31, 0x33, 0x00, 0x98, 0xBC, 0x5F, 0xE0,
        0x76, 0x4E, 0x6F, 0x72, 0x6D, 0x61, 0x6C, 0x32, 0x00, 0x90, 0x98, 0x71, 0xE0, 0x52, 0x45, 0x47,
        0x5F, 0x50, 0x4D, 0x5F, 0x50, 0x41, 0x52, 0x41, 0x4D, 0x5F, 0x34, 0x00, 0xBE, 0x88, 0xAC, 0xE0,
        0x25, 0x54, 0x52, 0x41, 0x4E, 0x53, 0x4D, 0x49, 0x54, 0x54, 0x41, 0x4E, 0x43, 0x45, 0x00, 0xFA,
        0xC0, 0x82, 0xE1, 0x54, 0x4D, 0x5F, 0x4F, 0x70, 0x61, 0x63, 0x69, 0x74, 0x79, 0x00, 0x5E, 0xF7,
        0xEE, 0xE1, 0x73, 0x63, 0x72, 0x65, 0x65, 0x6E, 0x55, 0x56, 0x00, 0x35, 0x4C, 0x17, 0xE2, 0x4E,
        0x64, 0x6F, 0x74, 0x4C, 0x00, 0x67, 0x75, 0x40, 0xE2, 0x43, 0x6F, 0x6D, 0x6D, 0x6F, 0x6E, 0x00,
        0xDC, 0xE1, 0x1D, 0xE3, 0x43, 0x6F, 0x6D, 0x6D, 0x6F, 0x6E, 0x5A, 0x50, 0x72, 0x65, 0x50, 0x61,
        0x73, 0x73, 0x00, 0x02, 0x51, 0x8B, 0xE3, 0x53, 0x74, 0x65, 0x70, 0x00, 0x4F, 0xEE, 0xDB, 0xE3,
        0x76, 0x65, 0x72, 0x74, 0x65, 0x78, 0x43, 0x6F, 0x6C, 0x6F, 0x72, 0x00, 0xB8, 0x6A, 0xC1, 0xE4,
        0x47, 0x61, 0x74, 0x68, 0x65, 0x72, 0x4D, 0x61, 0x74, 0x65, 0x72, 0x69, 0x61, 0x6C, 0x41, 0x74,
        0x74, 0x72, 0x69, 0x62, 0x73, 0x00, 0x1A, 0x21, 0xDB, 0xE4, 0x6C, 0x61, 0x79, 0x65, 0x72, 0x00,
        0x15, 0x4E, 0x0B, 0xE5, 0x4C, 0x49, 0x47, 0x48, 0x54, 0x5F, 0x54, 0x59, 0x50, 0x45, 0x5F, 0x53,
        0x55, 0x4E, 0x00, 0x50, 0xED, 0x88, 0xE6, 0x6C, 0x61, 0x79, 0x65, 0x72, 0x73, 0x00, 0x89, 0x5C,
        0x1C, 0xE7, 0x52, 0x45, 0x47, 0x5F, 0x50, 0x4D, 0x5F, 0x50, 0x41, 0x52, 0x41, 0x4D, 0x5F, 0x30,
        0x00, 0x84, 0x49, 0x5D, 0xE7, 0x42, 0x6C, 0x65, 0x6E, 0x64, 0x69, 0x6E, 0x67, 0x00, 0x5E, 0xE5,
        0x2C, 0xE8, 0x74, 0x69, 0x6C, 0x6C, 0x69, 0x6E, 0x67, 0x00, 0x3F, 0x77, 0x71, 0xE9, 0x36, 0x34,
        0x00, 0x11, 0xE1, 0x76, 0xE9, 0x41, 0x70, 0x70, 0x6C, 0x79, 0x43, 0x6F, 0x6C, 0x6F, 0x72, 0x69,
        0x7A, 0x69, 0x6E, 0x67, 0x00, 0x92, 0xB8, 0xB2, 0xE9, 0x69, 0x6E, 0x74, 0x65, 0x6E, 0x73, 0x69,
        0x74, 0x79, 0x00, 0x9C, 0xEE, 0xC6, 0xE9, 0x47, 0x65, 0x74, 0x44, 0x65, 0x74, 0x61, 0x69, 0x6C,
        0x54, 0x65, 0x78, 0x00, 0xBB, 0xD4, 0xC7, 0xE9, 0x52, 0x45, 0x47, 0x5F, 0x50, 0x4D, 0x5F, 0x50,
        0x41, 0x52, 0x41, 0x4D, 0x5F, 0x38, 0x00, 0x05, 0xA1, 0xD0, 0xE9, 0x4D, 0x61, 0x74, 0x44, 0x69,
        0x66, 0x43, 0x6F, 0x6C, 0x6F, 0x72, 0x00, 0x9E, 0x42, 0x67, 0xEA, 0x46, 0x61, 0x64, 0x65, 0x00,
        0x36, 0xE9, 0x94, 0xEA, 0x46, 0x61, 0x63, 0x74, 0x6F, 0x72, 0x00, 0x1B, 0x4D, 0xB4, 0xEA, 0x57,
        0x48, 0x43, 0x6F, 0x6C, 0x6F, 0x72, 0x69, 0x7A, 0x69, 0x6E, 0x67, 0x00, 0x67, 0xBA, 0x8E, 0xEB,
        0x78, 0x79, 0x7A, 0x00, 0x15, 0xE7, 0x94, 0xEB, 0x42, 0x6C, 0x6F, 0x6F, 0x64, 0x47, 0x72, 0x69,
        0x6D, 0x65, 0x53, 0x63, 0x72, 0x61, 0x74, 0x63, 0x68, 0x54, 0x65, 0x78, 0x74, 0x75, 0x72, 0x65,
        0x00, 0x8B, 0xAA, 0xC7, 0xEB, 0x4D, 0x75, 0x6C, 0x74, 0x69, 0x70, 0x6C, 0x69, 0x65, 0x72, 0x00,
        0x84, 0x25, 0x46, 0xEC, 0x73, 0x63, 0x61, 0x6C, 0x65, 0x00, 0x45, 0x99, 0x71, 0xEC, 0x50, 0x4F,
        0x4D, 0x00, 0xA6, 0x43, 0x8E, 0xEC, 0x47, 0x65, 0x74, 0x57, 0x6F, 0x72, 0x6C, 0x64, 0x56, 0x69,
        0x65, 0x77, 0x50, 0x6F, 0x73, 0x00, 0xD2, 0x13, 0x3C, 0xED, 0x25, 0x44, 0x45, 0x43, 0x41, 0x4C,
        0x5F, 0x4D, 0x41, 0x50, 0x00, 0xB8, 0xF8, 0x58, 0xED, 0x54, 0x4D, 0x5F, 0x43, 0x75, 0x73, 0x74,
        0x6F, 0x6D, 0x00, 0x2C, 0x0B, 0x91, 0xED, 0x54, 0x4D, 0x5F, 0x48, 0x65, 0x69, 0x67, 0x68, 0x74,
        0x00, 0x28, 0x67, 0xF3, 0xED, 0x76, 0x4E, 0x6F, 0x72, 0x6D, 0x61, 0x6C, 0x54, 0x53, 0x00, 0xF8,
        0x09, 0x75, 0xEF, 0x66, 0x6F, 0x72, 0x00, 0x11, 0x22, 0x85, 0xF0, 0x73, 0x63, 0x61, 0x74, 0x74,
        0x65, 0x72, 0x69, 0x6E, 0x67, 0x00, 0x24, 0x8A, 0x06, 0xF1, 0x49, 0x4E, 0x00, 0xBC, 0xCA, 0x20,
        0xF1, 0x64, 0x69, 0x66, 0x66, 0x75, 0x73, 0x65, 0x54, 0x65, 0x78, 0x00, 0x22, 0x47, 0x4F, 0xF2,
        0x53, 0x53, 0x53, 0x00, 0x4D, 0xB4, 0xD5, 0xF2, 0x42, 0x6C, 0x65, 0x6E, 0x64, 0x4C, 0x61, 0x79,
        0x65, 0x72, 0x32, 0x53, 0x70, 0x65, 0x63, 0x75, 0x6C, 0x61, 0x72, 0x00, 0x39, 0xE0, 0xE1, 0xF2,
        0x48, 0x65, 0x69, 0x67, 0x68, 0x74, 0x00, 0xC4, 0xA9, 0xF6, 0xF2, 0x76, 0x69, 0x73, 0x62, 0x69,
        0x6C, 0x69, 0x74, 0x79, 0x00, 0x59, 0x22, 0xFF, 0xF2, 0x73, 0x70, 0x65, 0x63, 0x75, 0x6C, 0x61,
        0x72, 0x00, 0x37, 0xF2, 0x72, 0xF3, 0x49, 0x6C, 0x6C, 0x75, 0x6D, 0x56, 0x61, 0x6C, 0x69, 0x64,
        0x61, 0x74, 0x69, 0x6F, 0x6E, 0x73, 0x00, 0x4F, 0x86, 0xB1, 0xF3, 0x67, 0x65, 0x6F, 0x6D, 0x32,
        0x46, 0x72, 0x61, 0x67, 0x47, 0x65, 0x6E, 0x65, 0x72, 0x61, 0x6C, 0x00, 0xDA, 0xFC, 0x0B, 0xF4,
        0x67, 0x6C, 0x6F, 0x73, 0x73, 0x4C, 0x61, 0x79, 0x65, 0x72, 0x32, 0x00, 0xD7, 0x2C, 0x38, 0xF4,
        0x62, 0x45, 0x6D, 0x69, 0x73, 0x73, 0x69, 0x76, 0x65, 0x00, 0x24, 0x0B, 0x9F, 0xF4, 0x44, 0x69,
        0x72, 0x74, 0x4D, 0x61, 0x70, 0x41, 0x6C, 0x70, 0x68, 0x61, 0x49, 0x6E, 0x66, 0x6C, 0x75, 0x65,
        0x6E, 0x63, 0x65, 0x00, 0x94, 0x15, 0xB9, 0xF5, 0x61, 0x70, 0x70, 0x6C, 0x79, 0x53, 0x75, 0x6E,
        0x53, 0x68, 0x61, 0x64, 0x6F, 0x77, 0x73, 0x00, 0xA1, 0x36, 0x23, 0xF7, 0x73, 0x75, 0x62, 0x73,
        0x75, 0x72, 0x66, 0x61, 0x63, 0x65, 0x00, 0x6A, 0x24, 0xC0, 0xF7, 0x73, 0x69, 0x7A, 0x65, 0x00,
        0xB0, 0x13, 0x1F, 0xF9, 0x47, 0x65, 0x74, 0x5F, 0x4D, 0x61, 0x74, 0x65, 0x72, 0x69, 0x61, 0x6C,
        0x41, 0x6C, 0x70, 0x68, 0x61, 0x54, 0x65, 0x73, 0x74, 0x00, 0x71, 0x84, 0x87, 0xFB, 0x5A, 0x50,
        0x61, 0x73, 0x73, 0x00, 0x40, 0x34, 0x70, 0xFC, 0x54, 0x4D, 0x5F, 0x43, 0x75, 0x73, 0x74, 0x6F,
        0x6D, 0x53, 0x65, 0x63, 0x6F, 0x6E, 0x64, 0x61, 0x72, 0x79, 0x00, 0x20, 0xA3, 0xB0, 0xFC, 0x25,
        0x53, 0x49, 0x4C, 0x48, 0x4F, 0x55, 0x45, 0x54, 0x54, 0x45, 0x5F, 0x50, 0x41, 0x52, 0x41, 0x4C,
        0x4C, 0x41, 0x58, 0x5F, 0x4F, 0x43, 0x43, 0x4C, 0x55, 0x53, 0x49, 0x4F, 0x4E, 0x5F, 0x4D, 0x41,
        0x50, 0x50, 0x49, 0x4E, 0x47, 0x00, 0x03, 0x8A, 0xAF, 0xFD, 0x73, 0x70, 0x65, 0x63, 0x75, 0x6C,
        0x61, 0x72, 0x41, 0x63, 0x63, 0x00, 0x7E, 0xFF, 0x74, 0xFE, 0x54, 0x72, 0x69, 0x61, 0x6E, 0x67,
        0x6C, 0x65, 0x53, 0x74, 0x72, 0x65, 0x61, 0x6D, 0x00, 0x37, 0x58, 0x80, 0xFE, 0x64, 0x69, 0x72,
        0x74, 0x4D, 0x61, 0x70, 0x00, 0x02, 0x06, 0x94, 0xFE, 0x54, 0x4D, 0x5F, 0x45, 0x6D, 0x69, 0x74,
        0x74, 0x61, 0x6E, 0x63, 0x65, 0x00, 0x8E, 0xAB, 0xFD, 0xFE, 0x76, 0x69, 0x65, 0x77, 0x00, 0x9B,
        0xBE, 0x5E, 0xFF, 0x25, 0x56, 0x45, 0x52, 0x54, 0x43, 0x4F, 0x4C, 0x4F, 0x52, 0x53, 0x00,
    };
    // clang-format on

    inline constexpr Blob k_blobs[] = {
        {"tpvcamera_eye_ab29c8ee.cfxb", k_blob0, sizeof(k_blob0)},
        {"tpvcamera_hair_72074c2c.cfxb", k_blob1, sizeof(k_blob1)},
        {"tpvcamera_illumfade_6e839baa.cfxb", k_blob2, sizeof(k_blob2)},
    };
} // namespace TPVCamera::shader_twin_blobs

#endif // TPVCAMERA_GENERATED_SHADER_TWIN_BLOBS_HPP
